id,timestamp,price,market_cap,total_volume,ath,atl,open,high,low,close
bitcoin,2025-07-29,118003.30201607826,2349472897426.4688,43433742203.62158,126080.0,67.81,118003.30201607826,118003.30201607826,118003.30201607826,118003.30201607826
bitcoin,2025-07-30,117853.30892863822,2345126504020.1143,42860287143.68828,126080.0,67.81,117853.30892863822,117853.30892863822,117853.30892863822,117853.30892863822
bitcoin,2025-07-31,117833.24087995925,2343717963709.7124,43054424656.58649,126080.0,67.81,117833.24087995925,117833.24087995925,117833.24087995925,117833.24087995925
bitcoin,2025-08-01,115700.00243915782,2302199162425.1206,45238249453.35885,126080.0,67.81,115700.00243915782,115700.00243915782,115700.00243915782,115700.00243915782
bitcoin,2025-08-02,113234.6051343189,2253609880959.403,65794680822.25255,126080.0,67.81,113234.6051343189,113234.6051343189,113234.6051343189,113234.6051343189
bitcoin,2025-08-03,112554.90232221723,2240413983638.112,33543439044.09785,126080.0,67.81,112554.90232221723,112554.90232221723,112554.90232221723,112554.90232221723
bitcoin,2025-08-04,114199.10966460757,2272802075267.0376,24689273719.085533,126080.0,67.81,114199.10966460757,114199.10966460757,114199.10966460757,114199.10966460757
bitcoin,2025-08-05,115138.68613070177,2292395156144.1514,32488023582.82734,126080.0,67.81,115138.68613070177,115138.68613070177,115138.68613070177,115138.68613070177
bitcoin,2025-08-06,114128.35408881678,2271583255077.356,37316213251.97167,126080.0,67.81,114128.35408881678,114128.35408881678,114128.35408881678,114128.35408881678
bitcoin,2025-08-07,115022.09576830892,2289295036528.6577,32052509631.058872,126080.0,67.81,115022.09576830892,115022.09576830892,115022.09576830892,115022.09576830892
bitcoin,2025-08-08,117463.47451085235,2337732858703.5435,38289687095.00489,126080.0,67.81,117463.47451085235,117463.47451085235,117463.47451085235,117463.47451085235
bitcoin,2025-08-09,116688.36663186055,2323026541073.3213,33017415812.97353,126080.0,67.81,116688.36663186055,116688.36663186055,116688.36663186055,116688.36663186055
bitcoin,2025-08-10,116510.08393213755,2318815857401.68,27638785406.21056,126080.0,67.81,116510.08393213755,116510.08393213755,116510.08393213755,116510.08393213755
bitcoin,2025-08-11,119266.92516880555,2374097296837.8896,37157754754.85189,126080.0,67.81,119266.92516880555,119266.92516880555,119266.92516880555,119266.92516880555
bitcoin,2025-08-12,118773.79960860992,2364060561672.9995,61739781527.95854,126080.0,67.81,118773.79960860992,118773.79960860992,118773.79960860992,118773.79960860992
bitcoin,2025-08-13,120202.53485503166,2392854421745.6157,46941089789.57991,126080.0,67.81,120202.53485503166,120202.53485503166,120202.53485503166,120202.53485503166
bitcoin,2025-08-14,123560.99363577305,2458895200752.567,61818118105.53991,126080.0,67.81,123560.99363577305,123560.99363577305,123560.99363577305,123560.99363577305
bitcoin,2025-08-15,118405.59579823953,2360043737045.272,73822008367.99681,126080.0,67.81,118405.59579823953,118405.59579823953,118405.59579823953,118405.59579823953
bitcoin,2025-08-16,117339.79190213277,2335290383260.173,44268714220.021,126080.0,67.81,117339.79190213277,117339.79190213277,117339.79190213277,117339.79190213277
bitcoin,2025-08-17,117501.21653394958,2339465736068.208,23202714236.542347,126080.0,67.81,117501.21653394958,117501.21653394958,117501.21653394958,117501.21653394958
bitcoin,2025-08-18,117542.83687778088,2340648324181.828,20906566026.645443,126080.0,67.81,117542.83687778088,117542.83687778088,117542.83687778088,117542.83687778088
bitcoin,2025-08-19,116256.41276740946,2313556987528.4634,47337926940.98573,126080.0,67.81,116256.41276740946,116256.41276740946,116256.41276740946,116256.41276740946
bitcoin,2025-08-20,112778.34483555844,2245419916215.7417,46156885037.403885,126080.0,67.81,112778.34483555844,112778.34483555844,112778.34483555844,112778.34483555844
bitcoin,2025-08-21,114252.39755195397,2274471285844.184,42166369117.006935,126080.0,67.81,114252.39755195397,114252.39755195397,114252.39755195397,114252.39755195397
bitcoin,2025-08-22,112414.39987336512,2238121481749.57,32048202090.65466,126080.0,67.81,112414.39987336512,112414.39987336512,112414.39987336512,112414.39987336512
bitcoin,2025-08-23,116834.24948202295,2326174803320.612,50878158870.82928,126080.0,67.81,116834.24948202295,116834.24948202295,116834.24948202295,116834.24948202295
bitcoin,2025-08-24,115359.98346714744,2296786080139.701,27306719885.257973,126080.0,67.81,115359.98346714744,115359.98346714744,115359.98346714744,115359.98346714744
bitcoin,2025-08-25,113399.54847314971,2259663171125.389,40682656776.69001,126080.0,67.81,113399.54847314971,113399.54847314971,113399.54847314971,113399.54847314971
bitcoin,2025-08-26,110185.35443900425,2194453712375.598,52854872363.936554,126080.0,67.81,110185.35443900425,110185.35443900425,110185.35443900425,110185.35443900425
bitcoin,2025-08-27,111842.70999260596,2227025695775.593,43023800053.0546,126080.0,67.81,111842.70999260596,111842.70999260596,111842.70999260596,111842.70999260596
bitcoin,2025-08-28,111216.08479629169,2215255294289.9937,36957904262.995804,126080.0,67.81,111216.08479629169,111216.08479629169,111216.08479629169,111216.08479629169
bitcoin,2025-08-29,112525.59740669793,2239422945686.892,34222495087.206894,126080.0,67.81,112525.59740669793,112525.59740669793,112525.59740669793,112525.59740669793
bitcoin,2025-08-30,108480.30666639366,2160278651486.2852,51702115726.38959,126080.0,67.81,108480.30666639366,108480.30666639366,108480.30666639366,108480.30666639366
bitcoin,2025-08-31,108781.95727925687,2166165747945.1812,27799981330.792213,126080.0,67.81,108781.95727925687,108781.95727925687,108781.95727925687,108781.95727925687
bitcoin,2025-09-01,108253.36092385623,2155694976689.5986,26140904019.246822,126080.0,67.81,108253.36092385623,108253.36092385623,108253.36092385623,108253.36092385623
bitcoin,2025-09-02,109162.68557992298,2174100506466.4321,42999610648.39302,126080.0,67.81,109162.68557992298,109162.68557992298,109162.68557992298,109162.68557992298
bitcoin,2025-09-03,111190.18209845416,2212595221503.454,50235464642.845955,126080.0,67.81,111190.18209845416,111190.18209845416,111190.18209845416,111190.18209845416
bitcoin,2025-09-04,111711.51977725117,2225365905592.233,36406080683.42747,126080.0,67.81,111711.51977725117,111711.51977725117,111711.51977725117,111711.51977725117
bitcoin,2025-09-05,110724.736377486,2204051936301.3257,38708366685.43147,126080.0,67.81,110724.736377486,110724.736377486,110724.736377486,110724.736377486
bitcoin,2025-09-06,110662.18112628513,2204045604630.5625,56020470627.40665,126080.0,67.81,110662.18112628513,110662.18112628513,110662.18112628513,110662.18112628513
bitcoin,2025-09-07,110209.1888247784,2195288669199.568,19340758702.076332,126080.0,67.81,110209.1888247784,110209.1888247784,110209.1888247784,110209.1888247784
bitcoin,2025-09-08,111131.9923868407,2213764479139.3647,22147049159.335133,126080.0,67.81,111131.9923868407,111131.9923868407,111131.9923868407,111131.9923868407
bitcoin,2025-09-09,112025.12878118771,2231763512226.867,37159847899.8603,126080.0,67.81,112025.12878118771,112025.12878118771,112025.12878118771,112025.12878118771
bitcoin,2025-09-10,111547.43956434788,2222026777598.0474,45338021458.38368,126080.0,67.81,111547.43956434788,111547.43956434788,111547.43956434788,111547.43956434788
bitcoin,2025-09-11,113975.32489468766,2270241314652.7144,52205187155.05567,126080.0,67.81,113975.32489468766,113975.32489468766,113975.32489468766,113975.32489468766
bitcoin,2025-09-12,115503.16663193036,2299764311655.674,43752917632.95067,126080.0,67.81,115503.16663193036,115503.16663193036,115503.16663193036,115503.16663193036
bitcoin,2025-09-13,116160.14344594491,2314347371939.946,51192951485.864395,126080.0,67.81,116160.14344594491,116160.14344594491,116160.14344594491,116160.14344594491
bitcoin,2025-09-14,115970.58488443034,2310166037871.29,30063858747.76022,126080.0,67.81,115970.58488443034,115970.58488443034,115970.58488443034,115970.58488443034
bitcoin,2025-09-15,115373.55555886829,2297459118244.424,26889399414.610912,126080.0,67.81,115373.55555886829,115373.55555886829,115373.55555886829,115373.55555886829
bitcoin,2025-09-16,115397.25272727509,2297977599504.5527,46947581231.08198,126080.0,67.81,115397.25272727509,115397.25272727509,115397.25272727509,115397.25272727509
bitcoin,2025-09-17,116762.8496864193,2325326932460.9644,39964451595.099724,126080.0,67.81,116762.8496864193,116762.8496864193,116762.8496864193,116762.8496864193
bitcoin,2025-09-18,116455.94648225319,2321583680138.891,54740952295.37868,126080.0,67.81,116455.94648225319,116455.94648225319,116455.94648225319,116455.94648225319
bitcoin,2025-09-19,117145.49508952006,2333705338232.097,43642467075.25838,126080.0,67.81,117145.49508952006,117145.49508952006,117145.49508952006,117145.49508952006
bitcoin,2025-09-20,115655.81046441344,2303469041668.8,34296721252.33001,126080.0,67.81,115655.81046441344,115655.81046441344,115655.81046441344,115655.81046441344
bitcoin,2025-09-21,115715.51536781774,2305371926506.302,18774953731.290394,126080.0,67.81,115715.51536781774,115715.51536781774,115715.51536781774,115715.51536781774
bitcoin,2025-09-22,115304.47999407038,2297332085237.645,18659113982.495464,126080.0,67.81,115304.47999407038,115304.47999407038,115304.47999407038,115304.47999407038
bitcoin,2025-09-23,112696.74101711863,2245929069310.8535,69152342029.46799,126080.0,67.81,112696.74101711863,112696.74101711863,112696.74101711863,112696.74101711863
bitcoin,2025-09-24,112022.16587861195,2232693472656.6514,46154878824.043465,126080.0,67.81,112022.16587861195,112022.16587861195,112022.16587861195,112022.16587861195
bitcoin,2025-09-25,113320.56908541008,2257741194218.8286,46677543220.334526,126080.0,67.81,113320.56908541008,113320.56908541008,113320.56908541008,113320.56908541008
bitcoin,2025-09-26,108963.53013595635,2171950311711.4429,74481796351.47305,126080.0,67.81,108963.53013595635,108963.53013595635,108963.53013595635,108963.53013595635
bitcoin,2025-09-27,109710.20874667744,2185866776171.5464,55257214020.568245,126080.0,67.81,109710.20874667744,109710.20874667744,109710.20874667744,109710.20874667744
bitcoin,2025-09-28,109654.81021075726,2185203231301.0562,23294896964.31016,126080.0,67.81,109654.81021075726,109654.81021075726,109654.81021075726,109654.81021075726
bitcoin,2025-09-29,112142.57362752674,2235798877396.134,31274654338.51212,126080.0,67.81,112142.57362752674,112142.57362752674,112142.57362752674,112142.57362752674
bitcoin,2025-09-30,114309.15041119447,2278362523594.3135,57833295882.65785,126080.0,67.81,114309.15041119447,114309.15041119447,114309.15041119447,114309.15041119447
bitcoin,2025-10-01,114024.22783550054,2272137555069.4507,57718901820.70616,126080.0,67.81,114024.22783550054,114024.22783550054,114024.22783550054,114024.22783550054
bitcoin,2025-10-02,118503.24451752483,2359569556068.08,69920179085.4708,126080.0,67.81,118503.24451752483,118503.24451752483,118503.24451752483,118503.24451752483
bitcoin,2025-10-03,120611.71911591051,2399524207991.5527,71252850672.75252,126080.0,67.81,120611.71911591051,120611.71911591051,120611.71911591051,120611.71911591051
bitcoin,2025-10-04,122250.15186842803,2436956902844.7153,83155430408.51796,126080.0,67.81,122250.15186842803,122250.15186842803,122250.15186842803,122250.15186842803
bitcoin,2025-10-05,122380.93708463266,2438832157552.7866,35161626561.80918,126080.0,67.81,122380.93708463266,122380.93708463266,122380.93708463266,122380.93708463266
bitcoin,2025-10-06,123506.18520027678,2461221856764.1885,72011486031.26575,126080.0,67.81,123506.18520027678,123506.18520027678,123506.18520027678,123506.18520027678
bitcoin,2025-10-07,124773.50823074432,2486073086655.2866,69605991064.72382,126080.0,67.81,124773.50823074432,124773.50823074432,124773.50823074432,124773.50823074432
bitcoin,2025-10-08,121518.75593575071,2421938444026.2783,76087884719.80028,126080.0,67.81,121518.75593575071,121518.75593575071,121518.75593575071,121518.75593575071
bitcoin,2025-10-09,123352.50487523204,2459003621170.118,62576032795.36722,126080.0,67.81,123352.50487523204,123352.50487523204,123352.50487523204,123352.50487523204
bitcoin,2025-10-10,121698.03066778315,2423288659157.484,72097306668.91356,126080.0,67.81,121698.03066778315,121698.03066778315,121698.03066778315,121698.03066778315
bitcoin,2025-10-11,113201.74064138904,2265659827789.9917,151002213089.8765,126080.0,67.81,113201.74064138904,113201.74064138904,113201.74064138904,113201.74064138904
bitcoin,2025-10-12,110853.11663883903,2211404015103.109,108643865752.17674,126080.0,67.81,110853.11663883903,110853.11663883903,110853.11663883903,110853.11663883903
bitcoin,2025-10-13,115189.5714637257,2294724465036.9785,93857100744.12454,126080.0,67.81,115189.5714637257,115189.5714637257,115189.5714637257,115189.5714637257
bitcoin,2025-10-14,115222.28302116522,2296863527017.9863,68935270367.04033,126080.0,67.81,115222.28302116522,115222.28302116522,115222.28302116522,115222.28302116522
bitcoin,2025-10-15,113156.56943826913,2257545230986.0146,91211854988.91518,126080.0,67.81,113156.56943826913,113156.56943826913,113156.56943826913,113156.56943826913
bitcoin,2025-10-16,110708.66960879423,2207742082237.0483,68877328886.40259,126080.0,67.81,110708.66960879423,110708.66960879423,110708.66960879423,110708.66960879423
bitcoin,2025-10-17,108076.72862033188,2154964541836.455,84773160808.27399,126080.0,67.81,108076.72862033188,108076.72862033188,108076.72862033188,108076.72862033188
bitcoin,2025-10-18,106443.61194984635,2123017949517.1426,94325236794.78163,126080.0,67.81,106443.61194984635,106443.61194984635,106443.61194984635,106443.61194984635
bitcoin,2025-10-19,107156.00337647724,2135575517405.9185,34412835719.61292,126080.0,67.81,107156.00337647724,107156.00337647724,107156.00337647724,107156.00337647724
bitcoin,2025-10-20,108621.134857428,2165367850075.0042,45373692612.394394,126080.0,67.81,108621.134857428,108621.134857428,108621.134857428,108621.134857428
bitcoin,2025-10-21,110608.5714932665,2205571381112.93,60452111148.140076,126080.0,67.81,110608.5714932665,110608.5714932665,110608.5714932665,110608.5714932665
bitcoin,2025-10-22,108486.10262716639,2162410619417.9114,105841401713.00197,126080.0,67.81,108486.10262716639,108486.10262716639,108486.10262716639,108486.10262716639
bitcoin,2025-10-23,107618.4266715404,2145773248654.6448,83996418125.93103,126080.0,67.81,107618.4266715404,107618.4266715404,107618.4266715404,107618.4266715404
bitcoin,2025-10-24,110048.51827291629,2193901841033.9053,56192643013.57058,126080.0,67.81,110048.51827291629,110048.51827291629,110048.51827291629,110048.51827291629
bitcoin,2025-10-25,110997.80437129698,2213306367536.756,49120903424.344864,126080.0,67.81,110997.80437129698,110997.80437129698,110997.80437129698,110997.80437129698
bitcoin,2025-10-26,111620.3093731354,2224861052775.0015,23214874411.212166,126080.0,67.81,111620.3093731354,111620.3093731354,111620.3093731354,111620.3093731354
bitcoin,2025-10-27,114476.01227508577,2283691326423.212,42483268634.18711,126080.0,67.81,114476.01227508577,114476.01227508577,114476.01227508577,114476.01227508577
bitcoin,2025-10-28,114182.79442806762,2276235094681.6714,63764801510.65889,126080.0,67.81,114182.79442806762,114182.79442806762,114182.79442806762,114182.79442806762
bitcoin,2025-10-29,112950.34863259472,2254003248725.4917,66299512352.17796,126080.0,67.81,112950.34863259472,112950.34863259472,112950.34863259472,112950.34863259472
bitcoin,2025-10-30,110046.66925837283,2194746293754.542,64235327509.05742,126080.0,67.81,110046.66925837283,110046.66925837283,110046.66925837283,110046.66925837283
bitcoin,2025-10-31,108240.76528725718,2157803742876.0747,72648897659.94229,126080.0,67.81,108240.76528725718,108240.76528725718,108240.76528725718,108240.76528725718
bitcoin,2025-11-01,109573.90555629115,2185193896779.3408,58800487940.5146,126080.0,67.81,109573.90555629115,109573.90555629115,109573.90555629115,109573.90555629115
bitcoin,2025-11-02,110014.13556776087,2194075979770.0623,24938475577.849922,126080.0,67.81,110014.13556776087,110014.13556776087,110014.13556776087,110014.13556776087
bitcoin,2025-11-03,110650.2092823146,2201849942058.28,35098774843.7742,126080.0,67.81,110650.2092823146,110650.2092823146,110650.2092823146,110650.2092823146
bitcoin,2025-11-04,106521.08673825761,2123664079961.7026,75068433317.86293,126080.0,67.81,106521.08673825761,106521.08673825761,106521.08673825761,106521.08673825761
bitcoin,2025-11-05,101635.2740227234,2026091188341.184,108965721650.60309,126080.0,67.81,101635.2740227234,101635.2740227234,101635.2740227234,101635.2740227234
bitcoin,2025-11-06,103877.95965955159,2073000557933.8025,77083907216.62631,126080.0,67.81,103877.95965955159,103877.95965955159,103877.95965955159,103877.95965955159
bitcoin,2025-11-07,101322.6402945857,2019147576692.263,64118217249.57436,126080.0,67.81,101322.6402945857,101322.6402945857,101322.6402945857,101322.6402945857
bitcoin,2025-11-08,103396.084215925,2063021740892.1375,93627003785.31018,126080.0,67.81,103396.084215925,103396.084215925,103396.084215925,103396.084215925
bitcoin,2025-11-09,102290.13714655167,2039995976869.1492,51095924202.31797,126080.0,67.81,102290.13714655167,102290.13714655167,102290.13714655167,102290.13714655167
bitcoin,2025-11-10,104709.67861656273,2086419359800.0503,59952468437.71812,126080.0,67.81,104709.67861656273,104709.67861656273,104709.67861656273,104709.67861656273
bitcoin,2025-11-11,105909.07272321742,2112747067951.9028,67546556819.52642,126080.0,67.81,105909.07272321742,105909.07272321742,105909.07272321742,105909.07272321742
bitcoin,2025-11-12,102960.77564500563,2053215927640.825,71008299178.73956,126080.0,67.81,102960.77564500563,102960.77564500563,102960.77564500563,102960.77564500563
bitcoin,2025-11-13,101521.70859453593,2025837265459.7573,63332414142.58827,126080.0,67.81,101521.70859453593,101521.70859453593,101521.70859453593,101521.70859453593
bitcoin,2025-11-14,99730.4533956204,1996168972711.9963,100463341916.4732,126080.0,67.81,99730.4533956204,99730.4533956204,99730.4533956204,99730.4533956204
bitcoin,2025-11-15,94456.39368235337,1891799949910.1116,113198323665.38873,126080.0,67.81,94456.39368235337,94456.39368235337,94456.39368235337,94456.39368235337
bitcoin,2025-11-16,95508.31019889197,1905234340631.9912,39062120798.23745,126080.0,67.81,95508.31019889197,95508.31019889197,95508.31019889197,95508.31019889197
bitcoin,2025-11-17,94411.32947182967,1883240679702.7427,72645149972.7847,126080.0,67.81,94411.32947182967,94411.32947182967,94411.32947182967,94411.32947182967
bitcoin,2025-11-18,92036.7255045672,1835458818945.8962,95794596045.06412,126080.0,67.81,92036.7255045672,92036.7255045672,92036.7255045672,92036.7255045672
bitcoin,2025-11-19,92819.75921500899,1851234710246.605,103837258806.01602,126080.0,67.81,92819.75921500899,92819.75921500899,92819.75921500899,92819.75921500899
bitcoin,2025-11-20,91363.27838693369,1820062799702.324,82897875507.45229,126080.0,67.81,91363.27838693369,91363.27838693369,91363.27838693369,91363.27838693369
bitcoin,2025-11-21,86649.97257918229,1731258563683.1287,99171039191.1295,126080.0,67.81,86649.97257918229,86649.97257918229,86649.97257918229,86649.97257918229
bitcoin,2025-11-22,85051.8019295002,1697723941246.0479,135093457122.46469,126080.0,67.81,85051.8019295002,85051.8019295002,85051.8019295002,85051.8019295002
bitcoin,2025-11-23,84682.62429147748,1690556523055.809,42644968955.2184,126080.0,67.81,84682.62429147748,84682.62429147748,84682.62429147748,84682.62429147748
bitcoin,2025-11-24,86783.84766839583,1732233225777.4016,60446592409.29218,126080.0,67.81,86783.84766839583,86783.84766839583,86783.84766839583,86783.84766839583
bitcoin,2025-11-25,88229.35740719768,1761564072532.238,77606296173.43544,126080.0,67.81,88229.35740719768,88229.35740719768,88229.35740719768,88229.35740719768
bitcoin,2025-11-26,87310.33159950442,1742162762885.542,67956444142.18749,126080.0,67.81,87310.33159950442,87310.33159950442,87310.33159950442,87310.33159950442
bitcoin,2025-11-27,90474.22677969698,1806439309544.997,69690430587.90018,126080.0,67.81,90474.22677969698,90474.22677969698,90474.22677969698,90474.22677969698
bitcoin,2025-11-28,91279.06057176423,1821778517479.9226,59295194347.668594,126080.0,67.81,91279.06057176423,91279.06057176423,91279.06057176423,91279.06057176423
bitcoin,2025-11-29,90950.37695910994,1814919896425.4082,62833195066.53989,126080.0,67.81,90950.37695910994,90950.37695910994,90950.37695910994,90950.37695910994
bitcoin,2025-11-30,90841.45258193677,1812771321410.9438,39253888201.69327,126080.0,67.81,90841.45258193677,90841.45258193677,90841.45258193677,90841.45258193677
bitcoin,2025-12-01,90406.28448571145,1807818977105.3909,40334819409.843475,126080.0,67.81,90406.28448571145,90406.28448571145,90406.28448571145,90406.28448571145
bitcoin,2025-12-02,86281.49519776918,1723547230444.7913,92988982967.24597,126080.0,67.81,86281.49519776918,86281.49519776918,86281.49519776918,86281.49519776918
bitcoin,2025-12-03,91344.73275150165,1824843161126.1372,83138039128.81346,126080.0,67.81,91344.73275150165,91344.73275150165,91344.73275150165,91344.73275150165
bitcoin,2025-12-04,93619.43750817103,1868050658597.6572,81429135004.88295,126080.0,67.81,93619.43750817103,93619.43750817103,93619.43750817103,93619.43750817103
bitcoin,2025-12-05,92140.70419795791,1839369557445.9072,67878296355.02588,126080.0,67.81,92140.70419795791,92140.70419795791,92140.70419795791,92140.70419795791
bitcoin,2025-12-06,89307.09154512963,1782798987370.1692,50193142876.74388,126080.0,67.81,89307.09154512963,89307.09154512963,89307.09154512963,89307.09154512963
bitcoin,2025-12-07,89244.7620814118,1781194798199.8435,24818678152.49986,126080.0,67.81,89244.7620814118,89244.7620814118,89244.7620814118,89244.7620814118
bitcoin,2025-12-08,90162.90714007126,1799656690088.5503,33912893266.90874,126080.0,67.81,90162.90714007126,90162.90714007126,90162.90714007126,90162.90714007126
bitcoin,2025-12-09,90618.0535204608,1808394676576.639,45466493941.40448,126080.0,67.81,90618.0535204608,90618.0535204608,90618.0535204608,90618.0535204608
bitcoin,2025-12-10,92723.21372069631,1852116289106.247,54575121853.64529,126080.0,67.81,92723.21372069631,92723.21372069631,92723.21372069631,92723.21372069631
bitcoin,2025-12-11,92005.13714957413,1837321739746.956,52189659395.756485,126080.0,67.81,92005.13714957413,92005.13714957413,92005.13714957413,92005.13714957413
bitcoin,2025-12-12,92494.17691640415,1848922166365.7808,53232377699.408394,126080.0,67.81,92494.17691640415,92494.17691640415,92494.17691640415,92494.17691640415
bitcoin,2025-12-13,90307.26028567803,1803244893514.8884,67750393558.62937,126080.0,67.81,90307.26028567803,90307.26028567803,90307.26028567803,90307.26028567803
bitcoin,2025-12-14,90257.4292885891,1801496999571.6902,35222775785.402145,126080.0,67.81,90257.4292885891,90257.4292885891,90257.4292885891,90257.4292885891
bitcoin,2025-12-15,88230.77409367911,1761380944797.1238,33808538697.042442,126080.0,67.81,88230.77409367911,88230.77409367911,88230.77409367911,88230.77409367911
bitcoin,2025-12-16,86413.9190195637,1724624039059.303,50630498834.055145,126080.0,67.81,86413.9190195637,86413.9190195637,86413.9190195637,86413.9190195637
bitcoin,2025-12-17,87821.88919109134,1751373602587.6565,48317754254.70281,126080.0,67.81,87821.88919109134,87821.88919109134,87821.88919109134,87821.88919109134
bitcoin,2025-12-18,86064.94716216,1718491930388.8372,48886793507.656334,126080.0,67.81,86064.94716216,86064.94716216,86064.94716216,86064.94716216
bitcoin,2025-12-19,85450.3312009302,1704341132953.6216,58649139178.511856,126080.0,67.81,85450.3312009302,85450.3312009302,85450.3312009302,85450.3312009302
bitcoin,2025-12-20,88103.86075721023,1759398134896.644,51932451056.500565,126080.0,67.81,88103.86075721023,88103.86075721023,88103.86075721023,88103.86075721023
bitcoin,2025-12-21,88347.94310567998,1762805314679.9844,17103607834.780054,126080.0,67.81,88347.94310567998,88347.94310567998,88347.94310567998,88347.94310567998
bitcoin,2025-12-22,88577.42038358838,1768920028841.514,22541294542.323105,126080.0,67.81,88577.42038358838,88577.42038358838,88577.42038358838,88577.42038358838
bitcoin,2025-12-23,88491.12020788102,1767081210842.8062,41948947368.210236,126080.0,67.81,88491.12020788102,88491.12020788102,88491.12020788102,88491.12020788102
bitcoin,2025-12-24,87406.43636737975,1745209464473.6252,46353794741.509995,126080.0,67.81,87406.43636737975,87406.43636737975,87406.43636737975,87406.43636737975
bitcoin,2025-12-25,87642.60888119951,1749379166231.2852,29100645180.040016,126080.0,67.81,87642.60888119951,87642.60888119951,87642.60888119951,87642.60888119951
bitcoin,2025-12-26,87229.78066010943,1741491085115.601,22773603342.32636,126080.0,67.81,87229.78066010943,87229.78066010943,87229.78066010943,87229.78066010943
bitcoin,2025-12-27,87305.95655961394,1743187621561.159,47130449135.786705,126080.0,67.81,87305.95655961394,87305.95655961394,87305.95655961394,87305.95655961394
bitcoin,2025-12-28,87807.003210775,1753375412209.345,15670944599.660688,126080.0,67.81,87807.003210775,87807.003210775,87807.003210775,87807.003210775
bitcoin,2025-12-29,87822.90829076794,1753595375313.038,17428479525.19913,126080.0,67.81,87822.90829076794,87822.90829076794,87822.90829076794,87822.90829076794
bitcoin,2025-12-30,87156.56266080117,1739794323451.9631,53957962807.988785,126080.0,67.81,87156.56266080117,87156.56266080117,87156.56266080117,87156.56266080117
bitcoin,2025-12-31,88414.62856073362,1765833387995.6162,39734225800.079216,126080.0,67.81,88414.62856073362,88414.62856073362,88414.62856073362,88414.62856073362
bitcoin,2026-01-01,87520.18048742875,1747837206254.3643,37245075349.02766,126080.0,67.81,87520.18048742875,87520.18048742875,87520.18048742875,87520.18048742875
bitcoin,2026-01-02,88727.67004249741,1771365149347.3962,21163124465.205833,126080.0,67.81,88727.67004249741,88727.67004249741,88727.67004249741,88727.67004249741
bitcoin,2026-01-03,89926.27924953419,1795890115524.7178,50705395175.73333,126080.0,67.81,89926.27924953419,89926.27924953419,89926.27924953419,89926.27924953419
bitcoin,2026-01-04,90593.85443180417,1809211438368.9963,23480735292.761147,126080.0,67.81,90593.85443180417,90593.85443180417,90593.85443180417,90593.85443180417
bitcoin,2026-01-05,91373.21588108438,1824986876689.233,31050236622.948975,126080.0,67.81,91373.21588108438,91373.21588108438,91373.21588108438,91373.21588108438
bitcoin,2026-01-06,93926.7956485658,1876558232963.0544,59451605754.8414,126080.0,67.81,93926.7956485658,93926.7956485658,93926.7956485658,93926.7956485658
bitcoin,2026-01-07,93666.86387314305,1870043996457.1855,57439451725.50999,126080.0,67.81,93666.86387314305,93666.86387314305,93666.86387314305,93666.86387314305
bitcoin,2026-01-08,91257.15544035907,1822220317807.3809,47910812257.04945,126080.0,67.81,91257.15544035907,91257.15544035907,91257.15544035907,91257.15544035907
bitcoin,2026-01-09,90983.51578142625,1817249307661.4592,48319133568.469185,126080.0,67.81,90983.51578142625,90983.51578142625,90983.51578142625,90983.51578142625
bitcoin,2026-01-10,90504.89560340019,1807784901284.322,43664879516.319695,126080.0,67.81,90504.89560340019,90504.89560340019,90504.89560340019,90504.89560340019
bitcoin,2026-01-11,90442.01907847001,1806483854865.5005,13961660357.407768,126080.0,67.81,90442.01907847001,90442.01907847001,90442.01907847001,90442.01907847001
bitcoin,2026-01-12,90819.36598904192,1814078415941.0112,19870776213.774654,126080.0,67.81,90819.36598904192,90819.36598904192,90819.36598904192,90819.36598904192
bitcoin,2026-01-13,91134.96917951507,1820530763450.6675,46923085427.627655,126080.0,67.81,91134.96917951507,91134.96917951507,91134.96917951507,91134.96917951507
bitcoin,2026-01-14,95260.4422971001,1902289955573.257,66844465446.74208,126080.0,67.81,95260.4422971001,95260.4422971001,95260.4422971001,95260.4422971001
bitcoin,2026-01-15,97007.78078881276,1938292963237.8118,68433627980.993996,126080.0,67.81,97007.78078881276,97007.78078881276,97007.78078881276,97007.78078881276
bitcoin,2026-01-16,95584.82797878512,1909227332523.1567,59629891835.2242,126080.0,67.81,95584.82797878512,95584.82797878512,95584.82797878512,95584.82797878512
bitcoin,2026-01-17,95516.07771987123,1907673016263.0132,37208122951.606445,126080.0,67.81,95516.07771987123,95516.07771987123,95516.07771987123,95516.07771987123
bitcoin,2026-01-18,95099.53192554631,1899912876486.1714,17839431205.011776,126080.0,67.81,95099.53192554631,95099.53192554631,95099.53192554631,95099.53192554631
bitcoin,2026-01-19,93752.70577188236,1874976961280.7039,23132534225.645782,126080.0,67.81,93752.70577188236,93752.70577188236,93752.70577188236,93752.70577188236
bitcoin,2026-01-20,92558.46334372147,1849232162887.1968,43338958368.50777,126080.0,67.81,92558.46334372147,92558.46334372147,92558.46334372147,92558.46334372147
bitcoin,2026-01-21,88312.84053255555,1764030499464.2656,60578606228.98298,126080.0,67.81,88312.84053255555,88312.84053255555,88312.84053255555,88312.84053255555
bitcoin,2026-01-22,89354.34377512129,1785123532735.0352,62357735672.95213,126080.0,67.81,89354.34377512129,89354.34377512129,89354.34377512129,89354.34377512129
bitcoin,2026-01-23,89443.39744146909,1787014846080.977,39301750755.698135,126080.0,67.81,89443.39744146909,89443.39744146909,89443.39744146909,89443.39744146909
bitcoin,2026-01-24,89412.39849953113,1786292506432.339,43393369570.58639,126080.0,67.81,89412.39849953113,89412.39849953113,89412.39849953113,89412.39849953113
bitcoin,2026-01-25,89170.87364531498,1781979789713.3386,16537403154.850498,126080.0,67.81,89170.87364531498,89170.87364531498,89170.87364531498,89170.87364531498
bitcoin,2026-01-26,86548.32213469829,1731460015137.4014,39912523619.12114,126080.0,67.81,86548.32213469829,86548.32213469829,86548.32213469829,86548.32213469829
bitcoin,2026-01-27,88307.8612070438,1764540020523.9114,50644433646.50017,126080.0,67.81,88307.8612070438,88307.8612070438,88307.8612070438,88307.8612070438
bitcoin,2026-01-28,89204.22239644526,1782508769730.2656,43778458930.62677,126080.0,67.81,89204.22239644526,89204.22239644526,89204.22239644526,89204.22239644526
bitcoin,2026-01-29,89162.09701574955,1781310220302.3276,45893249753.273575,126080.0,67.81,89162.09701574955,89162.09701574955,89162.09701574955,89162.09701574955
bitcoin,2026-01-30,84570.40906135936,1689639802554.1016,70962598615.0189,126080.0,67.81,84570.40906135936,84570.40906135936,84570.40906135936,84570.40906135936
bitcoin,2026-01-31,84141.77856967277,1680807873673.8472,79515463845.849,126080.0,67.81,84141.77856967277,84141.77856967277,84141.77856967277,84141.77856967277
bitcoin,2026-02-01,78725.85853884545,1573735495563.3943,78488542272.81866,126080.0,67.81,78725.85853884545,78725.85853884545,78725.85853884545,78725.85853884545
bitcoin,2026-02-02,76937.06406636834,1537520318473.685,58330740751.53287,126080.0,67.81,76937.06406636834,76937.06406636834,76937.06406636834,76937.06406636834
bitcoin,2026-02-03,78767.65815345927,1573216672021.9187,84675130404.55545,126080.0,67.81,78767.65815345927,78767.65815345927,78767.65815345927,78767.65815345927
bitcoin,2026-02-04,75638.95670207398,1512165605443.8088,73734215653.24066,126080.0,67.81,75638.95670207398,75638.95670207398,75638.95670207398,75638.95670207398
bitcoin,2026-02-05,73172.29203248928,1463518712915.32,74109194166.40112,126080.0,67.81,73172.29203248928,73172.29203248928,73172.29203248928,73172.29203248928
bitcoin,2026-02-06,62853.69038445987,1262033077144.5305,142403234254.4544,126080.0,67.81,62853.69038445987,62853.69038445987,62853.69038445987,62853.69038445987
bitcoin,2026-02-07,70523.95417035831,1410203662656.3728,128662818793.56021,126080.0,67.81,70523.95417035831,70523.95417035831,70523.95417035831,70523.95417035831
bitcoin,2026-02-08,69296.80677355142,1385532837702.3442,68978204828.46071,126080.0,67.81,69296.80677355142,69296.80677355142,69296.80677355142,69296.80677355142
bitcoin,2026-02-09,70542.37329463876,1411671712614.3147,42782981463.70375,126080.0,67.81,70542.37329463876,70542.37329463876,70542.37329463876,70542.37329463876
bitcoin,2026-02-10,70096.40692272567,1400898153463.9268,56115089203.17752,126080.0,67.81,70096.40692272567,70096.40692272567,70096.40692272567,70096.40692272567
bitcoin,2026-02-11,68779.90981269129,1374149240710.2896,43014177103.90287,126080.0,67.81,68779.90981269129,68779.90981269129,68779.90981269129,68779.90981269129
bitcoin,2026-02-12,66937.58141157958,1337566230010.1792,54917156057.4172,126080.0,67.81,66937.58141157958,66937.58141157958,66937.58141157958,66937.58141157958
bitcoin,2026-02-13,66184.57765470445,1322855090692.983,47600564765.981926,126080.0,67.81,66184.57765470445,66184.57765470445,66184.57765470445,66184.57765470445
bitcoin,2026-02-14,68838.87490510389,1376029371467.4585,43307347077.16525,126080.0,67.81,68838.87490510389,68838.87490510389,68838.87490510389,68838.87490510389
bitcoin,2026-02-15,69765.59638824302,1395185595832.6794,38886730356.77217,126080.0,67.81,69765.59638824302,69765.59638824302,69765.59638824302,69765.59638824302
bitcoin,2026-02-16,68716.58337486399,1373546624939.8215,44139541277.476685,126080.0,67.81,68716.58337486399,68716.58337486399,68716.58337486399,68716.58337486399
bitcoin,2026-02-17,68907.78353606178,1377439978226.675,36789211960.55089,126080.0,67.81,68907.78353606178,68907.78353606178,68907.78353606178,68907.78353606178
bitcoin,2026-02-18,67489.45540267964,1349284955301.9707,38338996657.38213,126080.0,67.81,67489.45540267964,67489.45540267964,67489.45540267964,67489.45540267964
bitcoin,2026-02-19,66456.3537620677,1327723958117.1118,36348385076.441895,126080.0,67.81,66456.3537620677,66456.3537620677,66456.3537620677,66456.3537620677
bitcoin,2026-02-20,66918.68417467622,1338094580095.8176,34180839195.07364,126080.0,67.81,66918.68417467622,66918.68417467622,66918.68417467622,66918.68417467622
bitcoin,2026-02-21,67970.29403133177,1358591334156.9714,53528257484.904335,126080.0,67.81,67970.29403133177,67970.29403133177,67970.29403133177,67970.29403133177
bitcoin,2026-02-22,67977.90904199042,1359065859647.3735,20679811587.418015,126080.0,67.81,67977.90904199042,67977.90904199042,67977.90904199042,67977.90904199042
bitcoin,2026-02-23,67585.11718938159,1350654423261.9365,20354767532.065258,126080.0,67.81,67585.11718938159,67585.11718938159,67585.11718938159,67585.11718938159
bitcoin,2026-02-24,64577.553200674425,1291178509392.7466,56724400502.91585,126080.0,67.81,64577.553200674425,64577.553200674425,64577.553200674425,64577.553200674425
bitcoin,2026-02-25,64074.11098528222,1281148417170.2803,44864477921.16241,126080.0,67.81,64074.11098528222,64074.11098528222,64074.11098528222,64074.11098528222
bitcoin,2026-02-26,67947.39185585188,1358175414542.9243,54747624390.78176,126080.0,67.81,67947.39185585188,67947.39185585188,67947.39185585188,67947.39185585188
bitcoin,2026-02-27,67469.06040327046,1348944333913.3765,45543276394.82464,126080.0,67.81,67469.06040327046,67469.06040327046,67469.06040327046,67469.06040327046
bitcoin,2026-02-28,65883.99096235317,1317715385672.9202,43031961580.21165,126080.0,67.81,65883.99096235317,65883.99096235317,65883.99096235317,65883.99096235317
bitcoin,2026-03-01,67008.45435746174,1340289147460.5789,46319353202.33809,126080.0,67.81,67008.45435746174,67008.45435746174,67008.45435746174,67008.45435746174
bitcoin,2026-03-02,65713.4989891121,1314048555375.68,43467491553.81901,126080.0,67.81,65713.4989891121,65713.4989891121,65713.4989891121,65713.4989891121
bitcoin,2026-03-03,68864.03691918531,1377737947309.8953,60995565405.364334,126080.0,67.81,68864.03691918531,68864.03691918531,68864.03691918531,68864.03691918531
bitcoin,2026-03-04,68321.6178484252,1367228918356.8262,52704039830.20494,126080.0,67.81,68321.6178484252,68321.6178484252,68321.6178484252,68321.6178484252
bitcoin,2026-03-05,72669.7701652216,1453089991035.7456,81081561357.69708,126080.0,67.81,72669.7701652216,72669.7701652216,72669.7701652216,72669.7701652216
bitcoin,2026-03-06,70874.98687140146,1417652016603.2668,55313274475.72516,126080.0,67.81,70874.98687140146,70874.98687140146,70874.98687140146,70874.98687140146
bitcoin,2026-03-07,68148.28339966535,1364073902597.7644,46427994894.47989,126080.0,67.81,68148.28339966535,68148.28339966535,68148.28339966535,68148.28339966535
bitcoin,2026-03-08,67271.1907777184,1345067153653.0642,24588849466.218872,126080.0,67.81,67271.1907777184,67271.1907777184,67271.1907777184,67271.1907777184
bitcoin,2026-03-09,66036.15782362667,1321622467264.5437,35845854760.95391,126080.0,67.81,66036.15782362667,66036.15782362667,66036.15782362667,66036.15782362667
bitcoin,2026-03-10,68459.31537095344,1369955697970.065,52419546997.01177,126080.0,67.81,68459.31537095344,68459.31537095344,68459.31537095344,68459.31537095344
bitcoin,2026-03-11,69883.00887579883,1397516391202.649,57031319359.51854,126080.0,67.81,69883.00887579883,69883.00887579883,69883.00887579883,69883.00887579883
bitcoin,2026-03-12,70226.818790692,1405229147518.9683,48188681300.73879,126080.0,67.81,70226.818790692,70226.818790692,70226.818790692,70226.818790692
bitcoin,2026-03-13,70544.42535461926,1411413242207.7595,43093376170.49169,126080.0,67.81,70544.42535461926,70544.42535461926,70544.42535461926,70544.42535461926
bitcoin,2026-03-14,70965.28228600459,1419133420991.5525,62328257621.5837,126080.0,67.81,70965.28228600459,70965.28228600459,70965.28228600459,70965.28228600459
bitcoin,2026-03-15,71217.1010283798,1424666372555.8494,23763781398.02588,126080.0,67.81,71217.1010283798,71217.1010283798,71217.1010283798,71217.1010283798
bitcoin,2026-03-16,72681.9132538886,1453818980888.097,29137209887.5333,126080.0,67.81,72681.9132538886,72681.9132538886,72681.9132538886,72681.9132538886
bitcoin,2026-03-17,74858.14870100339,1496606935787.3132,56424669615.78771,126080.0,67.81,74858.14870100339,74858.14870100339,74858.14870100339,74858.14870100339
bitcoin,2026-03-18,73926.27899152413,1479034380091.9211,47796151709.5938,126080.0,67.81,73926.27899152413,73926.27899152413,73926.27899152413,73926.27899152413
bitcoin,2026-03-19,71255.86350265636,1425248408811.2256,46235388353.26782,126080.0,67.81,71255.86350265636,71255.86350265636,71255.86350265636,71255.86350265636
bitcoin,2026-03-20,69871.4514796119,1397132369157.6367,46069506172.99344,126080.0,67.81,69871.4514796119,69871.4514796119,69871.4514796119,69871.4514796119
bitcoin,2026-03-21,70552.62530009366,1411553294477.2244,39288514955.56232,126080.0,67.81,70552.62530009366,70552.62530009366,70552.62530009366,70552.62530009366
bitcoin,2026-03-22,68733.54779458739,1381324607061.9844,22788052215.99816,126080.0,67.81,68733.54779458739,68733.54779458739,68733.54779458739,68733.54779458739
bitcoin,2026-03-23,67848.87605821833,1357220326650.4958,30380203636.611057,126080.0,67.81,67848.87605821833,67848.87605821833,67848.87605821833,67848.87605821833
bitcoin,2026-03-24,70892.82823994374,1417921177640.1455,52502731112.03615,126080.0,67.81,70892.82823994374,70892.82823994374,70892.82823994374,70892.82823994374
bitcoin,2026-03-25,70524.51175942823,1410852097506.246,40395077210.95709,126080.0,67.81,70524.51175942823,70524.51175942823,70524.51175942823,70524.51175942823
bitcoin,2026-03-26,71309.26403856269,1426722276575.147,36566429238.80042,126080.0,67.81,71309.26403856269,71309.26403856269,71309.26403856269,71309.26403856269
bitcoin,2026-03-27,68791.11093800364,1375963897395.8403,52234708975.603966,126080.0,67.81,68791.11093800364,68791.11093800364,68791.11093800364,68791.11093800364
bitcoin,2026-03-28,66321.016242762,1326110397917.7085,48874426380.128494,126080.0,67.81,66321.016242762,66321.016242762,66321.016242762,66321.016242762
bitcoin,2026-03-29,66321.06539994745,1326978316239.483,23637115348.524387,126080.0,67.81,66321.06539994745,66321.06539994745,66321.06539994745,66321.06539994745
bitcoin,2026-03-30,65970.42899513361,1320068534523.2778,25095464001.894596,126080.0,67.81,65970.42899513361,65970.42899513361,65970.42899513361,65970.42899513361
bitcoin,2026-03-31,66699.27436893585,1334537611576.0498,37098483334.61913,126080.0,67.81,66699.27436893585,66699.27436893585,66699.27436893585,66699.27436893585
bitcoin,2026-04-01,68231.83047993251,1364706648348.3545,56210727882.161446,126080.0,67.81,68231.83047993251,68231.83047993251,68231.83047993251,68231.83047993251
bitcoin,2026-04-02,68089.0553821667,1362124061745.4395,46822039842.98501,126080.0,67.81,68089.0553821667,68089.0553821667,68089.0553821667,68089.0553821667
bitcoin,2026-04-03,66891.6645686824,1338643103490.4976,47198627198.56218,126080.0,67.81,66891.6645686824,66891.6645686824,66891.6645686824,66891.6645686824
bitcoin,2026-04-04,66939.69121715311,1339404819037.8704,26755680223.76058,126080.0,67.81,66939.69121715311,66939.69121715311,66939.69121715311,66939.69121715311
bitcoin,2026-04-05,67304.24955635444,1346790078680.91,21516550336.856274,126080.0,67.81,67304.24955635444,67304.24955635444,67304.24955635444,67304.24955635444
bitcoin,2026-04-06,68985.52642694542,1380583534920.1562,26416194024.766064,126080.0,67.81,68985.52642694542,68985.52642694542,68985.52642694542,68985.52642694542
bitcoin,2026-04-07,68864.23452757328,1378430433268.2437,45398732027.77202,126080.0,67.81,68864.23452757328,68864.23452757328,68864.23452757328,68864.23452757328
bitcoin,2026-04-08,71975.62171045873,1439691204997.3042,54821363017.72348,126080.0,67.81,71975.62171045873,71975.62171045873,71975.62171045873,71975.62171045873
bitcoin,2026-04-09,71117.07713411814,1423286125223.942,42583999503.6708,126080.0,67.81,71117.07713411814,71117.07713411814,71117.07713411814,71117.07713411814
bitcoin,2026-04-10,71770.7468500515,1436399827130.5452,39293023566.96442,126080.0,67.81,71770.7468500515,71770.7468500515,71770.7468500515,71770.7468500515
bitcoin,2026-04-11,72972.70823557042,1460609915845.4644,38358391003.667854,126080.0,67.81,72972.70823557042,72972.70823557042,72972.70823557042,72972.70823557042
bitcoin,2026-04-12,73053.88808483821,1462802384989.1692,23868132454.73879,126080.0,67.81,73053.88808483821,73053.88808483821,73053.88808483821,73053.88808483821
bitcoin,2026-04-13,70756.75105500016,1415861769817.8752,30101377740.873566,126080.0,67.81,70756.75105500016,70756.75105500016,70756.75105500016,70756.75105500016
bitcoin,2026-04-14,74514.63006655,1491650187280.6667,53329034805.473694,126080.0,67.81,74514.63006655,74514.63006655,74514.63006655,74514.63006655
bitcoin,2026-04-15,74181.10807228928,1484804385765.1338,57684799834.52557,126080.0,67.81,74181.10807228928,74181.10807228928,74181.10807228928,74181.10807228928
bitcoin,2026-04-16,74833.50639132406,1497468161198.8457,33592871494.555107,126080.0,67.81,74833.50639132406,74833.50639132406,74833.50639132406,74833.50639132406
bitcoin,2026-04-17,75149.1930221427,1503597305333.8933,44500754086.976234,126080.0,67.81,75149.1930221427,75149.1930221427,75149.1930221427,75149.1930221427
bitcoin,2026-04-18,77128.44334858148,1543927908120.292,64762179077.35212,126080.0,67.81,77128.44334858148,77128.44334858148,77128.44334858148,77128.44334858148
bitcoin,2026-04-19,75728.45681761758,1515912560791.0652,66292316931.16393,126080.0,67.81,75728.45681761758,75728.45681761758,75728.45681761758,75728.45681761758
bitcoin,2026-04-20,73856.05501487634,1478753744436.9177,62221359441.72641,126080.0,67.81,73856.05501487634,73856.05501487634,73856.05501487634,73856.05501487634
bitcoin,2026-04-21,75874.54629352967,1518784350281.418,48152404105.554855,126080.0,67.81,75874.54629352967,75874.54629352967,75874.54629352967,75874.54629352967
bitcoin,2026-04-22,76350.25202878818,1528459815743.431,41231756234.27609,126080.0,67.81,76350.25202878818,76350.25202878818,76350.25202878818,76350.25202878818
bitcoin,2026-04-23,78194.78334884858,1566077005143.7695,49815267208.000084,126080.0,67.81,78194.78334884858,78194.78334884858,78194.78334884858,78194.78334884858
bitcoin,2026-04-24,78260.61998045091,1566737928291.1943,41704798844.827675,126080.0,67.81,78260.61998045091,78260.61998045091,78260.61998045091,78260.61998045091
bitcoin,2026-04-25,77444.79563692068,1550504073873.627,33584952477.909107,126080.0,67.81,77444.79563692068,77444.79563692068,77444.79563692068,77444.79563692068
bitcoin,2026-04-26,77619.14219872655,1553988530840.653,17276677148.502968,126080.0,67.81,77619.14219872655,77619.14219872655,77619.14219872655,77619.14219872655
bitcoin,2026-04-27,78645.12560170851,1575064891879.2925,22944408006.92362,126080.0,67.81,78645.12560170851,78645.12560170851,78645.12560170851,78645.12560170851
bitcoin,2026-04-28,77361.29911038803,1549702864531.718,39453767786.252846,126080.0,67.81,77361.29911038803,77361.29911038803,77361.29911038803,77361.29911038803
bitcoin,2026-04-29,76345.22521002527,1528431321586.3352,32683167166.924606,126080.0,67.81,76345.22521002527,76345.22521002527,76345.22521002527,76345.22521002527
bitcoin,2026-04-30,75774.8855230121,1517194764796.4153,42528290001.67072,126080.0,67.81,75774.8855230121,75774.8855230121,75774.8855230121,75774.8855230121
bitcoin,2026-05-01,76286.57710950871,1528163519735.7407,31717874196.513115,126080.0,67.81,76286.57710950871,76286.57710950871,76286.57710950871,76286.57710950871
bitcoin,2026-05-02,78172.07422147921,1564746221568.415,39070393404.50403,126080.0,67.81,78172.07422147921,78172.07422147921,78172.07422147921,78172.07422147921
bitcoin,2026-05-03,78655.34555331903,1574625317385.0962,18618912381.93079,126080.0,67.81,78655.34555331903,78655.34555331903,78655.34555331903,78655.34555331903
bitcoin,2026-05-04,78562.55051754859,1573067635502.928,21884574779.755363,126080.0,67.81,78562.55051754859,78562.55051754859,78562.55051754859,78562.55051754859
bitcoin,2026-05-05,79823.88555955577,1598023587523.132,55780483402.17884,126080.0,67.81,79823.88555955577,79823.88555955577,79823.88555955577,79823.88555955577
bitcoin,2026-05-06,80925.09365495079,1620550900862.796,41115413343.941505,126080.0,67.81,80925.09365495079,80925.09365495079,80925.09365495079,80925.09365495079
bitcoin,2026-05-07,81424.99515650333,1630523861201.5588,41133090710.83387,126080.0,67.81,81424.99515650333,81424.99515650333,81424.99515650333,81424.99515650333
bitcoin,2026-05-08,80022.04125006415,1602537556660.9,38385751841.67185,126080.0,67.81,80022.04125006415,80022.04125006415,80022.04125006415,80022.04125006415
bitcoin,2026-05-09,80189.06503567853,1605561829780.81,34583448281.13733,126080.0,67.81,80189.06503567853,80189.06503567853,80189.06503567853,80189.06503567853
bitcoin,2026-05-10,80678.03394296461,1615753832504.217,18921531897.88494,126080.0,67.81,80678.03394296461,80678.03394296461,80678.03394296461,80678.03394296461
bitcoin,2026-05-11,82145.65606759128,1644787760960.26,28066045740.096794,126080.0,67.81,82145.65606759128,82145.65606759128,82145.65606759128,82145.65606759128
bitcoin,2026-05-12,81725.20771701908,1636812805155.4443,33905980449.09922,126080.0,67.81,81725.20771701908,81725.20771701908,81725.20771701908,81725.20771701908
bitcoin,2026-05-13,80480.88600120835,1611919136783.8035,33067066161.61675,126080.0,67.81,80480.88600120835,80480.88600120835,80480.88600120835,80480.88600120835
bitcoin,2026-05-14,79277.8045183824,1587717799781.685,44896912205.74269,126080.0,67.81,79277.8045183824,79277.8045183824,79277.8045183824,79277.8045183824
bitcoin,2026-05-15,81051.9828878728,1623427124965.4011,44287881795.36913,126080.0,67.81,81051.9828878728,81051.9828878728,81051.9828878728,81051.9828878728
bitcoin,2026-05-16,79068.82024044942,1583853006822.6218,38052335521.806335,126080.0,67.81,79068.82024044942,79068.82024044942,79068.82024044942,79068.82024044942
bitcoin,2026-05-17,78135.00994863857,1565271173826.085,26082683404.305424,126080.0,67.81,78135.00994863857,78135.00994863857,78135.00994863857,78135.00994863857
bitcoin,2026-05-18,77425.71519168488,1547173050294.1145,22985134432.452282,126080.0,67.81,77425.71519168488,77425.71519168488,77425.71519168488,77425.71519168488
bitcoin,2026-05-19,76952.2148594993,1541450290438.4524,43600665899.53078,126080.0,67.81,76952.2148594993,76952.2148594993,76952.2148594993,76952.2148594993
bitcoin,2026-05-20,76808.8105527178,1538679326205.1785,28896388946.333775,126080.0,67.81,76808.8105527178,76808.8105527178,76808.8105527178,76808.8105527178
bitcoin,2026-05-21,77459.94434557436,1551690153641.5295,28637186323.312496,126080.0,67.81,77459.94434557436,77459.94434557436,77459.94434557436,77459.94434557436
bitcoin,2026-05-22,77546.33765297421,1554827670331.5293,29075253047.052185,126080.0,67.81,77546.33765297421,77546.33765297421,77546.33765297421,77546.33765297421
bitcoin,2026-05-23,75482.52379955728,1512164902010.444,30314018356.68882,126080.0,67.81,75482.52379955728,75482.52379955728,75482.52379955728,75482.52379955728
bitcoin,2026-05-24,76672.79289056802,1536316423810.9985,33021471675.838852,126080.0,67.81,76672.79289056802,76672.79289056802,76672.79289056802,76672.79289056802
bitcoin,2026-05-25,76988.16126107218,1542380599548.2566,23346751407.595566,126080.0,67.81,76988.16126107218,76988.16126107218,76988.16126107218,76988.16126107218
bitcoin,2026-05-26,77274.40152182181,1547932919218.8884,21579710482.715477,126080.0,67.81,77274.40152182181,77274.40152182181,77274.40152182181,77274.40152182181
bitcoin,2026-05-27,75824.06332542913,1519006468647.7368,39159693387.273636,126080.0,67.81,75824.06332542913,75824.06332542913,75824.06332542913,75824.06332542913
bitcoin,2026-05-28,74352.69928002391,1489192939341.7922,36456563334.10269,126080.0,67.81,74352.69928002391,74352.69928002391,74352.69928002391,74352.69928002391
bitcoin,2026-05-29,73539.84189606174,1473190543991.798,39482623576.14358,126080.0,67.81,73539.84189606174,73539.84189606174,73539.84189606174,73539.84189606174
bitcoin,2026-05-30,73382.71831425565,1470438487484.5764,35500171846.420395,126080.0,67.81,73382.71831425565,73382.71831425565,73382.71831425565,73382.71831425565
bitcoin,2026-05-31,73751.06787328025,1477685075481.0342,18041892698.4912,126080.0,67.81,73751.06787328025,73751.06787328025,73751.06787328025,73751.06787328025
bitcoin,2026-06-01,73593.37119702855,1474566905230.025,16753747818.538012,126080.0,67.81,73593.37119702855,73593.37119702855,73593.37119702855,73593.37119702855
bitcoin,2026-06-02,71360.32521325785,1430970894389.7837,51807946724.19844,126080.0,67.81,71360.32521325785,71360.32521325785,71360.32521325785,71360.32521325785
bitcoin,2026-06-03,66649.85561928031,1335527869867.4976,66210108956.07544,126080.0,67.81,66649.85561928031,66649.85561928031,66649.85561928031,66649.85561928031
bitcoin,2026-06-04,64021.88915867498,1282892747601.9075,47109696433.67548,126080.0,67.81,64021.88915867498,64021.88915867498,64021.88915867498,64021.88915867498
bitcoin,2026-06-05,63796.2543917893,1277535354121.537,65428213201.18904,126080.0,67.81,63796.2543917893,63796.2543917893,63796.2543917893,63796.2543917893
bitcoin,2026-06-06,60921.79441516493,1221126222047.2139,74296044994.81367,126080.0,67.81,60921.79441516493,60921.79441516493,60921.79441516493,60921.79441516493
bitcoin,2026-06-07,60861.88012897632,1219858358359.3782,31865516854.60977,126080.0,67.81,60861.88012897632,60861.88012897632,60861.88012897632,60861.88012897632
bitcoin,2026-06-08,63254.57215050675,1266954887605.9854,37684637505.908424,126080.0,67.81,63254.57215050675,63254.57215050675,63254.57215050675,63254.57215050675
bitcoin,2026-06-09,63078.44049480062,1263134225700.3467,34027346085.709057,126080.0,67.81,63078.44049480062,63078.44049480062,63078.44049480062,63078.44049480062
bitcoin,2026-06-10,61658.311991466595,1235553329907.982,40990944564.44563,126080.0,67.81,61658.311991466595,61658.311991466595,61658.311991466595,61658.311991466595
bitcoin,2026-06-11,61492.514389714524,1231789348363.8784,27715292454.952827,126080.0,67.81,61492.514389714524,61492.514389714524,61492.514389714524,61492.514389714524
bitcoin,2026-06-12,63552.30087011473,1273718877820.8484,30075017169.00082,126080.0,67.81,63552.30087011473,63552.30087011473,63552.30087011473,63552.30087011473
bitcoin,2026-06-13,63537.739003707065,1273276135244.3894,28141339067.429684,126080.0,67.81,63537.739003707065,63537.739003707065,63537.739003707065,63537.739003707065
bitcoin,2026-06-14,64377.57668942172,1290225515375.4822,17522802429.204792,126080.0,67.81,64377.57668942172,64377.57668942172,64377.57668942172,64377.57668942172
bitcoin,2026-06-15,65713.6235604093,1317085172262.3992,22887575559.512203,126080.0,67.81,65713.6235604093,65713.6235604093,65713.6235604093,65713.6235604093
bitcoin,2026-06-16,66300.95853652984,1328696238979.8499,33915183708.415253,126080.0,67.81,66300.95853652984,66300.95853652984,66300.95853652984,66300.95853652984
bitcoin,2026-06-17,65598.9439666077,1314781494836.0032,25567698997.885597,126080.0,67.81,65598.9439666077,65598.9439666077,65598.9439666077,65598.9439666077
bitcoin,2026-06-18,64422.57366477588,1291258235600.5845,32345181752.593975,126080.0,67.81,64422.57366477588,64422.57366477588,64422.57366477588,64422.57366477588
bitcoin,2026-06-19,62900.22709317204,1260907043905.3882,31279738052.083103,126080.0,67.81,62900.22709317204,62900.22709317204,62900.22709317204,62900.22709317204
bitcoin,2026-06-20,63513.65867862926,1268758066935.9958,23172898934.025856,126080.0,67.81,63513.65867862926,63513.65867862926,63513.65867862926,63513.65867862926
bitcoin,2026-06-21,64240.23278038838,1287768457406.0122,17171401473.160103,126080.0,67.81,64240.23278038838,64240.23278038838,64240.23278038838,64240.23278038838
bitcoin,2026-06-22,63231.86958363731,1267530073395.4507,16735692356.85876,126080.0,67.81,63231.86958363731,63231.86958363731,63231.86958363731,63231.86958363731
bitcoin,2026-06-23,63957.19561383976,1282343470084.9612,26433062359.229366,126080.0,67.81,63957.19561383976,63957.19561383976,63957.19561383976,63957.19561383976
bitcoin,2026-06-24,62651.93474257838,1256025968759.2698,29785354920.68503,126080.0,67.81,62651.93474257838,62651.93474257838,62651.93474257838,62651.93474257838
bitcoin,2026-06-25,60908.995129015006,1220207438492.2112,43197491543.71844,126080.0,67.81,60908.995129015006,60908.995129015006,60908.995129015006,60908.995129015006
bitcoin,2026-06-26,59712.618061582114,1197252258228.0588,40411370315.014114,126080.0,67.81,59712.618061582114,59712.618061582114,59712.618061582114,59712.618061582114
bitcoin,2026-06-27,59981.83163422954,1202615550275.9622,39391565257.57364,126080.0,67.81,59981.83163422954,59981.83163422954,59981.83163422954,59981.83163422954
bitcoin,2026-06-28,59943.11077412465,1201807514775.0078,15714909474.505539,126080.0,67.81,59943.11077412465,59943.11077412465,59943.11077412465,59943.11077412465
bitcoin,2026-06-29,59612.29403760121,1195265179758.7097,16805740158.965502,126080.0,67.81,59612.29403760121,59612.29403760121,59612.29403760121,59612.29403760121
bitcoin,2026-06-30,60159.63016705464,1206445488078.9414,31395384175.943798,126080.0,67.81,60159.63016705464,60159.63016705464,60159.63016705464,60159.63016705464
bitcoin,2026-07-01,58550.74778816053,1174078264197.4077,32002232960.152256,126080.0,67.81,58550.74778816053,58550.74778816053,58550.74778816053,58550.74778816053
bitcoin,2026-07-02,59979.90070833996,1203067263000.6277,38794170476.28798,126080.0,67.81,59979.90070833996,59979.90070833996,59979.90070833996,59979.90070833996
bitcoin,2026-07-03,61487.29901031284,1232917246447.8645,39471243076.727066,126080.0,67.81,61487.29901031284,61487.29901031284,61487.29901031284,61487.29901031284
bitcoin,2026-07-04,62537.44084879135,1253971325074.8481,26040911211.562317,126080.0,67.81,62537.44084879135,62537.44084879135,62537.44084879135,62537.44084879135
bitcoin,2026-07-05,63094.24017750663,1265163108868.5112,19052046395.496124,126080.0,67.81,63094.24017750663,63094.24017750663,63094.24017750663,63094.24017750663
bitcoin,2026-07-06,63546.43013166118,1274101034947.2993,18562833785.667885,126080.0,67.81,63546.43013166118,63546.43013166118,63546.43013166118,63546.43013166118
bitcoin,2026-07-07,64072.299238925065,1284575087506.86,36720711337.750725,126080.0,67.81,64072.299238925065,64072.299238925065,64072.299238925065,64072.299238925065
bitcoin,2026-07-08,63351.36771281746,1270681327780.714,31531207355.677097,126080.0,67.81,63351.36771281746,63351.36771281746,63351.36771281746,63351.36771281746
bitcoin,2026-07-09,62248.930317339764,1248098206880.458,28148516404.805706,126080.0,67.81,62248.930317339764,62248.930317339764,62248.930317339764,62248.930317339764
bitcoin,2026-07-10,63220.68565824794,1267792123928.4001,26365450469.64679,126080.0,67.81,63220.68565824794,63220.68565824794,63220.68565824794,63220.68565824794
bitcoin,2026-07-11,64082.04036871,1285228295184.287,28149819569.978485,126080.0,67.81,64082.04036871,64082.04036871,64082.04036871,64082.04036871
bitcoin,2026-07-12,63892.792516153044,1281664653549.9856,14697468251.875193,126080.0,67.81,63892.792516153044,63892.792516153044,63892.792516153044,63892.792516153044
bitcoin,2026-07-13,63746.44102430586,1278793994005.052,19231593277.05673,126080.0,67.81,63746.44102430586,63746.44102430586,63746.44102430586,63746.44102430586
bitcoin,2026-07-14,62242.25280265039,1248098639644.4312,30583681981.80739,126080.0,67.81,62242.25280265039,62242.25280265039,62242.25280265039,62242.25280265039
bitcoin,2026-07-15,64977.36312919037,1303237785861.7234,29662198442.867367,126080.0,67.81,64977.36312919037,64977.36312919037,64977.36312919037,64977.36312919037
bitcoin,2026-07-16,64722.05792295125,1298186604468.372,28428424193.799126,126080.0,67.81,64722.05792295125,64722.05792295125,64722.05792295125,64722.05792295125
bitcoin,2026-07-17,63788.92901827884,1279395605347.6736,27317059836.745285,126080.0,67.81,63788.92901827884,63788.92901827884,63788.92901827884,63788.92901827884
bitcoin,2026-07-18,63925.50933708712,1282241929312.8503,28098379503.92406,126080.0,67.81,63925.50933708712,63925.50933708712,63925.50933708712,63925.50933708712
bitcoin,2026-07-19,64793.264461293664,1299714962528.883,15113709721.178783,126080.0,67.81,64793.264461293664,64793.264461293664,64793.264461293664,64793.264461293664
bitcoin,2026-07-20,64679.765085909254,1297396181275.959,16067920756.444267,126080.0,67.81,64679.765085909254,64679.765085909254,64679.765085909254,64679.765085909254
bitcoin,2026-07-21,65199.437784154594,1307746818306.3398,32371901943.328823,126080.0,67.81,65199.437784154594,65199.437784154594,65199.437784154594,65199.437784154594
bitcoin,2026-07-22,66506.88672839502,1334053550828.357,30099058438.534645,126080.0,67.81,66506.88672839502,66506.88672839502,66506.88672839502,66506.88672839502
bitcoin,2026-07-23,66083.46138887311,1325716588046.101,28880597333.529896,126080.0,67.81,66083.46138887311,66083.46138887311,66083.46138887311,66083.46138887311
bitcoin,2026-07-24,65043.65332951998,1304732296502.7114,25579678871.306217,126080.0,67.81,65043.65332951998,65043.65332951998,65043.65332951998,65043.65332951998
bitcoin,2026-07-25,64093.19709155083,1285758488482.1934,25504993734.730347,126080.0,67.81,64093.19709155083,64093.19709155083,64093.19709155083,64093.19709155083
bitcoin,2026-07-26,64309.437681613,1290292266334.4731,14254211515.245165,126080.0,67.81,64309.437681613,64309.437681613,64309.437681613,64309.437681613
bitcoin,2026-07-27,65329.53756438872,1310344973471.4292,14617812488.4181,126080.0,67.81,65329.53756438872,65329.53756438872,65329.53756438872,65329.53756438872
ethereum,2025-07-29,3790.1063221575832,457526952752.38885,39357507636.43058,4946.05,0.432979,3790.1063221575832,3790.1063221575832,3790.1063221575832,3790.1063221575832
ethereum,2025-07-30,3789.3004081693534,457529398488.68414,34755691256.08769,4946.05,0.432979,3789.3004081693534,3789.3004081693534,3789.3004081693534,3789.3004081693534
ethereum,2025-07-31,3807.381613991685,459586945766.49866,29886963385.95306,4946.05,0.432979,3807.381613991685,3807.381613991685,3807.381613991685,3807.381613991685
ethereum,2025-08-01,3696.599150825217,446248723736.20593,31212633330.574806,4946.05,0.432979,3696.599150825217,3696.599150825217,3696.599150825217,3696.599150825217
ethereum,2025-08-02,3487.866797029722,421020995477.54553,42699404593.60192,4946.05,0.432979,3487.866797029722,3487.866797029722,3487.866797029722,3487.866797029722
ethereum,2025-08-03,3400.741514835749,409668036914.6126,28169383986.846672,4946.05,0.432979,3400.741514835749,3400.741514835749,3400.741514835749,3400.741514835749
ethereum,2025-08-04,3497.788424852092,422257987948.3226,18274360113.47632,4946.05,0.432979,3497.788424852092,3497.788424852092,3497.788424852092,3497.788424852092
ethereum,2025-08-05,3717.032578785954,448826979964.3167,28533986735.122528,4946.05,0.432979,3717.032578785954,3717.032578785954,3717.032578785954,3717.032578785954
ethereum,2025-08-06,3611.964869972736,436053422696.0541,29277669730.287964,4946.05,0.432979,3611.964869972736,3611.964869972736,3611.964869972736,3611.964869972736
ethereum,2025-08-07,3676.613906884279,444599859721.5152,23406427203.671833,4946.05,0.432979,3676.613906884279,3676.613906884279,3676.613906884279,3676.613906884279
ethereum,2025-08-08,3907.6010172319807,472049413376.7052,33199719919.80177,4946.05,0.432979,3907.6010172319807,3907.6010172319807,3907.6010172319807,3907.6010172319807
ethereum,2025-08-09,4010.923271812793,484154502649.8723,37977605930.01106,4946.05,0.432979,4010.923271812793,4010.923271812793,4010.923271812793,4010.923271812793
ethereum,2025-08-10,4265.188124390236,514849272419.7555,37869349978.10802,4946.05,0.432979,4265.188124390236,4265.188124390236,4265.188124390236,4265.188124390236
ethereum,2025-08-11,4252.166438840521,513443610006.35944,27054361387.702,4946.05,0.432979,4252.166438840521,4252.166438840521,4252.166438840521,4252.166438840521
ethereum,2025-08-12,4226.507130981428,510263754322.9092,43112293008.49643,4946.05,0.432979,4226.507130981428,4226.507130981428,4226.507130981428,4226.507130981428
ethereum,2025-08-13,4592.803332787304,554947221203.6802,52873412183.87985,4946.05,0.432979,4592.803332787304,4592.803332787304,4592.803332787304,4592.803332787304
ethereum,2025-08-14,4750.841644372325,574570514173.048,59844692052.96724,4946.05,0.432979,4750.841644372325,4750.841644372325,4750.841644372325,4750.841644372325
ethereum,2025-08-15,4560.320575406474,549678563832.7632,67076229138.99421,4946.05,0.432979,4560.320575406474,4560.320575406474,4560.320575406474,4560.320575406474
ethereum,2025-08-16,4437.624336661018,535837291647.37714,46917685665.50096,4946.05,0.432979,4437.624336661018,4437.624336661018,4437.624336661018,4437.624336661018
ethereum,2025-08-17,4423.427841805725,534261310162.8497,23080213666.475956,4946.05,0.432979,4423.427841805725,4423.427841805725,4423.427841805725,4423.427841805725
ethereum,2025-08-18,4485.033789094146,541605096904.91425,28212828260.501465,4946.05,0.432979,4485.033789094146,4485.033789094146,4485.033789094146,4485.033789094146
ethereum,2025-08-19,4317.375712223622,520462481351.7517,44131243136.7805,4946.05,0.432979,4317.375712223622,4317.375712223622,4317.375712223622,4317.375712223622
ethereum,2025-08-20,4080.647740086776,492151485884.0983,44130802664.964584,4946.05,0.432979,4080.647740086776,4080.647740086776,4080.647740086776,4080.647740086776
ethereum,2025-08-21,4335.095011843836,522712327638.0309,40019761705.593666,4946.05,0.432979,4335.095011843836,4335.095011843836,4335.095011843836,4335.095011843836
ethereum,2025-08-22,4231.458988143176,510769225146.1248,27666155232.13874,4946.05,0.432979,4231.458988143176,4231.458988143176,4231.458988143176,4231.458988143176
ethereum,2025-08-23,4817.762321544151,582853783455.8636,64621339138.42003,4946.05,0.432979,4817.762321544151,4817.762321544151,4817.762321544151,4817.762321544151
ethereum,2025-08-24,4782.427363765921,576923974476.6718,23631461744.687603,4946.05,0.432979,4782.427363765921,4782.427363765921,4782.427363765921,4782.427363765921
ethereum,2025-08-25,4780.256234389111,577124677420.5508,41144316325.88549,4946.05,0.432979,4780.256234389111,4780.256234389111,4780.256234389111,4780.256234389111
ethereum,2025-08-26,4375.380795422783,528893380984.4089,48307780980.99421,4946.05,0.432979,4375.380795422783,4375.380795422783,4375.380795422783,4375.380795422783
ethereum,2025-08-27,4591.768723220833,555027560260.1531,45317278274.70111,4946.05,0.432979,4591.768723220833,4591.768723220833,4591.768723220833,4591.768723220833
ethereum,2025-08-28,4503.24929143207,542967136095.9592,35404605704.31342,4946.05,0.432979,4503.24929143207,4503.24929143207,4503.24929143207,4503.24929143207
ethereum,2025-08-29,4510.743657697646,544095435418.0028,28894226148.226383,4946.05,0.432979,4510.743657697646,4510.743657697646,4510.743657697646,4510.743657697646
ethereum,2025-08-30,4359.242872747144,526234436585.79736,35675479713.830986,4946.05,0.432979,4359.242872747144,4359.242872747144,4359.242872747144,4359.242872747144
ethereum,2025-08-31,4373.447756738678,527904203971.7542,18736090183.263844,4946.05,0.432979,4373.447756738678,4373.447756738678,4373.447756738678,4373.447756738678
ethereum,2025-09-01,4385.611542272855,529892194843.4624,22892826524.51606,4946.05,0.432979,4385.611542272855,4385.611542272855,4385.611542272855,4385.611542272855
ethereum,2025-09-02,4314.33684565863,520399630040.199,31276798038.897095,4946.05,0.432979,4314.33684565863,4314.33684565863,4314.33684565863,4314.33684565863
ethereum,2025-09-03,4320.5602658503985,522074417301.5726,32113977374.086285,4946.05,0.432979,4320.5602658503985,4320.5602658503985,4320.5602658503985,4320.5602658503985
ethereum,2025-09-04,4451.0636436771065,537051828518.1647,29357543402.358524,4946.05,0.432979,4451.0636436771065,4451.0636436771065,4451.0636436771065,4451.0636436771065
ethereum,2025-09-05,4302.631106224621,518692245644.4563,30095096912.795418,4946.05,0.432979,4302.631106224621,4302.631106224621,4302.631106224621,4302.631106224621
ethereum,2025-09-06,4306.9385585791215,519830732357.0378,37728066503.29497,4946.05,0.432979,4306.9385585791215,4306.9385585791215,4306.9385585791215,4306.9385585791215
ethereum,2025-09-07,4275.565874686,515911045096.0055,14470213718.899994,4946.05,0.432979,4275.565874686,4275.565874686,4275.565874686,4275.565874686
ethereum,2025-09-08,4305.712109548157,519690491922.4502,14470867163.73377,4946.05,0.432979,4305.712109548157,4305.712109548157,4305.712109548157,4305.712109548157
ethereum,2025-09-09,4307.143237858236,519824071925.6714,27208062434.739975,4946.05,0.432979,4307.143237858236,4307.143237858236,4307.143237858236,4307.143237858236
ethereum,2025-09-10,4311.8584294636485,520045796347.40155,28322488407.752773,4946.05,0.432979,4311.8584294636485,4311.8584294636485,4311.8584294636485,4311.8584294636485
ethereum,2025-09-11,4347.482124114109,524794550874.001,34386095865.57935,4946.05,0.432979,4347.482124114109,4347.482124114109,4347.482124114109,4347.482124114109
ethereum,2025-09-12,4455.91485665392,538856948249.45734,33745605163.196167,4946.05,0.432979,4455.91485665392,4455.91485665392,4455.91485665392,4455.91485665392
ethereum,2025-09-13,4707.467094236729,568627360613.4667,41160367084.071815,4946.05,0.432979,4707.467094236729,4707.467094236729,4707.467094236729,4707.467094236729
ethereum,2025-09-14,4669.028586485019,563578526685.116,29654140423.83008,4946.05,0.432979,4669.028586485019,4669.028586485019,4669.028586485019,4669.028586485019
ethereum,2025-09-15,4606.740088999127,556177996276.7655,24126817615.519157,4946.05,0.432979,4606.740088999127,4606.740088999127,4606.740088999127,4606.740088999127
ethereum,2025-09-16,4522.7579691582605,546101050067.7076,35187023065.44062,4946.05,0.432979,4522.7579691582605,4522.7579691582605,4522.7579691582605,4522.7579691582605
ethereum,2025-09-17,4503.398838715683,543521951791.3435,28232446665.50697,4946.05,0.432979,4503.398838715683,4503.398838715683,4503.398838715683,4503.398838715683
ethereum,2025-09-18,4594.02788969636,554238085865.2423,42122635553.40011,4946.05,0.432979,4594.02788969636,4594.02788969636,4594.02788969636,4594.02788969636
ethereum,2025-09-19,4593.807636563898,554060824608.3385,29790287664.569393,4946.05,0.432979,4593.807636563898,4593.807636563898,4593.807636563898,4593.807636563898
ethereum,2025-09-20,4470.102748926164,539544414763.9426,28185211809.807964,4946.05,0.432979,4470.102748926164,4470.102748926164,4470.102748926164,4470.102748926164
ethereum,2025-09-21,4481.484588389632,540980086428.3148,14322165829.99244,4946.05,0.432979,4481.484588389632,4481.484588389632,4481.484588389632,4481.484588389632
ethereum,2025-09-22,4445.964686087343,537471057669.3034,16015456082.51297,4946.05,0.432979,4445.964686087343,4445.964686087343,4445.964686087343,4445.964686087343
ethereum,2025-09-23,4201.889983622676,506993249580.1887,52868706124.10381,4946.05,0.432979,4201.889983622676,4201.889983622676,4201.889983622676,4201.889983622676
ethereum,2025-09-24,4164.826037505126,502831514628.2847,29633470698.882874,4946.05,0.432979,4164.826037505126,4164.826037505126,4164.826037505126,4164.826037505126
ethereum,2025-09-25,4152.852648081888,501350879604.1728,28177218725.33708,4946.05,0.432979,4152.852648081888,4152.852648081888,4152.852648081888,4152.852648081888
ethereum,2025-09-26,3896.063017617365,469419907496.9152,64172878515.0926,4946.05,0.432979,3896.063017617365,3896.063017617365,3896.063017617365,3896.063017617365
ethereum,2025-09-27,4028.908465637633,486313141744.0519,43998560595.903854,4946.05,0.432979,4028.908465637633,4028.908465637633,4028.908465637633,4028.908465637633
ethereum,2025-09-28,4018.704458176895,484881796566.8053,16968627601.94127,4946.05,0.432979,4018.704458176895,4018.704458176895,4018.704458176895,4018.704458176895
ethereum,2025-09-29,4139.675726866035,500004553306.3428,21737396079.49406,4946.05,0.432979,4139.675726866035,4139.675726866035,4139.675726866035,4139.675726866035
ethereum,2025-09-30,4214.498317525192,508664190377.5008,34701070490.43777,4946.05,0.432979,4214.498317525192,4214.498317525192,4214.498317525192,4214.498317525192
ethereum,2025-10-01,4147.316186865383,500498863633.9376,34307788006.807034,4946.05,0.432979,4147.316186865383,4147.316186865383,4147.316186865383,4147.316186865383
ethereum,2025-10-02,4354.37875727111,524323391189.31995,43093556980.63828,4946.05,0.432979,4354.37875727111,4354.37875727111,4354.37875727111,4354.37875727111
ethereum,2025-10-03,4484.180377056455,541331048609.44464,44246030007.49464,4946.05,0.432979,4484.180377056455,4484.180377056455,4484.180377056455,4484.180377056455
ethereum,2025-10-04,4514.148616548543,544868897938.4474,45756049478.05154,4946.05,0.432979,4514.148616548543,4514.148616548543,4514.148616548543,4514.148616548543
ethereum,2025-10-05,4488.802917459776,541611848322.7991,20425604688.928185,4946.05,0.432979,4488.802917459776,4488.802917459776,4488.802917459776,4488.802917459776
ethereum,2025-10-06,4513.31014835462,544967202194.44385,40101083291.83619,4946.05,0.432979,4513.31014835462,4513.31014835462,4513.31014835462,4513.31014835462
ethereum,2025-10-07,4690.837856263482,566222103249.5619,40587548780.66794,4946.05,0.432979,4690.837856263482,4690.837856263482,4690.837856263482,4690.837856263482
ethereum,2025-10-08,4453.781265556171,537051357270.459,49952935289.519135,4946.05,0.432979,4453.781265556171,4453.781265556171,4453.781265556171,4453.781265556171
ethereum,2025-10-09,4526.062095378305,546305254353.1228,36859862237.294106,4946.05,0.432979,4526.062095378305,4526.062095378305,4526.062095378305,4526.062095378305
ethereum,2025-10-10,4368.419616565288,527286567755.6974,42746609485.53989,4946.05,0.432979,4368.419616565288,4368.419616565288,4368.419616565288,4368.419616565288
ethereum,2025-10-11,3841.6736803824847,462926668230.6871,89935918939.21315,4946.05,0.432979,3841.6736803824847,3841.6736803824847,3841.6736803824847,3841.6736803824847
ethereum,2025-10-12,3747.4570446607986,452649887571.15,54218043539.763245,4946.05,0.432979,3747.4570446607986,3747.4570446607986,3747.4570446607986,3747.4570446607986
ethereum,2025-10-13,4151.918863184718,502075589618.4089,58639398857.891815,4946.05,0.432979,4151.918863184718,4151.918863184718,4151.918863184718,4151.918863184718
ethereum,2025-10-14,4245.447076633256,512338329574.94464,46398150619.24684,4946.05,0.432979,4245.447076633256,4245.447076633256,4245.447076633256,4245.447076633256
ethereum,2025-10-15,4126.235352870518,498150410985.407,62839726299.69757,4946.05,0.432979,4126.235352870518,4126.235352870518,4126.235352870518,4126.235352870518
ethereum,2025-10-16,3991.5442355212426,481689276437.4471,45253630670.08184,4946.05,0.432979,3991.5442355212426,3991.5442355212426,3991.5442355212426,3991.5442355212426
ethereum,2025-10-17,3893.756037568491,469582926617.4159,44974702873.89933,4946.05,0.432979,3893.756037568491,3893.756037568491,3893.756037568491,3893.756037568491
ethereum,2025-10-18,3835.007248476607,462483442503.1668,52622088158.93824,4946.05,0.432979,3835.007248476607,3835.007248476607,3835.007248476607,3835.007248476607
ethereum,2025-10-19,3890.016062101197,469537704877.8051,19867784025.6314,4946.05,0.432979,3890.016062101197,3890.016062101197,3890.016062101197,3890.016062101197
ethereum,2025-10-20,3982.3558612703023,480800504808.295,29256291805.263657,4946.05,0.432979,3982.3558612703023,3982.3558612703023,3982.3558612703023,3982.3558612703023
ethereum,2025-10-21,3980.07327974389,480366784228.9499,35123529484.36126,4946.05,0.432979,3980.07327974389,3980.07327974389,3980.07327974389,3980.07327974389
ethereum,2025-10-22,3866.151782774292,467519423220.8764,46704826317.34672,4946.05,0.432979,3866.151782774292,3866.151782774292,3866.151782774292,3866.151782774292
ethereum,2025-10-23,3805.881864350947,459088216890.3367,42044581096.01017,4946.05,0.432979,3805.881864350947,3805.881864350947,3805.881864350947,3805.881864350947
ethereum,2025-10-24,3857.590008571872,465635527448.3024,32156715130.348736,4946.05,0.432979,3857.590008571872,3857.590008571872,3857.590008571872,3857.590008571872
ethereum,2025-10-25,3935.956503436005,474992460054.59576,30034213292.758736,4946.05,0.432979,3935.956503436005,3935.956503436005,3935.956503436005,3935.956503436005
ethereum,2025-10-26,3954.0041199084208,477147951160.52856,12353862303.857664,4946.05,0.432979,3954.0041199084208,3954.0041199084208,3954.0041199084208,3954.0041199084208
ethereum,2025-10-27,4158.567621968615,502002782659.0379,25883399675.759956,4946.05,0.432979,4158.567621968615,4158.567621968615,4158.567621968615,4158.567621968615
ethereum,2025-10-28,4117.287077707286,497305665524.5466,36385943761.52509,4946.05,0.432979,4117.287077707286,4117.287077707286,4117.287077707286,4117.287077707286
ethereum,2025-10-29,3978.812010414271,480647742723.29193,35671783550.23295,4946.05,0.432979,3978.812010414271,3978.812010414271,3978.812010414271,3978.812010414271
ethereum,2025-10-30,3902.8019474292696,470857249494.70953,32806950695.069782,4946.05,0.432979,3902.8019474292696,3902.8019474292696,3902.8019474292696,3902.8019474292696
ethereum,2025-10-31,3801.551504718387,459169677106.2288,37193378561.10616,4946.05,0.432979,3801.551504718387,3801.551504718387,3801.551504718387,3801.551504718387
ethereum,2025-11-01,3846.95863062356,464258991447.4072,32764029085.038177,4946.05,0.432979,3846.95863062356,3846.95863062356,3846.95863062356,3846.95863062356
ethereum,2025-11-02,3872.926054735507,467495673481.22,12963577620.647104,4946.05,0.432979,3872.926054735507,3872.926054735507,3872.926054735507,3872.926054735507
ethereum,2025-11-03,3905.342929555584,471728931087.62933,16505905832.7532,4946.05,0.432979,3905.342929555584,3905.342929555584,3905.342929555584,3905.342929555584
ethereum,2025-11-04,3600.363768411873,434830766166.5589,47754595370.98098,4946.05,0.432979,3600.363768411873,3600.363768411873,3600.363768411873,3600.363768411873
ethereum,2025-11-05,3285.2318395878847,397573700002.6509,70971936439.57846,4946.05,0.432979,3285.2318395878847,3285.2318395878847,3285.2318395878847,3285.2318395878847
ethereum,2025-11-06,3425.9698058908884,413773447437.8882,44016731327.195274,4946.05,0.432979,3425.9698058908884,3425.9698058908884,3425.9698058908884,3425.9698058908884
ethereum,2025-11-07,3312.4503070158717,399656276442.011,33740482063.273483,4946.05,0.432979,3312.4503070158717,3312.4503070158717,3312.4503070158717,3312.4503070158717
ethereum,2025-11-08,3426.4012405987837,414507643190.6567,39541026326.49069,4946.05,0.432979,3426.4012405987837,3426.4012405987837,3426.4012405987837,3426.4012405987837
ethereum,2025-11-09,3399.6637755492966,410476200008.4793,20336279641.495083,4946.05,0.432979,3399.6637755492966,3399.6637755492966,3399.6637755492966,3399.6637755492966
ethereum,2025-11-10,3578.8023059041866,432140258282.28656,25306062473.02298,4946.05,0.432979,3578.8023059041866,3578.8023059041866,3578.8023059041866,3578.8023059041866
ethereum,2025-11-11,3566.049867115414,430495589767.3192,31527602956.56814,4946.05,0.432979,3566.049867115414,3566.049867115414,3566.049867115414,3566.049867115414
ethereum,2025-11-12,3416.071508998829,412487940491.5636,35964365184.38774,4946.05,0.432979,3416.071508998829,3416.071508998829,3416.071508998829,3416.071508998829
ethereum,2025-11-13,3412.5432368287225,411695018306.3992,31867019731.549423,4946.05,0.432979,3412.5432368287225,3412.5432368287225,3412.5432368287225,3412.5432368287225
ethereum,2025-11-14,3223.175778614162,389149953098.6491,48625450123.82115,4946.05,0.432979,3223.175778614162,3223.175778614162,3223.175778614162,3223.175778614162
ethereum,2025-11-15,3118.7143444311273,374583156499.2539,44971508554.9072,4946.05,0.432979,3118.7143444311273,3118.7143444311273,3118.7143444311273,3118.7143444311273
ethereum,2025-11-16,3169.6972672382008,382171821174.872,18620710912.32086,4946.05,0.432979,3169.6972672382008,3169.6972672382008,3169.6972672382008,3169.6972672382008
ethereum,2025-11-17,3091.905045683136,373455751267.06415,30603488973.76373,4946.05,0.432979,3091.905045683136,3091.905045683136,3091.905045683136,3091.905045683136
ethereum,2025-11-18,3026.218255338726,365025720800.0176,38548325745.12055,4946.05,0.432979,3026.218255338726,3026.218255338726,3026.218255338726,3026.218255338726
ethereum,2025-11-19,3121.5138481614545,376627472214.8123,39769047587.844025,4946.05,0.432979,3121.5138481614545,3121.5138481614545,3121.5138481614545,3121.5138481614545
ethereum,2025-11-20,3020.935787720369,364624974074.7031,38984541011.264854,4946.05,0.432979,3020.935787720369,3020.935787720369,3020.935787720369,3020.935787720369
ethereum,2025-11-21,2832.5307976375693,341919899025.5803,41506608161.76037,4946.05,0.432979,2832.5307976375693,2832.5307976375693,2832.5307976375693,2832.5307976375693
ethereum,2025-11-22,2763.897390488984,333625188127.77344,49471335177.09487,4946.05,0.432979,2763.897390488984,2763.897390488984,2763.897390488984,2763.897390488984
ethereum,2025-11-23,2768.1536567521325,334202138387.9657,15227137733.353577,4946.05,0.432979,2768.1536567521325,2768.1536567521325,2768.1536567521325,2768.1536567521325
ethereum,2025-11-24,2798.913101183697,338086242481.6212,20117555262.314224,4946.05,0.432979,2798.913101183697,2798.913101183697,2798.913101183697,2798.913101183697
ethereum,2025-11-25,2952.334906852989,356375311640.8533,32463159649.035435,4946.05,0.432979,2952.334906852989,2952.334906852989,2952.334906852989,2952.334906852989
ethereum,2025-11-26,2958.5732175211965,357081428337.2704,23379516621.412125,4946.05,0.432979,2958.5732175211965,2958.5732175211965,2958.5732175211965,2958.5732175211965
ethereum,2025-11-27,3026.421534805452,365401603025.40247,20975481627.490208,4946.05,0.432979,3026.421534805452,3026.421534805452,3026.421534805452,3026.421534805452
ethereum,2025-11-28,3014.8198499491664,363871486260.152,16425620742.708153,4946.05,0.432979,3014.8198499491664,3014.8198499491664,3014.8198499491664,3014.8198499491664
ethereum,2025-11-29,3031.245855716179,365929010495.9888,20119280037.55597,4946.05,0.432979,3031.245855716179,3031.245855716179,3031.245855716179,3031.245855716179
ethereum,2025-11-30,2989.6497957851875,361028197396.32526,12587660538.295284,4946.05,0.432979,2989.6497957851875,2989.6497957851875,2989.6497957851875,2989.6497957851875
ethereum,2025-12-01,2990.797383294047,361323261616.5661,11717224359.873058,4946.05,0.432979,2990.797383294047,2990.797383294047,2990.797383294047,2990.797383294047
ethereum,2025-12-02,2796.73386904882,337936232248.04846,36758673924.641594,4946.05,0.432979,2796.73386904882,2796.73386904882,2796.73386904882,2796.73386904882
ethereum,2025-12-03,2997.602427194639,361886352850.66064,27128828869.360863,4946.05,0.432979,2997.602427194639,2997.602427194639,2997.602427194639,2997.602427194639
ethereum,2025-12-04,3188.8819447300766,385647238454.8962,31057577560.27413,4946.05,0.432979,3188.8819447300766,3188.8819447300766,3188.8819447300766,3188.8819447300766
ethereum,2025-12-05,3134.3486408160215,378254547725.5433,27504485182.888542,4946.05,0.432979,3134.3486408160215,3134.3486408160215,3134.3486408160215,3134.3486408160215
ethereum,2025-12-06,3019.826038059256,364479179010.7497,27866527351.545456,4946.05,0.432979,3019.826038059256,3019.826038059256,3019.826038059256,3019.826038059256
ethereum,2025-12-07,3036.875646714073,366362808813.6567,11301292406.636791,4946.05,0.432979,3036.875646714073,3036.875646714073,3036.875646714073,3036.875646714073
ethereum,2025-12-08,3060.9948319527766,369159022672.3001,21104749281.741245,4946.05,0.432979,3060.9948319527766,3060.9948319527766,3060.9948319527766,3060.9948319527766
ethereum,2025-12-09,3123.8052523660685,377187495543.50055,25543422220.52588,4946.05,0.432979,3123.8052523660685,3123.8052523660685,3123.8052523660685,3123.8052523660685
ethereum,2025-12-10,3318.7209450428563,400924984363.3934,34598672977.962814,4946.05,0.432979,3318.7209450428563,3318.7209450428563,3318.7209450428563,3318.7209450428563
ethereum,2025-12-11,3323.292012600325,401715584457.2677,31640384767.618507,4946.05,0.432979,3323.292012600325,3323.292012600325,3323.292012600325,3323.292012600325
ethereum,2025-12-12,3238.4136151525354,390860899752.5878,29527281577.263348,4946.05,0.432979,3238.4136151525354,3238.4136151525354,3238.4136151525354,3238.4136151525354
ethereum,2025-12-13,3086.7327669850124,372234573732.5013,26199365793.50417,4946.05,0.432979,3086.7327669850124,3086.7327669850124,3086.7327669850124,3086.7327669850124
ethereum,2025-12-14,3115.271399958073,376120275278.15094,10115726138.168154,4946.05,0.432979,3115.271399958073,3115.271399958073,3115.271399958073,3115.271399958073
ethereum,2025-12-15,3063.5454528219575,369722328464.4331,17436601534.892895,4946.05,0.432979,3063.5454528219575,3063.5454528219575,3063.5454528219575,3063.5454528219575
ethereum,2025-12-16,2963.8945572517114,357774924554.9611,30387579458.755245,4946.05,0.432979,2963.8945572517114,2963.8945572517114,2963.8945572517114,2963.8945572517114
ethereum,2025-12-17,2957.8602493045723,357683002971.8731,25193138558.564495,4946.05,0.432979,2957.8602493045723,2957.8602493045723,2957.8602493045723,2957.8602493045723
ethereum,2025-12-18,2832.4683268792255,341631454024.48834,26934376839.542957,4946.05,0.432979,2832.4683268792255,2832.4683268792255,2832.4683268792255,2832.4683268792255
ethereum,2025-12-19,2826.6732476964435,341165495574.4765,30288692450.546524,4946.05,0.432979,2826.6732476964435,2826.6732476964435,2826.6732476964435,2826.6732476964435
ethereum,2025-12-20,2977.664503683636,359331722373.2621,28523528730.892265,4946.05,0.432979,2977.664503683636,2977.664503683636,2977.664503683636,2977.664503683636
ethereum,2025-12-21,2977.3342562903294,359359718209.9075,8310167969.389112,4946.05,0.432979,2977.3342562903294,2977.3342562903294,2977.3342562903294,2977.3342562903294
ethereum,2025-12-22,3004.2204920824893,362237625179.74133,11541888974.224104,4946.05,0.432979,3004.2204920824893,3004.2204920824893,3004.2204920824893,3004.2204920824893
ethereum,2025-12-23,3005.3755577051465,362826622916.6392,20802090114.584797,4946.05,0.432979,3005.3755577051465,3005.3755577051465,3005.3755577051465,3005.3755577051465
ethereum,2025-12-24,2965.21878516193,357695762330.7423,23215144844.485134,4946.05,0.432979,2965.21878516193,2965.21878516193,2965.21878516193,2965.21878516193
ethereum,2025-12-25,2945.367282877598,355504570722.50146,11172260132.203032,4946.05,0.432979,2945.367282877598,2945.367282877598,2945.367282877598,2945.367282877598
ethereum,2025-12-26,2901.680790122988,350427548560.45105,12005781929.156887,4946.05,0.432979,2901.680790122988,2901.680790122988,2901.680790122988,2901.680790122988
ethereum,2025-12-27,2926.4701674105486,353219445854.79834,18903895818.69645,4946.05,0.432979,2926.4701674105486,2926.4701674105486,2926.4701674105486,2926.4701674105486
ethereum,2025-12-28,2947.7123005407134,355789194202.7286,7524342177.165679,4946.05,0.432979,2947.7123005407134,2947.7123005407134,2947.7123005407134,2947.7123005407134
ethereum,2025-12-29,2948.8317693857384,355886730370.1094,9476414204.840725,4946.05,0.432979,2948.8317693857384,2948.8317693857384,2948.8317693857384,2948.8317693857384
ethereum,2025-12-30,2934.356280609806,354128526675.7914,28082271198.718864,4946.05,0.432979,2934.356280609806,2934.356280609806,2934.356280609806,2934.356280609806
ethereum,2025-12-31,2967.9804137872784,358627284965.09863,19289785214.006233,4946.05,0.432979,2967.9804137872784,2967.9804137872784,2967.9804137872784,2967.9804137872784
ethereum,2026-01-01,2970.028682356399,358467366367.18896,20381481311.55118,4946.05,0.432979,2970.028682356399,2970.028682356399,2970.028682356399,2970.028682356399
ethereum,2026-01-02,3003.8548082170178,362549964638.6268,11171495754.153849,4946.05,0.432979,3003.8548082170178,3003.8548082170178,3003.8548082170178,3003.8548082170178
ethereum,2026-01-03,3135.108477674636,378391580872.4133,2968683098.009085,4946.05,0.432979,3135.108477674636,3135.108477674636,3135.108477674636,3135.108477674636
ethereum,2026-01-04,3130.7963686371836,377871070454.3231,1833399982.7407174,4946.05,0.432979,3130.7963686371836,3130.7963686371836,3130.7963686371836,3130.7963686371836
ethereum,2026-01-05,3153.1033957378954,380563376620.20197,13358809647.653217,4946.05,0.432979,3153.1033957378954,3153.1033957378954,3153.1033957378954,3153.1033957378954
ethereum,2026-01-06,3227.3933194586493,389529756944.73987,26428294466.340294,4946.05,0.432979,3227.3933194586493,3227.3933194586493,3227.3933194586493,3227.3933194586493
ethereum,2026-01-07,3291.912961414173,397316871893.3528,28469573226.50492,4946.05,0.432979,3291.912961414173,3291.912961414173,3291.912961414173,3291.912961414173
ethereum,2026-01-08,3167.4127745767946,382290206190.8564,5848182737.430389,4946.05,0.432979,3167.4127745767946,3167.4127745767946,3167.4127745767946,3167.4127745767946
ethereum,2026-01-09,3106.059127932304,374885083400.75244,23170125276.17499,4946.05,0.432979,3106.059127932304,3106.059127932304,3106.059127932304,3106.059127932304
ethereum,2026-01-10,3085.4102699805294,372392811824.29297,19145157092.87242,4946.05,0.432979,3085.4102699805294,3085.4102699805294,3085.4102699805294,3085.4102699805294
ethereum,2026-01-11,3086.1247025890502,372478999268.31433,7690354756.801953,4946.05,0.432979,3086.1247025890502,3086.1247025890502,3086.1247025890502,3086.1247025890502
ethereum,2026-01-12,3120.1733886182465,376588474098.12317,3657548648.4503293,4946.05,0.432979,3120.1733886182465,3120.1733886182465,3120.1733886182465,3120.1733886182465
ethereum,2026-01-13,3091.684735239076,373150020016.49835,20575353540.85714,4946.05,0.432979,3091.684735239076,3091.684735239076,3091.684735239076,3091.684735239076
ethereum,2026-01-14,3330.50442935756,401974251658.0505,33330862704.46805,4946.05,0.432979,3330.50442935756,3330.50442935756,3330.50442935756,3330.50442935756
ethereum,2026-01-15,3351.816081641762,404546373479.0561,32668598575.116543,4946.05,0.432979,3351.816081641762,3351.816081641762,3351.816081641762,3351.816081641762
ethereum,2026-01-16,3319.2231658916444,400612477635.317,27127627892.625633,4946.05,0.432979,3319.2231658916444,3319.2231658916444,3319.2231658916444,3319.2231658916444
ethereum,2026-01-17,3292.5138978949726,397388689792.2721,9232226643.603647,4946.05,0.432979,3292.5138978949726,3292.5138978949726,3292.5138978949726,3292.5138978949726
ethereum,2026-01-18,3307.0701203970584,399145479765.2144,9590348432.129143,4946.05,0.432979,3307.0701203970584,3307.0701203970584,3307.0701203970584,3307.0701203970584
ethereum,2026-01-19,3277.768640868265,395608949640.7952,2106331225.2783458,4946.05,0.432979,3277.768640868265,3277.768640868265,3277.768640868265,3277.768640868265
ethereum,2026-01-20,3186.780739691063,384627179057.7912,26066522055.12842,4946.05,0.432979,3186.780739691063,3186.780739691063,3186.780739691063,3186.780739691063
ethereum,2026-01-21,2941.883255665837,355069320367.48303,31623540888.00539,4946.05,0.432979,2941.883255665837,2941.883255665837,2941.883255665837,2941.883255665837
ethereum,2026-01-22,2984.174965536145,360173623557.21564,35069368657.97486,4946.05,0.432979,2984.174965536145,2984.174965536145,2984.174965536145,2984.174965536145
ethereum,2026-01-23,2951.3870755868147,356216160217.3739,7553069376.804171,4946.05,0.432979,2951.3870755868147,2951.3870755868147,2951.3870755868147,2951.3870755868147
ethereum,2026-01-24,2955.1225550231966,356666947300.5546,21687027147.554882,4946.05,0.432979,2955.1225550231966,2955.1225550231966,2955.1225550231966,2955.1225550231966
ethereum,2026-01-25,2950.844309906184,356150528554.6088,8693090188.785778,4946.05,0.432979,2950.844309906184,2950.844309906184,2950.844309906184,2950.844309906184
ethereum,2026-01-26,2812.935403888694,339505649535.07916,21087108890.108875,4946.05,0.432979,2812.935403888694,2812.935403888694,2812.935403888694,2812.935403888694
ethereum,2026-01-27,2925.763833023022,353123365404.17914,28713656315.699368,4946.05,0.432979,2925.763833023022,2925.763833023022,2925.763833023022,2925.763833023022
ethereum,2026-01-28,3020.015731085415,364498969960.27167,26350282942.671562,4946.05,0.432979,3020.015731085415,3020.015731085415,3020.015731085415,3020.015731085415
ethereum,2026-01-29,3011.815000270356,363509125447.9493,3496364326.608271,4946.05,0.432979,3011.815000270356,3011.815000270356,3011.815000270356,3011.815000270356
ethereum,2026-01-30,2822.633841401332,340675959362.1641,35484717267.64361,4946.05,0.432979,2822.633841401332,2822.633841401332,2822.633841401332,2822.633841401332
ethereum,2026-01-31,2702.9166772970834,326226524185.7266,39407721389.72321,4946.05,0.432979,2702.9166772970834,2702.9166772970834,2702.9166772970834,2702.9166772970834
ethereum,2026-02-01,2450.663546893,295780761628.6315,45050027923.664215,4946.05,0.432979,2450.663546893,2450.663546893,2450.663546893,2450.663546893
ethereum,2026-02-02,2264.345387690806,273292483045.14944,33868246011.930717,4946.05,0.432979,2264.345387690806,2264.345387690806,2264.345387690806,2264.345387690806
ethereum,2026-02-03,2343.45854365222,282840794551.86694,45984376029.69217,4946.05,0.432979,2343.45854365222,2343.45854365222,2343.45854365222,2343.45854365222
ethereum,2026-02-04,2226.41311845928,268713942139.8216,46544998382.51254,4946.05,0.432979,2226.41311845928,2226.41311845928,2226.41311845928,2226.41311845928
ethereum,2026-02-05,2143.2933986604808,258681747901.23593,42499007789.320724,4946.05,0.432979,2143.2933986604808,2143.2933986604808,2143.2933986604808,2143.2933986604808
ethereum,2026-02-06,1823.8053314217489,220121462581.44495,55829473443.1791,4946.05,0.432979,1823.8053314217489,1823.8053314217489,1823.8053314217489,1823.8053314217489
ethereum,2026-02-07,2055.7743792337988,248117411003.78403,62686208935.47836,4946.05,0.432979,2055.7743792337988,2055.7743792337988,2055.7743792337988,2055.7743792337988
ethereum,2026-02-08,2087.9866273523585,252004649364.45456,38641220745.576004,4946.05,0.432979,2087.9866273523585,2087.9866273523585,2087.9866273523585,2087.9866273523585
ethereum,2026-02-09,2092.4274588224594,252540566503.86624,18373761018.921764,4946.05,0.432979,2092.4274588224594,2092.4274588224594,2092.4274588224594,2092.4274588224594
ethereum,2026-02-10,2106.7856442624457,254273467471.43976,25326126141.183537,4946.05,0.432979,2106.7856442624457,2106.7856442624457,2106.7856442624457,2106.7856442624457
ethereum,2026-02-11,2021.4415907712967,243972737071.38898,22188086166.935238,4946.05,0.432979,2021.4415907712967,2021.4415907712967,2021.4415907712967,2021.4415907712967
ethereum,2026-02-12,1944.681900647583,234708656146.40756,23015277128.532955,4946.05,0.432979,1944.681900647583,1944.681900647583,1944.681900647583,1944.681900647583
ethereum,2026-02-13,1947.8399217972387,235089752119.26395,18810755096.514824,4946.05,0.432979,1947.8399217972387,1947.8399217972387,1947.8399217972387,1947.8399217972387
ethereum,2026-02-14,2048.3187877857945,247216688708.74347,19455842755.379223,4946.05,0.432979,2048.3187877857945,2048.3187877857945,2048.3187877857945,2048.3187877857945
ethereum,2026-02-15,2085.705591574723,251728954564.07672,16109112029.317335,4946.05,0.432979,2085.705591574723,2085.705591574723,2085.705591574723,2085.705591574723
ethereum,2026-02-16,1967.5499217442239,237468436096.25647,28528944773.46997,4946.05,0.432979,1967.5499217442239,1967.5499217442239,1967.5499217442239,1967.5499217442239
ethereum,2026-02-17,1998.1759871140314,241164754377.35757,18489676867.975807,4946.05,0.432979,1998.1759871140314,1998.1759871140314,1998.1759871140314,1998.1759871140314
ethereum,2026-02-18,1994.3527116895793,240703295934.6862,19627011501.056713,4946.05,0.432979,1994.3527116895793,1994.3527116895793,1994.3527116895793,1994.3527116895793
ethereum,2026-02-19,1954.6531149212074,235911822601.9092,19117626447.143044,4946.05,0.432979,1954.6531149212074,1954.6531149212074,1954.6531149212074,1954.6531149212074
ethereum,2026-02-20,1949.6068369097477,235302740757.12222,16930478555.129438,4946.05,0.432979,1949.6068369097477,1949.6068369097477,1949.6068369097477,1949.6068369097477
ethereum,2026-02-21,1967.928380323993,237513976263.95554,20449925362.10393,4946.05,0.432979,1967.928380323993,1967.928380323993,1967.928380323993,1967.928380323993
ethereum,2026-02-22,1986.9516807466036,239809912412.23102,1379346767.405493,4946.05,0.432979,1986.9516807466036,1986.9516807466036,1986.9516807466036,1986.9516807466036
ethereum,2026-02-23,1886.450366591152,227680153598.7431,2071936733.0620174,4946.05,0.432979,1886.450366591152,1886.450366591152,1886.450366591152,1886.450366591152
ethereum,2026-02-24,1859.2199106790974,224393629610.997,20413977152.977077,4946.05,0.432979,1859.2199106790974,1859.2199106790974,1859.2199106790974,1859.2199106790974
ethereum,2026-02-25,1852.0821618898767,223532130167.85715,18105694898.68343,4946.05,0.432979,1852.0821618898767,1852.0821618898767,1852.0821618898767,1852.0821618898767
ethereum,2026-02-26,2053.097732531376,247793130804.5807,26648965147.76037,4946.05,0.432979,2053.097732531376,2053.097732531376,2053.097732531376,2053.097732531376
ethereum,2026-02-27,2027.5050759088144,244704231364.1244,21617579430.764626,4946.05,0.432979,2027.5050759088144,2027.5050759088144,2027.5050759088144,2027.5050759088144
ethereum,2026-02-28,1931.1188526606693,233071113277.70514,19700104445.7421,4946.05,0.432979,1931.1188526606693,1931.1188526606693,1931.1188526606693,1931.1188526606693
ethereum,2026-03-01,1966.7219163588757,237368088451.83548,20985423314.735542,4946.05,0.432979,1966.7219163588757,1966.7219163588757,1966.7219163588757,1966.7219163588757
ethereum,2026-03-02,1939.7957193912328,234118271380.97858,21599432840.139435,4946.05,0.432979,1939.7957193912328,1939.7957193912328,1939.7957193912328,1939.7957193912328
ethereum,2026-03-03,2028.799011354667,244860251697.49725,24070045894.571983,4946.05,0.432979,2028.799011354667,2028.799011354667,2028.799011354667,2028.799011354667
ethereum,2026-03-04,1982.9514132768732,239326733114.5177,21716084707.508087,4946.05,0.432979,1982.9514132768732,1982.9514132768732,1982.9514132768732,1982.9514132768732
ethereum,2026-03-05,2127.5791778087923,256782106158.73483,31454942233.916515,4946.05,0.432979,2127.5791778087923,2127.5791778087923,2127.5791778087923,2127.5791778087923
ethereum,2026-03-06,2073.3589471780524,250238063998.13748,20704070246.514977,4946.05,0.432979,2073.3589471780524,2073.3589471780524,2073.3589471780524,2073.3589471780524
ethereum,2026-03-07,1979.0781325827184,238859068440.4086,17880928376.383335,4946.05,0.432979,1979.0781325827184,1979.0781325827184,1979.0781325827184,1979.0781325827184
ethereum,2026-03-08,1984.4479694207268,239507117386.64005,1310770979.2352624,4946.05,0.432979,1984.4479694207268,1984.4479694207268,1984.4479694207268,1984.4479694207268
ethereum,2026-03-09,1939.3917593920498,234069173421.49823,15144191039.015755,4946.05,0.432979,1939.3917593920498,1939.3917593920498,1939.3917593920498,1939.3917593920498
ethereum,2026-03-10,1992.982026905004,240537076146.7661,21509559006.41827,4946.05,0.432979,1992.982026905004,1992.982026905004,1992.982026905004,1992.982026905004
ethereum,2026-03-11,2035.1741536034772,245629288936.0344,20433496336.302525,4946.05,0.432979,2035.1741536034772,2035.1741536034772,2035.1741536034772,2035.1741536034772
ethereum,2026-03-12,2051.9341141166024,247652035655.06946,16955024688.993406,4946.05,0.432979,2051.9341141166024,2051.9341141166024,2051.9341141166024,2051.9341141166024
ethereum,2026-03-13,2071.9197307868703,250064089421.84503,18582310202.19868,4946.05,0.432979,2071.9197307868703,2071.9197307868703,2071.9197307868703,2071.9197307868703
ethereum,2026-03-14,2090.073006429967,252254994382.1135,25561303913.200787,4946.05,0.432979,2090.073006429967,2090.073006429967,2090.073006429967,2090.073006429967
ethereum,2026-03-15,2107.1131900776604,254311529453.15802,1301666837.8119001,4946.05,0.432979,2107.1131900776604,2107.1131900776604,2107.1131900776604,2107.1131900776604
ethereum,2026-03-16,2182.0726576096104,263358513956.0199,14142774279.99913,4946.05,0.432979,2182.0726576096104,2182.0726576096104,2182.0726576096104,2182.0726576096104
ethereum,2026-03-17,2343.5310877349557,282845219015.19055,35446059567.200615,4946.05,0.432979,2343.5310877349557,2343.5310877349557,2343.5310877349557,2343.5310877349557
ethereum,2026-03-18,2320.9509267494554,280119875556.8624,23544760984.833347,4946.05,0.432979,2320.9509267494554,2320.9509267494554,2320.9509267494554,2320.9509267494554
ethereum,2026-03-19,2203.1349441544735,265900393517.91376,22377146282.21154,4946.05,0.432979,2203.1349441544735,2203.1349441544735,2203.1349441544735,2203.1349441544735
ethereum,2026-03-20,2139.514195287849,258221821843.73438,20747989001.230663,4946.05,0.432979,2139.514195287849,2139.514195287849,2139.514195287849,2139.514195287849
ethereum,2026-03-21,2146.578814982091,259074401685.337,15655115807.2655,4946.05,0.432979,2146.578814982091,2146.578814982091,2146.578814982091,2146.578814982091
ethereum,2026-03-22,2066.1561868530966,249368009906.10928,6737837915.836869,4946.05,0.432979,2066.1561868530966,2066.1561868530966,2066.1561868530966,2066.1561868530966
ethereum,2026-03-23,2055.681838744274,248103824426.18518,13821408478.563215,4946.05,0.432979,2055.681838744274,2055.681838744274,2055.681838744274,2055.681838744274
ethereum,2026-03-24,2152.471302393496,259785198462.48618,26141021835.50594,4946.05,0.432979,2152.471302393496,2152.471302393496,2152.471302393496,2152.471302393496
ethereum,2026-03-25,2156.3938779843224,260258554389.5669,15077078045.390007,4946.05,0.432979,2156.3938779843224,2156.3938779843224,2156.3938779843224,2156.3938779843224
ethereum,2026-03-26,2172.4163328611644,262192292183.59747,3783113507.931435,4946.05,0.432979,2172.4163328611644,2172.4163328611644,2172.4163328611644,2172.4163328611644
ethereum,2026-03-27,2059.589104363155,248574966495.32648,16416256659.251913,4946.05,0.432979,2059.589104363155,2059.589104363155,2059.589104363155,2059.589104363155
ethereum,2026-03-28,1991.5485477905527,240363008723.19138,17892632129.20947,4946.05,0.432979,1991.5485477905527,1991.5485477905527,1991.5485477905527,1991.5485477905527
ethereum,2026-03-29,2000.0500988359693,241389017276.30966,3680967183.3661385,4946.05,0.432979,2000.0500988359693,2000.0500988359693,2000.0500988359693,2000.0500988359693
ethereum,2026-03-30,1981.7423699353176,239179399783.70428,3126443831.8927627,4946.05,0.432979,1981.7423699353176,1981.7423699353176,1981.7423699353176,1981.7423699353176
ethereum,2026-03-31,2024.0146470848574,244281249742.8913,16073332742.566395,4946.05,0.432979,2024.0146470848574,2024.0146470848574,2024.0146470848574,2024.0146470848574
ethereum,2026-04-01,2101.726400516648,253660332207.47733,20288173965.149593,4946.05,0.432979,2101.726400516648,2101.726400516648,2101.726400516648,2101.726400516648
ethereum,2026-04-02,2245.70575810672,271037287487.52966,3.3651835247078548e+16,4946.05,0.432979,2245.70575810672,2245.70575810672,2245.70575810672,2245.70575810672
ethereum,2026-04-03,2148.331568256019,259284979706.38483,3.0909180262317188e+16,4946.05,0.432979,2148.331568256019,2148.331568256019,2148.331568256019,2148.331568256019
ethereum,2026-04-04,2153.9422147046753,259962065320.34033,3.0997452040073916e+16,4946.05,0.432979,2153.9422147046753,2153.9422147046753,2153.9422147046753,2153.9422147046753
ethereum,2026-04-05,2149.6888978335696,259448664364.27872,3.0947710058516548e+16,4946.05,0.432979,2149.6888978335696,2149.6888978335696,2149.6888978335696,2149.6888978335696
ethereum,2026-04-06,2210.9808037435196,266846010355.89725,3.2730278299567052e+16,4946.05,0.432979,2210.9808037435196,2210.9808037435196,2210.9808037435196,2210.9808037435196
ethereum,2026-04-07,2196.767542854042,265130543450.00177,3.2315538097330532e+16,4946.05,0.432979,2196.767542854042,2196.767542854042,2196.767542854042,2196.767542854042
ethereum,2026-04-08,2351.602663536811,283817726004.68604,3.698820290864145e+16,4946.05,0.432979,2351.602663536811,2351.602663536811,2351.602663536811,2351.602663536811
ethereum,2026-04-09,2310.4685340781693,278853128383.7627,3.548569235191825e+16,4946.05,0.432979,2310.4685340781693,2310.4685340781693,2310.4685340781693,2310.4685340781693
ethereum,2026-04-10,2296.7595249966234,277198469948.2756,3.5137951688886704e+16,4946.05,0.432979,2296.7595249966234,2296.7595249966234,2296.7595249966234,2296.7595249966234
ethereum,2026-04-11,2247.4186221630807,271243406913.34424,2203404978.6048203,4946.05,0.432979,2247.4186221630807,2247.4186221630807,2247.4186221630807,2247.4186221630807
ethereum,2026-04-12,2283.0571149299954,275544608218.2303,10793969205.906853,4946.05,0.432979,2283.0571149299954,2283.0571149299954,2283.0571149299954,2283.0571149299954
ethereum,2026-04-13,2189.221443884993,264219444192.96732,13405623366.831423,4946.05,0.432979,2189.221443884993,2189.221443884993,2189.221443884993,2189.221443884993
ethereum,2026-04-14,2374.0162053338927,286522445815.8492,22227550498.82565,4946.05,0.432979,2374.0162053338927,2374.0162053338927,2374.0162053338927,2374.0162053338927
ethereum,2026-04-15,2326.445177466492,280780975778.5925,21779733467.637848,4946.05,0.432979,2326.445177466492,2326.445177466492,2326.445177466492,2326.445177466492
ethereum,2026-04-16,2360.57614677394,284900194124.0837,2379628193.1620183,4946.05,0.432979,2360.57614677394,2360.57614677394,2360.57614677394,2360.57614677394
ethereum,2026-04-17,2348.987492385873,283501489006.51196,18277840224.2442,4946.05,0.432979,2348.987492385873,2348.987492385873,2348.987492385873,2348.987492385873
ethereum,2026-04-18,2421.2905710664027,292227734041.3285,22875298915.560413,4946.05,0.432979,2421.2905710664027,2421.2905710664027,2421.2905710664027,2421.2905710664027
ethereum,2026-04-19,2351.4600244518356,283799477384.54535,12968820774.047688,4946.05,0.432979,2351.4600244518356,2351.4600244518356,2351.4600244518356,2351.4600244518356
ethereum,2026-04-20,2264.1941982589246,273266828288.31577,15211822330.006557,4946.05,0.432979,2264.1941982589246,2264.1941982589246,2264.1941982589246,2264.1941982589246
ethereum,2026-04-21,2314.6386071300276,279354502380.66516,17060069305.720215,4946.05,0.432979,2314.6386071300276,2314.6386071300276,2314.6386071300276,2314.6386071300276
ethereum,2026-04-22,2326.6640126907014,280805083467.57495,15911266216.065207,4946.05,0.432979,2326.6640126907014,2326.6640126907014,2326.6640126907014,2326.6640126907014
ethereum,2026-04-23,2375.7144533633987,286724723305.0389,19824497898.46676,4946.05,0.432979,2375.7144533633987,2375.7144533633987,2375.7144533633987,2375.7144533633987
ethereum,2026-04-24,2331.0953087937605,281338314330.68677,17461867679.74141,4946.05,0.432979,2331.0953087937605,2331.0953087937605,2331.0953087937605,2331.0953087937605
ethereum,2026-04-25,2315.700185661901,279479725464.80133,2000632907.7500498,4946.05,0.432979,2315.700185661901,2315.700185661901,2315.700185661901,2315.700185661901
ethereum,2026-04-26,2320.566403725771,280066641519.59357,6503395269.585206,4946.05,0.432979,2320.566403725771,2320.566403725771,2320.566403725771,2320.566403725771
ethereum,2026-04-27,2369.1540292624554,285930428396.5808,10106202763.695818,4946.05,0.432979,2369.1540292624554,2369.1540292624554,2369.1540292624554,2369.1540292624554
ethereum,2026-04-28,2303.8842501308045,278052624845.4277,16613836112.053389,4946.05,0.432979,2303.8842501308045,2303.8842501308045,2303.8842501308045,2303.8842501308045
ethereum,2026-04-29,2292.7658741534183,276709948788.5879,1813581228.36513,4946.05,0.432979,2292.7658741534183,2292.7658741534183,2292.7658741534183,2292.7658741534183
ethereum,2026-04-30,2253.620049292702,271984956722.93295,19280727384.966576,4946.05,0.432979,2253.620049292702,2253.620049292702,2253.620049292702,2253.620049292702
ethereum,2026-05-01,2256.9491123703424,272386233737.76852,11586818602.190138,4946.05,0.432979,2256.9491123703424,2256.9491123703424,2256.9491123703424,2256.9491123703424
ethereum,2026-05-02,2295.583440883838,277048393325.80853,12644600926.186169,4946.05,0.432979,2295.583440883838,2295.583440883838,2295.583440883838,2295.583440883838
ethereum,2026-05-03,2322.287161264127,280270987498.46216,1263804336.3238258,4946.05,0.432979,2322.287161264127,2322.287161264127,2322.287161264127,2322.287161264127
ethereum,2026-05-04,2322.5878639164766,280307153738.07544,4551919997.822555,4946.05,0.432979,2322.5878639164766,2322.5878639164766,2322.5878639164766,2322.5878639164766
ethereum,2026-05-05,2346.1713028945196,283153280392.45935,23720470979.68119,4946.05,0.432979,2346.1713028945196,2346.1713028945196,2346.1713028945196,2346.1713028945196
ethereum,2026-05-06,2360.6443662859797,284899717179.8512,16718728906.766327,4946.05,0.432979,2360.6443662859797,2360.6443662859797,2360.6443662859797,2360.6443662859797
ethereum,2026-05-07,2351.0137484161237,283737319082.1199,20992171634.479675,4946.05,0.432979,2351.0137484161237,2351.0137484161237,2351.0137484161237,2351.0137484161237
ethereum,2026-05-08,2291.302591374564,276530674286.61005,21299616498.374397,4946.05,0.432979,2291.302591374564,2291.302591374564,2291.302591374564,2291.302591374564
ethereum,2026-05-09,2307.470372982362,278481484608.0288,18584836408.061428,4946.05,0.432979,2307.470372982362,2307.470372982362,2307.470372982362,2307.470372982362
ethereum,2026-05-10,2327.1639474602157,280857616089.8406,11176158889.11686,4946.05,0.432979,2327.1639474602157,2327.1639474602157,2327.1639474602157,2327.1639474602157
ethereum,2026-05-11,2369.9648714985337,286023012112.36975,17894035453.03701,4946.05,0.432979,2369.9648714985337,2369.9648714985337,2369.9648714985337,2369.9648714985337
ethereum,2026-05-12,2338.59446825004,282236853919.4963,14173141323.149693,4946.05,0.432979,2338.59446825004,2338.59446825004,2338.59446825004,2338.59446825004
ethereum,2026-05-13,2275.747322631228,274651656906.35928,14548238977.439606,4946.05,0.432979,2275.747322631228,2275.747322631228,2275.747322631228,2275.747322631228
ethereum,2026-05-14,2258.4839088491867,272567919519.1197,13894697752.532177,4946.05,0.432979,2258.4839088491867,2258.4839088491867,2258.4839088491867,2258.4839088491867
ethereum,2026-05-15,2282.595746277603,275477745070.3736,16191988437.405981,4946.05,0.432979,2282.595746277603,2282.595746277603,2282.595746277603,2282.595746277603
ethereum,2026-05-16,2223.9374886817177,268398316551.5641,16707284931.9336,4946.05,0.432979,2223.9374886817177,2223.9374886817177,2223.9374886817177,2223.9374886817177
ethereum,2026-05-17,2180.0891100856325,263105887893.18088,10440765468.705359,4946.05,0.432979,2180.0891100856325,2180.0891100856325,2180.0891100856325,2180.0891100856325
ethereum,2026-05-18,2130.749230126177,257151151560.93878,9346279089.585968,4946.05,0.432979,2130.749230126177,2130.749230126177,2130.749230126177,2130.749230126177
ethereum,2026-05-19,2128.8927623239815,256927014216.71082,18504025914.851704,4946.05,0.432979,2128.8927623239815,2128.8927623239815,2128.8927623239815,2128.8927623239815
ethereum,2026-05-20,2109.3421375885023,254567432222.94888,11250808873.19399,4946.05,0.432979,2109.3421375885023,2109.3421375885023,2109.3421375885023,2109.3421375885023
ethereum,2026-05-21,2127.468931683584,256754993448.5723,11238421745.282204,4946.05,0.432979,2127.468931683584,2127.468931683584,2127.468931683584,2127.468931683584
ethereum,2026-05-22,2132.1443703600044,257319162066.26633,13355202447.22478,4946.05,0.432979,2132.1443703600044,2132.1443703600044,2132.1443703600044,2132.1443703600044
ethereum,2026-05-23,2064.039749218924,249099851766.95044,12336915364.541262,4946.05,0.432979,2064.039749218924,2064.039749218924,2064.039749218924,2064.039749218924
ethereum,2026-05-24,2116.4299126571727,255422534247.0047,15645737334.490585,4946.05,0.432979,2116.4299126571727,2116.4299126571727,2116.4299126571727,2116.4299126571727
ethereum,2026-05-25,2097.6582568011895,253157019396.1855,9972550889.11964,4946.05,0.432979,2097.6582568011895,2097.6582568011895,2097.6582568011895,2097.6582568011895
ethereum,2026-05-26,2110.5929717502054,254718006828.523,9506066145.888752,4946.05,0.432979,2110.5929717502054,2110.5929717502054,2110.5929717502054,2110.5929717502054
ethereum,2026-05-27,2072.3492159738144,250102478155.41592,14155757179.744965,4946.05,0.432979,2072.3492159738144,2072.3492159738144,2072.3492159738144,2072.3492159738144
ethereum,2026-05-28,2022.465974317952,244082228718.45593,13111439048.810225,4946.05,0.432979,2022.465974317952,2022.465974317952,2022.465974317952,2022.465974317952
ethereum,2026-05-29,2008.1144631178963,242350127914.89413,16340884014.098196,4946.05,0.432979,2008.1144631178963,2008.1144631178963,2008.1144631178963,2008.1144631178963
ethereum,2026-05-30,2012.5607890669655,242886602421.65924,13631910773.179047,4946.05,0.432979,2012.5607890669655,2012.5607890669655,2012.5607890669655,2012.5607890669655
ethereum,2026-05-31,2021.665390940461,243985261872.80014,7309721337.815556,4946.05,0.432979,2021.665390940461,2021.665390940461,2021.665390940461,2021.665390940461
ethereum,2026-06-01,2005.0520566280852,241980194646.4275,8798577983.65509,4946.05,0.432979,2005.0520566280852,2005.0520566280852,2005.0520566280852,2005.0520566280852
ethereum,2026-06-02,2003.5794472377934,241802405659.34933,17641251039.019615,4946.05,0.432979,2003.5794472377934,2003.5794472377934,2003.5794472377934,2003.5794472377934
ethereum,2026-06-03,1858.3640479335945,224276922375.7809,22398056413.249477,4946.05,0.432979,1858.3640479335945,1858.3640479335945,1858.3640479335945,1858.3640479335945
ethereum,2026-06-04,1811.7149905120527,218646847414.9501,22460032720.27168,4946.05,0.432979,1811.7149905120527,1811.7149905120527,1811.7149905120527,1811.7149905120527
ethereum,2026-06-05,1769.0317333338,213495452809.0861,25717635461.02949,4946.05,0.432979,1769.0317333338,1769.0317333338,1769.0317333338,1769.0317333338
ethereum,2026-06-06,1582.4588294507628,190978752181.88416,38205353386.90695,4946.05,0.432979,1582.4588294507628,1582.4588294507628,1582.4588294507628,1582.4588294507628
ethereum,2026-06-07,1568.7027946407661,189318197707.50336,18640275407.494694,4946.05,0.432979,1568.7027946407661,1568.7027946407661,1568.7027946407661,1568.7027946407661
ethereum,2026-06-08,1687.8826846141703,203701307543.392,16062772861.618362,4946.05,0.432979,1687.8826846141703,1687.8826846141703,1687.8826846141703,1687.8826846141703
ethereum,2026-06-09,1690.4950851700783,204016538883.978,17032455956.759356,4946.05,0.432979,1690.4950851700783,1690.4950851700783,1690.4950851700783,1690.4950851700783
ethereum,2026-06-10,1638.7504135601862,197771660387.75195,14438363030.352573,4946.05,0.432979,1638.7504135601862,1638.7504135601862,1638.7504135601862,1638.7504135601862
ethereum,2026-06-11,1620.917390707054,195619412992.2519,12687812229.500313,4946.05,0.432979,1620.917390707054,1620.917390707054,1620.917390707054,1620.917390707054
ethereum,2026-06-12,1671.86904676229,201768387468.37537,12635592497.522842,4946.05,0.432979,1671.86904676229,1671.86904676229,1671.86904676229,1671.86904676229
ethereum,2026-06-13,1665.5551249935475,201006326715.53604,10271188237.766333,4946.05,0.432979,1665.5551249935475,1665.5551249935475,1665.5551249935475,1665.5551249935475
ethereum,2026-06-14,1680.3055520030994,202786394956.7776,6441342040.178422,4946.05,0.432979,1680.3055520030994,1680.3055520030994,1680.3055520030994,1680.3055520030994
ethereum,2026-06-15,1725.448928079916,208234439253.2255,8722419528.693426,4946.05,0.432979,1725.448928079916,1725.448928079916,1725.448928079916,1725.448928079916
ethereum,2026-06-16,1794.9576599037732,216622998493.3419,17421141494.745083,4946.05,0.432979,1794.9576599037732,1794.9576599037732,1794.9576599037732,1794.9576599037732
ethereum,2026-06-17,1791.3886783051394,216192147348.88727,14895312465.041277,4946.05,0.432979,1791.3886783051394,1791.3886783051394,1791.3886783051394,1791.3886783051394
ethereum,2026-06-18,1748.7549735206103,211046873391.0524,14238667168.314316,4946.05,0.432979,1748.7549735206103,1748.7549735206103,1748.7549735206103,1748.7549735206103
ethereum,2026-06-19,1710.079110757131,206379242687.9148,13166567999.261673,4946.05,0.432979,1710.079110757131,1710.079110757131,1710.079110757131,1710.079110757131
ethereum,2026-06-20,1708.87855388619,206234250069.17407,8744393544.88749,4946.05,0.432979,1708.87855388619,1708.87855388619,1708.87855388619,1708.87855388619
ethereum,2026-06-21,1739.2769352743533,209902786728.71887,8660156114.59372,4946.05,0.432979,1739.2769352743533,1739.2769352743533,1739.2769352743533,1739.2769352743533
ethereum,2026-06-22,1704.9130137257484,205755555330.1328,9501777100.678152,4946.05,0.432979,1704.9130137257484,1704.9130137257484,1704.9130137257484,1704.9130137257484
ethereum,2026-06-23,1725.1620208904676,208199241296.49207,14844534842.973106,4946.05,0.432979,1725.1620208904676,1725.1620208904676,1725.1620208904676,1725.1620208904676
ethereum,2026-06-24,1665.7162407218393,201025025282.61243,11028765091.96417,4946.05,0.432979,1665.7162407218393,1665.7162407218393,1665.7162407218393,1665.7162407218393
ethereum,2026-06-25,1620.6434082953833,195585379105.89435,14564492017.893734,4946.05,0.432979,1620.6434082953833,1620.6434082953833,1620.6434082953833,1620.6434082953833
ethereum,2026-06-26,1566.0081297519519,188991665755.70743,15715979048.939772,4946.05,0.432979,1566.0081297519519,1566.0081297519519,1566.0081297519519,1566.0081297519519
ethereum,2026-06-27,1576.9176481850786,190308081815.48938,15385677746.031172,4946.05,0.432979,1576.9176481850786,1576.9176481850786,1576.9176481850786,1576.9176481850786
ethereum,2026-06-28,1571.9371269098212,189706894652.55972,6488596779.477047,4946.05,0.432979,1571.9371269098212,1571.9371269098212,1571.9371269098212,1571.9371269098212
ethereum,2026-06-29,1570.0805519413402,189482804157.67572,6688950133.242254,4946.05,0.432979,1570.0805519413402,1570.0805519413402,1570.0805519413402,1570.0805519413402
ethereum,2026-06-30,1609.751185572177,194270370492.90536,12257591853.273031,4946.05,0.432979,1609.751185572177,1609.751185572177,1609.751185572177,1609.751185572177
ethereum,2026-07-01,1569.8271747749748,189452148354.94492,9776507854.22924,4946.05,0.432979,1569.8271747749748,1569.8271747749748,1569.8271747749748,1569.8271747749748
ethereum,2026-07-02,1608.254387223296,194089602864.7811,11965520976.255758,4946.05,0.432979,1608.254387223296,1608.254387223296,1608.254387223296,1608.254387223296
ethereum,2026-07-03,1698.5610521616197,204988032961.64233,13732855612.657272,4946.05,0.432979,1698.5610521616197,1698.5610521616197,1698.5610521616197,1698.5610521616197
ethereum,2026-07-04,1756.9804642496356,212038138510.35922,10305574832.445166,4946.05,0.432979,1756.9804642496356,1756.9804642496356,1756.9804642496356,1756.9804642496356
ethereum,2026-07-05,1779.908385139636,214805111963.64227,8250450293.077493,4946.05,0.432979,1779.908385139636,1779.908385139636,1779.908385139636,1779.908385139636
ethereum,2026-07-06,1784.2622991817525,215330521708.11813,10890625673.403336,4946.05,0.432979,1784.2622991817525,1784.2622991817525,1784.2622991817525,1784.2622991817525
ethereum,2026-07-07,1798.557105022033,217055626708.547,16362634630.524921,4946.05,0.432979,1798.557105022033,1798.557105022033,1798.557105022033,1798.557105022033
ethereum,2026-07-08,1771.2223954004269,213756723632.7925,9863305816.642056,4946.05,0.432979,1771.2223954004269,1771.2223954004269,1771.2223954004269,1771.2223954004269
ethereum,2026-07-09,1742.2494536901065,210260122320.1991,10424310698.384363,4946.05,0.432979,1742.2494536901065,1742.2494536901065,1742.2494536901065,1742.2494536901065
ethereum,2026-07-10,1744.6953884606253,210555249028.31128,7463353201.529596,4946.05,0.432979,1744.6953884606253,1744.6953884606253,1744.6953884606253,1744.6953884606253
ethereum,2026-07-11,1795.2394655119474,216655030211.1195,8967123815.261372,4946.05,0.432979,1795.2394655119474,1795.2394655119474,1795.2394655119474,1795.2394655119474
ethereum,2026-07-12,1787.9485944322748,215775095411.18936,6693222695.327211,4946.05,0.432979,1787.9485944322748,1787.9485944322748,1787.9485944322748,1787.9485944322748
ethereum,2026-07-13,1805.4862853704624,217891552265.4176,6029403660.551113,4946.05,0.432979,1805.4862853704624,1805.4862853704624,1805.4862853704624,1805.4862853704624
ethereum,2026-07-14,1774.0909253483635,214102634317.62497,10937935597.693302,4946.05,0.432979,1774.0909253483635,1774.0909253483635,1774.0909253483635,1774.0909253483635
ethereum,2026-07-15,1890.3093923843837,228128182150.20947,13672614153.992453,4946.05,0.432979,1890.3093923843837,1890.3093923843837,1890.3093923843837,1890.3093923843837
ethereum,2026-07-16,1916.7586464879018,231320074235.7647,11778781495.282999,4946.05,0.432979,1916.7586464879018,1916.7586464879018,1916.7586464879018,1916.7586464879018
ethereum,2026-07-17,1863.0065007127855,224833051309.7742,10783158385.916962,4946.05,0.432979,1863.0065007127855,1863.0065007127855,1863.0065007127855,1863.0065007127855
ethereum,2026-07-18,1840.7681193183653,222149185555.00424,10022919662.432865,4946.05,0.432979,1840.7681193183653,1840.7681193183653,1840.7681193183653,1840.7681193183653
ethereum,2026-07-19,1862.32234801627,224750368580.7533,4987957002.308284,4946.05,0.432979,1862.32234801627,1862.32234801627,1862.32234801627,1862.32234801627
ethereum,2026-07-20,1870.8170349782704,225775502701.29886,6954436039.274067,4946.05,0.432979,1870.8170349782704,1870.8170349782704,1870.8170349782704,1870.8170349782704
ethereum,2026-07-21,1901.7735152870935,229511401059.90768,11562172058.259706,4946.05,0.432979,1901.7735152870935,1901.7735152870935,1901.7735152870935,1901.7735152870935
ethereum,2026-07-22,1928.6558956703082,232755599657.75903,11705227603.004368,4946.05,0.432979,1928.6558956703082,1928.6558956703082,1928.6558956703082,1928.6558956703082
ethereum,2026-07-23,1933.4132583162384,233329678635.40228,10248156689.026426,4946.05,0.432979,1933.4132583162384,1933.4132583162384,1933.4132583162384,1933.4132583162384
ethereum,2026-07-24,1876.9500085020109,226515488311.58548,9245139007.364325,4946.05,0.432979,1876.9500085020109,1876.9500085020109,1876.9500085020109,1876.9500085020109
ethereum,2026-07-25,1861.2641627234207,224622407680.93185,8602589038.669394,4946.05,0.432979,1861.2641627234207,1861.2641627234207,1861.2641627234207,1861.2641627234207
ethereum,2026-07-26,1874.0317210558958,226163180101.46985,4513613793.837512,4946.05,0.432979,1874.0317210558958,1874.0317210558958,1874.0317210558958,1874.0317210558958
tether,2025-07-29,0.9999269261132532,163584498770.95288,108079878502.4291,1.32,0.572521,0.9999269261132532,0.9999269261132532,0.9999269261132532,0.9999269261132532
tether,2025-07-30,0.9997971388925146,163624344767.05676,91267863350.61844,1.32,0.572521,0.9997971388925146,0.9997971388925146,0.9997971388925146,0.9997971388925146
tether,2025-07-31,0.999897552495048,163741740571.13168,88865246597.1036,1.32,0.572521,0.999897552495048,0.999897552495048,0.999897552495048,0.999897552495048
tether,2025-08-01,0.9998588391299068,163729652519.65625,87434904764.36118,1.32,0.572521,0.9998588391299068,0.9998588391299068,0.9998588391299068,0.9998588391299068
tether,2025-08-02,0.9995182149682494,163827047721.03934,118316232014.95036,1.32,0.572521,0.9995182149682494,0.9995182149682494,0.9995182149682494,0.9995182149682494
tether,2025-08-03,0.9997367525867732,163857152088.6411,68564928753.47144,1.32,0.572521,0.9997367525867732,0.9997367525867732,0.9997367525867732,0.9997367525867732
tether,2025-08-04,1.0000268812984217,163898336148.0803,53659485646.12783,1.32,0.572521,1.0000268812984217,1.0000268812984217,1.0000268812984217,1.0000268812984217
tether,2025-08-05,0.9999049251418228,163887408339.41772,70384051819.82922,1.32,0.572521,0.9999049251418228,0.9999049251418228,0.9999049251418228,0.9999049251418228
tether,2025-08-06,0.999919450054192,163881824651.82657,72964931175.64581,1.32,0.572521,0.999919450054192,0.999919450054192,0.999919450054192,0.999919450054192
tether,2025-08-07,1.0001581784780351,163850169477.58527,61452738822.54327,1.32,0.572521,1.0001581784780351,1.0001581784780351,1.0001581784780351,1.0001581784780351
tether,2025-08-08,1.0001668947886873,164063954353.08905,81390145119.55867,1.32,0.572521,1.0001668947886873,1.0001668947886873,1.0001668947886873,1.0001668947886873
tether,2025-08-09,1.000017278072051,164349060577.44485,84708753386.64069,1.32,0.572521,1.000017278072051,1.000017278072051,1.000017278072051,1.000017278072051
tether,2025-08-10,1.0001851438880909,164516772119.60727,76011657135.03731,1.32,0.572521,1.0001851438880909,1.0001851438880909,1.0001851438880909,1.0001851438880909
tether,2025-08-11,1.0000914360209892,164521261648.24243,77387098095.13577,1.32,0.572521,1.0000914360209892,1.0000914360209892,1.0000914360209892,1.0000914360209892
tether,2025-08-12,0.9999907588546724,164533652180.8122,114115238914.59872,1.32,0.572521,0.9999907588546724,0.9999907588546724,0.9999907588546724,0.9999907588546724
tether,2025-08-13,0.9997766994973836,164588720459.89825,109878312677.61472,1.32,0.572521,0.9997766994973836,0.9997766994973836,0.9997766994973836,0.9997766994973836
tether,2025-08-14,1.0002496976998003,165065644891.67102,138111358052.6647,1.32,0.572521,1.0002496976998003,1.0002496976998003,1.0002496976998003,1.0002496976998003
tether,2025-08-15,1.000669302001699,165136853437.26733,159477151383.78357,1.32,0.572521,1.000669302001699,1.000669302001699,1.000669302001699,1.000669302001699
tether,2025-08-16,1.0006497790029438,165963946140.44794,114549388222.79536,1.32,0.572521,1.0006497790029438,1.0006497790029438,1.0006497790029438,1.0006497790029438
tether,2025-08-17,1.000587223565168,166491582949.3492,62351047876.77007,1.32,0.572521,1.000587223565168,1.000587223565168,1.000587223565168,1.000587223565168
tether,2025-08-18,1.000653225764489,166764960049.38745,61935914780.18478,1.32,0.572521,1.000653225764489,1.000653225764489,1.000653225764489,1.000653225764489
tether,2025-08-19,1.0004442833301967,166810022680.098,101178842455.17612,1.32,0.572521,1.0004442833301967,1.0004442833301967,1.0004442833301967,1.0004442833301967
tether,2025-08-20,0.9998226196770188,167028660059.48517,98523095569.36972,1.32,0.572521,0.9998226196770188,0.9998226196770188,0.9998226196770188,0.9998226196770188
tether,2025-08-21,1.000080473898308,167023103386.71637,96905019208.859,1.32,0.572521,1.000080473898308,1.000080473898308,1.000080473898308,1.000080473898308
tether,2025-08-22,0.9997672407796808,167022463443.8843,78236721847.63223,1.32,0.572521,0.9997672407796808,0.9997672407796808,0.9997672407796808,0.9997672407796808
tether,2025-08-23,0.999708392561644,167016094903.45044,126189475644.9019,1.32,0.572521,0.999708392561644,0.999708392561644,0.999708392561644,0.999708392561644
tether,2025-08-24,0.9996468550907712,167092171523.247,69553338574.12003,1.32,0.572521,0.9996468550907712,0.9996468550907712,0.9996468550907712,0.9996468550907712
tether,2025-08-25,0.9999222665352756,167139584892.3105,99827439791.37772,1.32,0.572521,0.9999222665352756,0.9999222665352756,0.9999222665352756,0.9999222665352756
tether,2025-08-26,1.000225063978514,167189078913.7236,119828360762.18263,1.32,0.572521,1.000225063978514,1.000225063978514,1.000225063978514,1.000225063978514
tether,2025-08-27,1.0002090701126731,167227656284.75525,98089798303.79196,1.32,0.572521,1.0002090701126731,1.0002090701126731,1.0002090701126731,1.0002090701126731
tether,2025-08-28,1.0000982350761354,167223628659.4015,83555266984.72653,1.32,0.572521,1.0000982350761354,1.0000982350761354,1.0000982350761354,1.0000982350761354
tether,2025-08-29,1.000131917086953,167352259211.3806,77316915063.20984,1.32,0.572521,1.000131917086953,1.000131917086953,1.000131917086953,1.000131917086953
tether,2025-08-30,1.0002320782243326,167391194398.2337,104833803444.55844,1.32,0.572521,1.0002320782243326,1.0002320782243326,1.0002320782243326,1.0002320782243326
tether,2025-08-31,1.0002034461420704,167622193730.11966,56612956142.29183,1.32,0.572521,1.0002034461420704,1.0002034461420704,1.0002034461420704,1.0002034461420704
tether,2025-09-01,1.0001583626664363,168035628639.57123,57221858773.714775,1.32,0.572521,1.0001583626664363,1.0001583626664363,1.0001583626664363,1.0001583626664363
tether,2025-09-02,1.0000695530198922,168037074850.20016,88690310307.55933,1.32,0.572521,1.0000695530198922,1.0000695530198922,1.0000695530198922,1.0000695530198922
tether,2025-09-03,1.000064226693747,168033889936.61472,94019856573.5372,1.32,0.572521,1.000064226693747,1.000064226693747,1.000064226693747,1.000064226693747
tether,2025-09-04,1.000358055390705,168207552953.90656,76310436167.34976,1.32,0.572521,1.000358055390705,1.000358055390705,1.000358055390705,1.000358055390705
tether,2025-09-05,1.0001251843033547,168334044512.6072,75634409631.04361,1.32,0.572521,1.0001251843033547,1.0001251843033547,1.0001251843033547,1.0001251843033547
tether,2025-09-06,1.0001923319457118,168572453602.2489,103525864829.48251,1.32,0.572521,1.0001923319457118,1.0001923319457118,1.0001923319457118,1.0001923319457118
tether,2025-09-07,1.0003706620735016,168935354719.06802,43278604749.94599,1.32,0.572521,1.0003706620735016,1.0003706620735016,1.0003706620735016,1.0003706620735016
tether,2025-09-08,1.0000338388218544,168878851554.51395,48391225564.81982,1.32,0.572521,1.0000338388218544,1.0000338388218544,1.0000338388218544,1.0000338388218544
tether,2025-09-09,1.0000631867795011,168883091028.59952,84165526248.33954,1.32,0.572521,1.0000631867795011,1.0000631867795011,1.0000631867795011,1.0000631867795011
tether,2025-09-10,1.000038911805304,168936425755.95398,95313133412.85275,1.32,0.572521,1.000038911805304,1.000038911805304,1.000038911805304,1.000038911805304
tether,2025-09-11,1.0002794276636764,169143368752.80823,101586052040.68462,1.32,0.572521,1.0002794276636764,1.0002794276636764,1.0002794276636764,1.0002794276636764
tether,2025-09-12,1.0004104490922463,169434032741.00717,91844538159.96414,1.32,0.572521,1.0004104490922463,1.0004104490922463,1.0004104490922463,1.0004104490922463
tether,2025-09-13,1.0006532315258008,169645081665.79944,111516680304.01263,1.32,0.572521,1.0006532315258008,1.0006532315258008,1.0006532315258008,1.0006532315258008
tether,2025-09-14,1.000576806871364,170098665079.7162,86639333942.41098,1.32,0.572521,1.000576806871364,1.000576806871364,1.000576806871364,1.000576806871364
tether,2025-09-15,1.0006244703036051,170337048120.54984,76113648339.96219,1.32,0.572521,1.0006244703036051,1.0006244703036051,1.0006244703036051,1.0006244703036051
tether,2025-09-16,1.000316787583556,170305107301.9642,103536367960.83533,1.32,0.572521,1.000316787583556,1.000316787583556,1.000316787583556,1.000316787583556
tether,2025-09-17,1.0003641036170647,170855780183.63193,84443710439.60004,1.32,0.572521,1.0003641036170647,1.0003641036170647,1.0003641036170647,1.0003641036170647
tether,2025-09-18,1.0003191325499747,171008337949.55527,119767888619.15424,1.32,0.572521,1.0003191325499747,1.0003191325499747,1.0003191325499747,1.0003191325499747
tether,2025-09-19,1.0003547577553138,171182541911.88965,106178715117.44691,1.32,0.572521,1.0003547577553138,1.0003547577553138,1.0003547577553138,1.0003547577553138
tether,2025-09-20,1.000440455542206,171519776180.673,79108307604.8142,1.32,0.572521,1.000440455542206,1.000440455542206,1.000440455542206,1.000440455542206
tether,2025-09-21,1.0004074367911122,171522962292.24405,49129168756.00942,1.32,0.572521,1.0004074367911122,1.0004074367911122,1.0004074367911122,1.0004074367911122
tether,2025-09-22,1.0004689106229934,172007658137.41742,54247854836.65417,1.32,0.572521,1.0004689106229934,1.0004689106229934,1.0004689106229934,1.0004689106229934
tether,2025-09-23,1.000808291551875,172159137185.26056,148312302899.45914,1.32,0.572521,1.000808291551875,1.000808291551875,1.000808291551875,1.000808291551875
tether,2025-09-24,1.0002028705058388,172782988274.18234,95757619722.86195,1.32,0.572521,1.0002028705058388,1.0002028705058388,1.0002028705058388,1.0002028705058388
tether,2025-09-25,1.0003353777388937,173097577615.02927,95730037762.65295,1.32,0.572521,1.0003353777388937,1.0003353777388937,1.0003353777388937,1.0003353777388937
tether,2025-09-26,1.0005069030327227,173525907601.41373,164162261757.9599,1.32,0.572521,1.0005069030327227,1.0005069030327227,1.0005069030327227,1.0005069030327227
tether,2025-09-27,1.0005283197682366,173539364939.73392,119754710720.31558,1.32,0.572521,1.0005283197682366,1.0005283197682366,1.0005283197682366,1.0005283197682366
tether,2025-09-28,1.0006000332252691,174268646642.99356,55296824054.87655,1.32,0.572521,1.0006000332252691,1.0006000332252691,1.0006000332252691,1.0006000332252691
tether,2025-09-29,1.0003092403139358,174426431543.56372,64574368271.1609,1.32,0.572521,1.0003092403139358,1.0003092403139358,1.0003092403139358,1.0003092403139358
tether,2025-09-30,1.0004470317388705,174449104381.7058,110825813097.62604,1.32,0.572521,1.0004470317388705,1.0004470317388705,1.0004470317388705,1.0004470317388705
tether,2025-10-01,1.0000249949916378,174690086251.1323,107689436884.04684,1.32,0.572521,1.0000249949916378,1.0000249949916378,1.0000249949916378,1.0000249949916378
tether,2025-10-02,1.0004552652269978,175001861390.81754,127338719729.17451,1.32,0.572521,1.0004552652269978,1.0004552652269978,1.0004552652269978,1.0004552652269978
tether,2025-10-03,1.0004690294217136,175810776631.00162,132030888117.92532,1.32,0.572521,1.0004690294217136,1.0004690294217136,1.0004690294217136,1.0004690294217136
tether,2025-10-04,1.0005406899735831,176336999642.3428,143482094223.1145,1.32,0.572521,1.0005406899735831,1.0005406899735831,1.0005406899735831,1.0005406899735831
tether,2025-10-05,1.0003775279421727,176309928780.34433,69295179571.27296,1.32,0.572521,1.0003775279421727,1.0003775279421727,1.0003775279421727,1.0003775279421727
tether,2025-10-06,1.0002265178338232,177071187079.16705,124813425921.39902,1.32,0.572521,1.0002265178338232,1.0002265178338232,1.0002265178338232,1.0002265178338232
tether,2025-10-07,1.000319008364658,177475363323.4947,128584321780.15224,1.32,0.572521,1.000319008364658,1.000319008364658,1.000319008364658,1.000319008364658
tether,2025-10-08,1.0003488972071828,177489031739.88306,150911914383.1635,1.32,0.572521,1.0003488972071828,1.0003488972071828,1.0003488972071828,1.0003488972071828
tether,2025-10-09,1.000249150782755,177956691778.83344,120830343862.77388,1.32,0.572521,1.000249150782755,1.000249150782755,1.000249150782755,1.000249150782755
tether,2025-10-10,1.0004969645540007,178432831059.70578,133389362273.49162,1.32,0.572521,1.0004969645540007,1.0004969645540007,1.0004969645540007,1.0004969645540007
tether,2025-10-11,1.0017394407420666,178972642867.42053,281411330642.0686,1.32,0.572521,1.0017394407420666,1.0017394407420666,1.0017394407420666,1.0017394407420666
tether,2025-10-12,1.0015713951919227,179448570250.109,202322528579.85336,1.32,0.572521,1.0015713951919227,1.0015713951919227,1.0015713951919227,1.0015713951919227
tether,2025-10-13,1.0012090401312448,180013867666.22723,177606074040.39105,1.32,0.572521,1.0012090401312448,1.0012090401312448,1.0012090401312448,1.0012090401312448
tether,2025-10-14,1.0010216081225078,179964007931.02396,148901610753.16083,1.32,0.572521,1.0010216081225078,1.0010216081225078,1.0010216081225078,1.0010216081225078
tether,2025-10-15,1.0006626487826449,180729472695.61444,176719028646.9106,1.32,0.572521,1.0006626487826449,1.0006626487826449,1.0006626487826449,1.0006626487826449
tether,2025-10-16,1.0007616464467108,180743142035.0008,130746105297.09166,1.32,0.572521,1.0007616464467108,1.0007616464467108,1.0007616464467108,1.0007616464467108
tether,2025-10-17,1.0005049822947896,181419640529.07236,143361669453.52008,1.32,0.572521,1.0005049822947896,1.0005049822947896,1.0005049822947896,1.0005049822947896
tether,2025-10-18,1.0007435264526368,181686349492.81735,162249923038.48102,1.32,0.572521,1.0007435264526368,1.0007435264526368,1.0007435264526368,1.0007435264526368
tether,2025-10-19,1.0005842107102871,181976851000.4648,62766270893.83485,1.32,0.572521,1.0005842107102871,1.0005842107102871,1.0005842107102871,1.0005842107102871
tether,2025-10-20,1.0005932818005,181975684490.67044,83421479387.64851,1.32,0.572521,1.0005932818005,1.0005932818005,1.0005932818005,1.0005932818005
tether,2025-10-21,1.0005328153184754,181966466928.9676,107084983310.33884,1.32,0.572521,1.0005328153184754,1.0005328153184754,1.0005328153184754,1.0005328153184754
tether,2025-10-22,1.0005461388459322,182052157746.2898,160951831103.31003,1.32,0.572521,1.0005461388459322,1.0005461388459322,1.0005461388459322,1.0005461388459322
tether,2025-10-23,1.0003830538217613,182480178627.5005,136680048083.50735,1.32,0.572521,1.0003830538217613,1.0003830538217613,1.0003830538217613,1.0003830538217613
tether,2025-10-24,1.000448974206458,182585442014.9322,103380862314.01524,1.32,0.572521,1.000448974206458,1.000448974206458,1.000448974206458,1.000448974206458
tether,2025-10-25,1.0003900542948034,182963419680.44073,93827692341.4876,1.32,0.572521,1.0003900542948034,1.0003900542948034,1.0003900542948034,1.0003900542948034
tether,2025-10-26,1.0003962928175032,182956178237.86823,46167822739.07074,1.32,0.572521,1.0003962928175032,1.0003962928175032,1.0003962928175032,1.0003962928175032
tether,2025-10-27,1.0000949292803192,183190861747.89316,78288146325.15324,1.32,0.572521,1.0000949292803192,1.0000949292803192,1.0000949292803192,1.0000949292803192
tether,2025-10-28,1.0001325669855952,183197259221.4385,113068714528.34177,1.32,0.572521,1.0001325669855952,1.0001325669855952,1.0001325669855952,1.0001325669855952
tether,2025-10-29,1.0003165591560037,183287707374.2695,100485451053.07149,1.32,0.572521,1.0003165591560037,1.0003165591560037,1.0003165591560037,1.0003165591560037
tether,2025-10-30,1.0003290362082176,183390258782.4276,110654435703.28725,1.32,0.572521,1.0003290362082176,1.0003290362082176,1.0003290362082176,1.0003290362082176
tether,2025-10-31,1.0002506325997242,183362530714.80145,123900787206.09248,1.32,0.572521,1.0002506325997242,1.0002506325997242,1.0002506325997242,1.0002506325997242
tether,2025-11-01,0.9997345661952466,183351410315.86276,105214425616.49716,1.32,0.572521,0.9997345661952466,0.9997345661952466,0.9997345661952466,0.9997345661952466
tether,2025-11-02,0.9998709430583818,183430908772.2523,49397160711.54898,1.32,0.572521,0.9998709430583818,0.9998709430583818,0.9998709430583818,0.9998709430583818
tether,2025-11-03,0.999993847327561,183455740913.5826,63154345084.26244,1.32,0.572521,0.999993847327561,0.999993847327561,0.999993847327561,0.999993847327561
tether,2025-11-04,0.9999077329068164,183434044622.21906,142424020008.15207,1.32,0.572521,0.9999077329068164,0.9999077329068164,0.9999077329068164,0.9999077329068164
tether,2025-11-05,1.0000171081502,183431557308.6671,205222797815.29907,1.32,0.572521,1.0000171081502,1.0000171081502,1.0000171081502,1.0000171081502
tether,2025-11-06,1.0000507402754248,183475997459.95865,137331692829.2724,1.32,0.572521,1.0000507402754248,1.0000507402754248,1.0000507402754248,1.0000507402754248
tether,2025-11-07,0.9996149674972749,183377143305.63727,107703479915.43184,1.32,0.572521,0.9996149674972749,0.9996149674972749,0.9996149674972749,0.9996149674972749
tether,2025-11-08,0.9994755607214236,183396707861.31635,135851146119.2932,1.32,0.572521,0.9994755607214236,0.9994755607214236,0.9994755607214236,0.9994755607214236
tether,2025-11-09,0.9997781233646436,183434443781.99948,71884732560.81108,1.32,0.572521,0.9997781233646436,0.9997781233646436,0.9997781233646436,0.9997781233646436
tether,2025-11-10,0.999933940963397,183436178836.14713,79250834000.62444,1.32,0.572521,0.999933940963397,0.999933940963397,0.999933940963397,0.999933940963397
tether,2025-11-11,0.9996494583348062,183433226855.60217,118670693303.9602,1.32,0.572521,0.9996494583348062,0.9996494583348062,0.9996494583348062,0.9996494583348062
tether,2025-11-12,0.9994367482658756,183443876778.71368,110868877798.00244,1.32,0.572521,0.9994367482658756,0.9994367482658756,0.9994367482658756,0.9994367482658756
tether,2025-11-13,0.9998498442947212,184014726008.69928,99885821128.99356,1.32,0.572521,0.9998498442947212,0.9998498442947212,0.9998498442947212,0.9998498442947212
tether,2025-11-14,0.9995563574678672,183930311553.39227,139649398500.2637,1.32,0.572521,0.9995563574678672,0.9995563574678672,0.9995563574678672,0.9995563574678672
tether,2025-11-15,0.9990279253079662,183929054196.4613,152267504158.68127,1.32,0.572521,0.9990279253079662,0.9990279253079662,0.9990279253079662,0.9990279253079662
tether,2025-11-16,0.9996174180238316,183971861705.9821,67023651451.86672,1.32,0.572521,0.9996174180238316,0.9996174180238316,0.9996174180238316,0.9996174180238316
tether,2025-11-17,0.9994664267670036,183930324432.08575,100424682230.60571,1.32,0.572521,0.9994664267670036,0.9994664267670036,0.9994664267670036,0.9994664267670036
tether,2025-11-18,0.9990132469477836,183850936709.9747,135724968137.93892,1.32,0.572521,0.9990132469477836,0.9990132469477836,0.9990132469477836,0.9990132469477836
tether,2025-11-19,0.9995141274387312,183757335083.84015,135814576890.41129,1.32,0.572521,0.9995141274387312,0.9995141274387312,0.9995141274387312,0.9995141274387312
tether,2025-11-20,0.99918535555469,183745046916.538,121394661539.02696,1.32,0.572521,0.99918535555469,0.99918535555469,0.99918535555469,0.99918535555469
tether,2025-11-21,0.9989445543519508,184588950163.2297,138257664382.31845,1.32,0.572521,0.9989445543519508,0.9989445543519508,0.9989445543519508,0.9989445543519508
tether,2025-11-22,0.9995821151492124,184706618173.9468,189239179321.86157,1.32,0.572521,0.9995821151492124,0.9995821151492124,0.9995821151492124,0.9995821151492124
tether,2025-11-23,0.999622758268959,184515223328.25632,62979623007.22199,1.32,0.572521,0.999622758268959,0.999622758268959,0.999622758268959,0.999622758268959
tether,2025-11-24,0.9998233431731418,184456984702.469,77675392126.11987,1.32,0.572521,0.9998233431731418,0.9998233431731418,0.9998233431731418,0.9998233431731418
tether,2025-11-25,0.9998498773358704,184375324862.8891,102906075010.75868,1.32,0.572521,0.9998498773358704,0.9998498773358704,0.9998498773358704,0.9998498773358704
tether,2025-11-26,0.9997328728520452,184482959060.05984,85608434853.45624,1.32,0.572521,0.9997328728520452,0.9997328728520452,0.9997328728520452,0.9997328728520452
tether,2025-11-27,0.999971476914114,184557760611.52435,86328351043.35362,1.32,0.572521,0.999971476914114,0.999971476914114,0.999971476914114,0.999971476914114
tether,2025-11-28,0.9999848135115972,184562315274.0026,69736423571.59216,1.32,0.572521,0.9999848135115972,0.9999848135115972,0.9999848135115972,0.9999848135115972
tether,2025-11-29,1.0002491933071564,184663168517.24823,77198816588.91916,1.32,0.572521,1.0002491933071564,1.0002491933071564,1.0002491933071564,1.0002491933071564
tether,2025-11-30,1.0003013453160328,184678012913.09055,42364410450.20926,1.32,0.572521,1.0003013453160328,1.0003013453160328,1.0003013453160328,1.0003013453160328
tether,2025-12-01,1.0001932588829208,184637357060.67743,45564003700.565674,1.32,0.572521,1.0001932588829208,1.0001932588829208,1.0001932588829208,1.0001932588829208
tether,2025-12-02,1.0000766381180937,184600441072.05756,120509008716.37408,1.32,0.572521,1.0000766381180937,1.0000766381180937,1.0000766381180937,1.0000766381180937
tether,2025-12-03,1.000358577874569,184649841045.81476,101804450237.09209,1.32,0.572521,1.000358577874569,1.000358577874569,1.000358577874569,1.000358577874569
tether,2025-12-04,1.0002865588860543,185359702232.0339,102673417539.98976,1.32,0.572521,1.0002865588860543,1.0002865588860543,1.0002865588860543,1.0002865588860543
tether,2025-12-05,1.0001940665839886,185554508928.0305,85001946625.74637,1.32,0.572521,1.0001940665839886,1.0001940665839886,1.0001940665839886,1.0001940665839886
tether,2025-12-06,1.0002406986092007,185561469077.1167,84740004762.46153,1.32,0.572521,1.0002406986092007,1.0002406986092007,1.0002406986092007,1.0002406986092007
tether,2025-12-07,1.0002620586547162,185679199499.4194,42323128005.26191,1.32,0.572521,1.0002620586547162,1.0002620586547162,1.0002620586547162,1.0002620586547162
tether,2025-12-08,1.000217479246165,185691866459.0886,61100257103.58053,1.32,0.572521,1.000217479246165,1.000217479246165,1.000217479246165,1.000217479246165
tether,2025-12-09,1.0001157164479302,185668523903.61624,75652593109.68697,1.32,0.572521,1.0001157164479302,1.0001157164479302,1.0001157164479302,1.0001157164479302
tether,2025-12-10,1.000103049355251,185736847025.4407,95572509431.3774,1.32,0.572521,1.000103049355251,1.000103049355251,1.000103049355251,1.000103049355251
tether,2025-12-11,1.000220463695655,186093435695.35364,90962072291.22894,1.32,0.572521,1.000220463695655,1.000220463695655,1.000220463695655,1.000220463695655
tether,2025-12-12,1.0001982112594614,186185857472.63068,88895663901.48193,1.32,0.572521,1.0001982112594614,1.0001982112594614,1.0001982112594614,1.0001982112594614
tether,2025-12-13,1.0001724526170432,186250474510.92172,73595262981.57999,1.32,0.572521,1.0001724526170432,1.0001724526170432,1.0001724526170432,1.0001724526170432
tether,2025-12-14,1.0002048608993803,186246172430.53,35609771452.29176,1.32,0.572521,1.0002048608993803,1.0002048608993803,1.0002048608993803,1.0002048608993803
tether,2025-12-15,1.00019031632753,186286628265.25775,47670808266.82711,1.32,0.572521,1.00019031632753,1.00019031632753,1.00019031632753,1.00019031632753
tether,2025-12-16,1.0000355518186628,186268937657.6123,84827807452.35939,1.32,0.572521,1.0000355518186628,1.0000355518186628,1.0000355518186628,1.0000355518186628
tether,2025-12-17,0.9999132098992476,186308016497.72095,74841174554.63293,1.32,0.572521,0.9999132098992476,0.9999132098992476,0.9999132098992476,0.9999132098992476
tether,2025-12-18,0.9998204078945946,186282834264.8372,80543707129.87111,1.32,0.572521,0.9998204078945946,0.9998204078945946,0.9998204078945946,0.9998204078945946
tether,2025-12-19,0.9995585304683968,186192732854.04517,94979682014.42693,1.32,0.572521,0.9995585304683968,0.9995585304683968,0.9995585304683968,0.9995585304683968
tether,2025-12-20,0.9994676660033008,186224204966.82785,90984222038.6605,1.32,0.572521,0.9994676660033008,0.9994676660033008,0.9994676660033008,0.9994676660033008
tether,2025-12-21,0.999758149935464,186773632481.9555,34520211340.4057,1.32,0.572521,0.999758149935464,0.999758149935464,0.999758149935464,0.999758149935464
tether,2025-12-22,0.9997827756969716,186783670577.32895,45636534428.65831,1.32,0.572521,0.9997827756969716,0.9997827756969716,0.9997827756969716,0.9997827756969716
tether,2025-12-23,0.9995272845166544,186812018918.5227,71392495092.69128,1.32,0.572521,0.9995272845166544,0.9995272845166544,0.9995272845166544,0.9995272845166544
tether,2025-12-24,0.9994763027436544,186819829285.2763,66024273117.9772,1.32,0.572521,0.9994763027436544,0.9994763027436544,0.9994763027436544,0.9994763027436544
tether,2025-12-25,0.9995334952340048,186801170610.45163,50508541491.58942,1.32,0.572521,0.9995334952340048,0.9995334952340048,0.9995334952340048,0.9995334952340048
tether,2025-12-26,0.9995120557594676,186800463671.99808,41024749343.92863,1.32,0.572521,0.9995120557594676,0.9995120557594676,0.9995120557594676,0.9995120557594676
tether,2025-12-27,0.999341165090903,186760967525.97528,72170769642.57074,1.32,0.572521,0.999341165090903,0.999341165090903,0.999341165090903,0.999341165090903
tether,2025-12-28,0.9994758580499756,186731509926.23553,30505773335.765102,1.32,0.572521,0.9994758580499756,0.9994758580499756,0.9994758580499756,0.9994758580499756
tether,2025-12-29,0.999354656877494,186707201851.99417,33239393947.677105,1.32,0.572521,0.999354656877494,0.999354656877494,0.999354656877494,0.999354656877494
tether,2025-12-30,0.9989103714642767,186625118143.61685,88452523543.63086,1.32,0.572521,0.9989103714642767,0.9989103714642767,0.9989103714642767,0.9989103714642767
tether,2025-12-31,0.9990319248051008,187155882879.91092,64199112191.2643,1.32,0.572521,0.9990319248051008,0.9990319248051008,0.9990319248051008,0.9990319248051008
tether,2026-01-01,0.9988879005551584,187129561217.21115,77714126683.33278,1.32,0.572521,0.9988879005551584,0.9988879005551584,0.9988879005551584,0.9988879005551584
tether,2026-01-02,0.9989448058238586,186903915203.7422,36075161416.11436,1.32,0.572521,0.9989448058238586,0.9989448058238586,0.9989448058238586,0.9989448058238586
tether,2026-01-03,0.9995758064068687,187021976260.54218,55565168660.19902,1.32,0.572521,0.9995758064068687,0.9995758064068687,0.9995758064068687,0.9995758064068687
tether,2026-01-04,0.9996004521295695,187035583909.37927,30274382328.51749,1.32,0.572521,0.9996004521295695,0.9996004521295695,0.9996004521295695,0.9996004521295695
tether,2026-01-05,0.9995779025232452,187031364642.18665,46798002648.09002,1.32,0.572521,0.9995779025232452,0.9995779025232452,0.9995779025232452,0.9995779025232452
tether,2026-01-06,0.9998942037627081,187090547875.73495,88997396899.16025,1.32,0.572521,0.9998942037627081,0.9998942037627081,0.9998942037627081,0.9998942037627081
tether,2026-01-07,0.9996472708878295,187028398801.7655,87140089724.49736,1.32,0.572521,0.9996472708878295,0.9996472708878295,0.9996472708878295,0.9996472708878295
tether,2026-01-08,0.9993778909590088,186978987696.05795,53904362422.13541,1.32,0.572521,0.9993778909590088,0.9993778909590088,0.9993778909590088,0.9993778909590088
tether,2026-01-09,0.9992872367962841,186962026720.90527,75010767763.20299,1.32,0.572521,0.9992872367962841,0.9992872367962841,0.9992872367962841,0.9992872367962841
tether,2026-01-10,0.9989522729720297,186862845451.88147,63762418788.08118,1.32,0.572521,0.9989522729720297,0.9989522729720297,0.9989522729720297,0.9989522729720297
tether,2026-01-11,0.9988980819867569,186760373001.30707,24722794770.321304,1.32,0.572521,0.9988980819867569,0.9988980819867569,0.9988980819867569,0.9988980819867569
tether,2026-01-12,0.9988188579598742,186745560760.32266,27416352408.332447,1.32,0.572521,0.9988188579598742,0.9988188579598742,0.9988188579598742,0.9988188579598742
tether,2026-01-13,0.9989805875441197,186742778635.0749,69659105842.39868,1.32,0.572521,0.9989805875441197,0.9989805875441197,0.9989805875441197,0.9989805875441197
tether,2026-01-14,0.9994373788404903,186743273927.65546,103629931400.02081,1.32,0.572521,0.9994373788404903,0.9994373788404903,0.9994373788404903,0.9994373788404903
tether,2026-01-15,0.9998590670369738,186822065691.9572,102771387580.12143,1.32,0.572521,0.9998590670369738,0.9998590670369738,0.9998590670369738,0.9998590670369738
tether,2026-01-16,0.999674430007557,186805984184.6037,84862420792.91003,1.32,0.572521,0.999674430007557,0.999674430007557,0.999674430007557,0.999674430007557
tether,2026-01-17,0.9996032330555287,186792679836.41257,45137416169.44166,1.32,0.572521,0.9996032330555287,0.9996032330555287,0.9996032330555287,0.9996032330555287
tether,2026-01-18,0.9996188373857083,186921751388.8458,15911972276.466274,1.32,0.572521,0.9996188373857083,0.9996188373857083,0.9996188373857083,0.9996188373857083
tether,2026-01-19,0.9996512104142635,186929704255.38974,27577914320.83222,1.32,0.572521,0.9996512104142635,0.9996512104142635,0.9996512104142635,0.9996512104142635
tether,2026-01-20,0.9994784208609079,186905500343.7287,71225226494.04681,1.32,0.572521,0.9994784208609079,0.9994784208609079,0.9994784208609079,0.9994784208609079
tether,2026-01-21,0.999075936097345,186843273743.76974,92255721776.13023,1.32,0.572521,0.999075936097345,0.999075936097345,0.999075936097345,0.999075936097345
tether,2026-01-22,0.9992321173776572,186773772167.2338,92453355706.80077,1.32,0.572521,0.9992321173776572,0.9992321173776572,0.9992321173776572,0.9992321173776572
tether,2026-01-23,0.9992112119866924,186769864587.9424,49069800212.74781,1.32,0.572521,0.9992112119866924,0.9992112119866924,0.9992112119866924,0.9992112119866924
tether,2026-01-24,0.998886994335272,186693311410.32077,70914105347.50453,1.32,0.572521,0.998886994335272,0.998886994335272,0.998886994335272,0.998886994335272
tether,2026-01-25,0.998685183580697,186655592708.53882,153041654023.21118,1.32,0.572521,0.998685183580697,0.998685183580697,0.998685183580697,0.998685183580697
tether,2026-01-26,0.9991533365680776,186743091126.23285,185215679876.7056,1.32,0.572521,0.9991533365680776,0.9991533365680776,0.9991533365680776,0.9991533365680776
tether,2026-01-27,0.999074158438655,186362700028.5788,78818297548.87512,1.32,0.572521,0.999074158438655,0.999074158438655,0.999074158438655,0.999074158438655
tether,2026-01-28,0.9989729276071556,186343816894.70428,69229206871.9684,1.32,0.572521,0.9989729276071556,0.9989729276071556,0.9989729276071556,0.9989729276071556
tether,2026-01-29,0.9988394036750715,186117647752.84082,52111489184.055984,1.32,0.572521,0.9988394036750715,0.9988394036750715,0.9988394036750715,0.9988394036750715
tether,2026-01-30,0.9987251185933675,185610792425.12634,426827886115.34766,1.32,0.572521,0.9987251185933675,0.9987251185933675,0.9987251185933675,0.9987251185933675
tether,2026-01-31,0.9987954497223324,185623863305.52808,119469677271.16469,1.32,0.572521,0.9987954497223324,0.9987954497223324,0.9987954497223324,0.9987954497223324
tether,2026-02-01,0.9990619525427709,185199161891.73776,124126614170.12497,1.32,0.572521,0.9990619525427709,0.9990619525427709,0.9990619525427709,0.9990619525427709
tether,2026-02-02,0.9992695397760992,185237642970.44763,86480113365.61452,1.32,0.572521,0.9992695397760992,0.9992695397760992,0.9992695397760992,0.9992695397760992
tether,2026-02-03,0.9993696919978253,185236840876.71698,127208487400.17932,1.32,0.572521,0.9993696919978253,0.9993696919978253,0.9993696919978253,0.9993696919978253
tether,2026-02-04,0.9988330241850284,185137367527.6263,119334657678.6044,1.32,0.572521,0.9988330241850284,0.9988330241850284,0.9988330241850284,0.9988330241850284
tether,2026-02-05,0.9983598210538084,185411431078.3212,114684018581.73141,1.32,0.572521,0.9983598210538084,0.9983598210538084,0.9983598210538084,0.9983598210538084
tether,2026-02-06,0.9985458743633499,185445984161.9404,184201151593.06042,1.32,0.572521,0.9985458743633499,0.9985458743633499,0.9985458743633499,0.9985458743633499
tether,2026-02-07,0.9995479765642489,185632090612.97858,195541864177.32596,1.32,0.572521,0.9995479765642489,0.9995479765642489,0.9995479765642489,0.9995479765642489
tether,2026-02-08,0.9994890411434894,185621145360.101,108625553794.16092,1.32,0.572521,0.9994890411434894,0.9994890411434894,0.9994890411434894,0.9994890411434894
tether,2026-02-09,0.9995790007861678,184495292567.45633,61551925403.113045,1.32,0.572521,0.9995790007861678,0.9995790007861678,0.9995790007861678,0.9995790007861678
tether,2026-02-10,0.9995862056169436,184496622384.6702,94385647488.78331,1.32,0.572521,0.9995862056169436,0.9995862056169436,0.9995862056169436,0.9995862056169436
tether,2026-02-11,0.999591379702612,183702714784.87534,79334036942.2693,1.32,0.572521,0.999591379702612,0.999591379702612,0.999591379702612,0.999591379702612
tether,2026-02-12,0.9994311739035185,183916408714.51376,78862529613.56966,1.32,0.572521,0.9994311739035185,0.9994311739035185,0.9994311739035185,0.9994311739035185
tether,2026-02-13,0.9994543164399945,183920667429.17902,69486717209.60385,1.32,0.572521,0.9994543164399945,0.9994543164399945,0.9994543164399945,0.9994543164399945
tether,2026-02-14,0.9996421987862967,183751190197.25003,64959285695.716805,1.32,0.572521,0.9996421987862967,0.9996421987862967,0.9996421987862967,0.9996421987862967
tether,2026-02-15,0.9997279666371912,183766955782.87823,59116384153.29106,1.32,0.572521,0.9997279666371912,0.9997279666371912,0.9997279666371912,0.9997279666371912
tether,2026-02-16,0.999715989509018,183725615302.21713,76300328480.95728,1.32,0.572521,0.999715989509018,0.999715989509018,0.999715989509018,0.999715989509018
tether,2026-02-17,0.999691451565424,183695191639.6778,58903870883.796104,1.32,0.572521,0.999691451565424,0.999691451565424,0.999691451565424,0.999691451565424
tether,2026-02-18,0.9996623244124784,183679542946.54056,58216039026.123344,1.32,0.572521,0.9996623244124784,0.9996623244124784,0.9996623244124784,0.9996623244124784
tether,2026-02-19,0.9997245880076261,183691267742.46515,55303606262.91071,1.32,0.572521,0.9997245880076261,0.9997245880076261,0.9997245880076261,0.9997245880076261
tether,2026-02-20,0.9997577291038109,183694223906.0845,52085308059.074104,1.32,0.572521,0.9997577291038109,0.9997577291038109,0.9997577291038109,0.9997577291038109
tether,2026-02-21,0.9997175782850583,183686846645.29898,74645387426.60136,1.32,0.572521,0.9997175782850583,0.9997175782850583,0.9997175782850583,0.9997175782850583
tether,2026-02-22,0.9998383859547713,183709043694.12772,24610761945.37986,1.32,0.572521,0.9998383859547713,0.9998383859547713,0.9998383859547713,0.9998383859547713
tether,2026-02-23,0.9999286964475942,183611145381.33435,28017490881.84158,1.32,0.572521,0.9999286964475942,0.9999286964475942,0.9999286964475942,0.9999286964475942
tether,2026-02-24,0.9997767634414362,183583246798.78442,74956441690.5622,1.32,0.572521,0.9997767634414362,0.9997767634414362,0.9997767634414362,0.9997767634414362
tether,2026-02-25,1.0000438412642458,183632288760.60254,63503138148.42595,1.32,0.572521,1.0000438412642458,1.0000438412642458,1.0000438412642458,1.0000438412642458
tether,2026-02-26,1.0000858748187451,183640007140.03647,77726350136.97606,1.32,0.572521,1.0000858748187451,1.0000858748187451,1.0000858748187451,1.0000858748187451
tether,2026-02-27,1.0000144763109229,183544930510.81158,63053016686.23799,1.32,0.572521,1.0000144763109229,1.0000144763109229,1.0000144763109229,1.0000144763109229
tether,2026-02-28,1.0000281835017166,183554846367.80075,61779482829.86399,1.32,0.572521,1.0000281835017166,1.0000281835017166,1.0000281835017166,1.0000281835017166
tether,2026-03-01,1.000102347058182,183601362403.2084,67444238979.67275,1.32,0.572521,1.000102347058182,1.000102347058182,1.000102347058182,1.000102347058182
tether,2026-03-02,1.0000465365952496,183642413959.82745,64561225929.6077,1.32,0.572521,1.0000465365952496,1.0000465365952496,1.0000465365952496,1.0000465365952496
tether,2026-03-03,0.9999689558728245,183628167511.66577,86782282052.85626,1.32,0.572521,0.9999689558728245,0.9999689558728245,0.9999689558728245,0.9999689558728245
tether,2026-03-04,0.9999491043475452,183723070579.61502,72452328666.82631,1.32,0.572521,0.9999491043475452,0.9999491043475452,0.9999491043475452,0.9999491043475452
tether,2026-03-05,1.0001020502397493,183917288094.12646,109000997040.80777,1.32,0.572521,1.0001020502397493,1.0001020502397493,1.0001020502397493,1.0001020502397493
tether,2026-03-06,1.0000543982698527,184051832414.87817,73199862352.37599,1.32,0.572521,1.0000543982698527,1.0000543982698527,1.0000543982698527,1.0000543982698527
tether,2026-03-07,0.9999466145059103,183960574707.98965,59500736300.74953,1.32,0.572521,0.9999466145059103,0.9999466145059103,0.9999466145059103,0.9999466145059103
tether,2026-03-08,0.9999890272459505,183968377395.24167,26213905943.38205,1.32,0.572521,0.9999890272459505,0.9999890272459505,0.9999890272459505,0.9999890272459505
tether,2026-03-09,0.9999745987735309,183904867570.6545,47104713760.10886,1.32,0.572521,0.9999745987735309,0.9999745987735309,0.9999745987735309,0.9999745987735309
tether,2026-03-10,1.0000624383715133,183921022110.63406,68577006022.10602,1.32,0.572521,1.0000624383715133,1.0000624383715133,1.0000624383715133,1.0000624383715133
tether,2026-03-11,1.0000314625277567,183895918430.58926,71726752344.2464,1.32,0.572521,1.0000314625277567,1.0000314625277567,1.0000314625277567,1.0000314625277567
tether,2026-03-12,1.0000627699088032,183901675549.04697,31622431635.360607,1.32,0.572521,1.0000627699088032,1.0000627699088032,1.0000627699088032,1.0000627699088032
tether,2026-03-13,1.000003898970279,183991238069.5795,57983804039.23438,1.32,0.572521,1.000003898970279,1.000003898970279,1.000003898970279,1.000003898970279
tether,2026-03-14,1.0000688069992778,184024979573.37836,83730841110.40161,1.32,0.572521,1.0000688069992778,1.0000688069992778,1.0000688069992778,1.0000688069992778
tether,2026-03-15,1.0000898341464455,184048850621.98862,25703252748.02171,1.32,0.572521,1.0000898341464455,1.0000898341464455,1.0000898341464455,1.0000898341464455
tether,2026-03-16,1.0000747118431978,184046067628.69824,42189662736.07035,1.32,0.572521,1.0000747118431978,1.0000747118431978,1.0000747118431978,1.0000747118431978
tether,2026-03-17,0.9999527472449043,184062206569.25424,89619285493.05357,1.32,0.572521,0.9999527472449043,0.9999527472449043,0.9999527472449043,0.9999527472449043
tether,2026-03-18,1.000135884062071,184117118332.47723,69865118843.02794,1.32,0.572521,1.000135884062071,1.000135884062071,1.000135884062071,1.000135884062071
tether,2026-03-19,0.999972208954338,184086987037.6614,67787751910.69711,1.32,0.572521,0.999972208954338,0.999972208954338,0.999972208954338,0.999972208954338
tether,2026-03-20,1.0000096219010974,184185060024.56973,64482469308.55016,1.32,0.572521,1.0000096219010974,1.0000096219010974,1.0000096219010974,1.0000096219010974
tether,2026-03-21,0.9998772079199817,184159671703.87018,52436071038.04568,1.32,0.572521,0.9998772079199817,0.9998772079199817,0.9998772079199817,0.9998772079199817
tether,2026-03-22,0.9998988818551717,184163663658.83975,29488267148.55172,1.32,0.572521,0.9998988818551717,0.9998988818551717,0.9998988818551717,0.9998988818551717
tether,2026-03-23,0.9998052514110612,184149077728.2051,42361923472.79292,1.32,0.572521,0.9998052514110612,0.9998052514110612,0.9998052514110612,0.9998052514110612
tether,2026-03-24,0.9997778044760346,184142411881.92654,79631150906.00208,1.32,0.572521,0.9997778044760346,0.9997778044760346,0.9997778044760346,0.9997778044760346
tether,2026-03-25,0.9996287978620707,184160132647.9567,356009016957.973,1.32,0.572521,0.9996287978620707,0.9996287978620707,0.9996287978620707,0.9996287978620707
tether,2026-03-26,0.9997019943765516,184161656680.99866,43546459619.0511,1.32,0.572521,0.9997019943765516,0.9997019943765516,0.9997019943765516,0.9997019943765516
tether,2026-03-27,0.999428282642224,184111234448.44302,69108687829.63464,1.32,0.572521,0.999428282642224,0.999428282642224,0.999428282642224,0.999428282642224
tether,2026-03-28,0.9993721293612566,184100890084.51337,66661978518.6804,1.32,0.572521,0.9993721293612566,0.9993721293612566,0.9993721293612566,0.9993721293612566
tether,2026-03-29,0.9994121227833229,184108257534.9191,29640804081.11688,1.32,0.572521,0.9994121227833229,0.9994121227833229,0.9994121227833229,0.9994121227833229
tether,2026-03-30,0.9994841563176875,184121527304.4102,27704824257.836384,1.32,0.572521,0.9994841563176875,0.9994841563176875,0.9994841563176875,0.9994841563176875
tether,2026-03-31,0.999289323461007,184091081952.6705,75464664021.6453,1.32,0.572521,0.999289323461007,0.999289323461007,0.999289323461007,0.999289323461007
tether,2026-04-01,0.9992506184240884,184084711233.09543,75513185886.34573,1.32,0.572521,0.9992506184240884,0.9992506184240884,0.9992506184240884,0.9992506184240884
tether,2026-04-02,0.9998590079074388,184137681875.04007,7039752264645326.0,1.32,0.572521,0.9998590079074388,0.9998590079074388,0.9998590079074388,0.9998590079074388
tether,2026-04-03,0.9999348601034678,184151651092.13113,6804707157121608.0,1.32,0.572521,0.9999348601034678,0.9999348601034678,0.9999348601034678,0.9999348601034678
tether,2026-04-04,0.9998790536633418,184142206295.57236,6797376407899947.0,1.32,0.572521,0.9998790536633418,0.9998790536633418,0.9998790536633418,0.9998790536633418
tether,2026-04-05,0.9998677744631465,184127130784.11447,6874905901239365.0,1.32,0.572521,0.9998677744631465,0.9998677744631465,0.9998677744631465,0.9998677744631465
tether,2026-04-06,0.9996882950488165,184094079383.81824,7329767448538937.0,1.32,0.572521,0.9996882950488165,0.9996882950488165,0.9996882950488165,0.9996882950488165
tether,2026-04-07,0.9999181411385395,184136405881.48465,7201995682658983.0,1.32,0.572521,0.9999181411385395,0.9999181411385395,0.9999181411385395,0.9999181411385395
tether,2026-04-08,0.9998588906980178,184125494825.15344,7858318205958510.0,1.32,0.572521,0.9998588906980178,0.9998588906980178,0.9998588906980178,0.9998588906980178
tether,2026-04-09,0.9999167749847983,184097859862.13998,7650868871019533.0,1.32,0.572521,0.9999167749847983,0.9999167749847983,0.9999167749847983,0.9999167749847983
tether,2026-04-10,0.9999501855803457,184102900358.27478,7820468852087316.0,1.32,0.572521,0.9999501855803457,0.9999501855803457,0.9999501855803457,0.9999501855803457
tether,2026-04-11,1.0001815106037026,184316341468.6148,42039045803.50302,1.32,0.572521,1.0001815106037026,1.0001815106037026,1.0001815106037026,1.0001815106037026
tether,2026-04-12,1.000176032246123,184405347742.4982,35992395621.30721,1.32,0.572521,1.000176032246123,1.000176032246123,1.000176032246123,1.000176032246123
tether,2026-04-13,1.0000602099170357,184447424062.6737,42194195285.42214,1.32,0.572521,1.0000602099170357,1.0000602099170357,1.0000602099170357,1.0000602099170357
tether,2026-04-14,1.0001840569325096,184708421106.60254,73744285347.26363,1.32,0.572521,1.0001840569325096,1.0001840569325096,1.0001840569325096,1.0001840569325096
tether,2026-04-15,1.0001981913398683,185514110940.85184,78638381925.94604,1.32,0.572521,1.0001981913398683,1.0001981913398683,1.0001981913398683,1.0001981913398683
tether,2026-04-16,1.0000993859914804,185495784786.57452,45681024301.44293,1.32,0.572521,1.0000993859914804,1.0000993859914804,1.0000993859914804,1.0000993859914804
tether,2026-04-17,1.0000078232240905,185743745143.29562,72243737791.63261,1.32,0.572521,1.0000078232240905,1.0000078232240905,1.0000078232240905,1.0000078232240905
tether,2026-04-18,1.0001746298085643,186644724611.7239,91748751697.37808,1.32,0.572521,1.0001746298085643,1.0001746298085643,1.0001746298085643,1.0001746298085643
tether,2026-04-19,1.0001493454331734,186640006240.41037,83149141470.5846,1.32,0.572521,1.0001493454331734,1.0001493454331734,1.0001493454331734,1.0001493454331734
tether,2026-04-20,1.0002178969581084,187263431769.1593,81546170691.93597,1.32,0.572521,1.0002178969581084,1.0002178969581084,1.0002178969581084,1.0002178969581084
tether,2026-04-21,1.0001718516413016,187948272495.88824,63518255835.40308,1.32,0.572521,1.0001718516413016,1.0001718516413016,1.0001718516413016,1.0001718516413016
tether,2026-04-22,1.0001105003505013,188510653894.06247,60168568308.00879,1.32,0.572521,1.0001105003505013,1.0001105003505013,1.0001105003505013,1.0001105003505013
tether,2026-04-23,1.0000847125747914,188821937471.88794,69813429045.58073,1.32,0.572521,1.0000847125747914,1.0000847125747914,1.0000847125747914,1.0000847125747914
tether,2026-04-24,1.0001460056351292,189693000673.424,60929212772.330215,1.32,0.572521,1.0001460056351292,1.0001460056351292,1.0001460056351292,1.0001460056351292
tether,2026-04-25,1.0001199871952942,189688065878.0068,41035154855.02722,1.32,0.572521,1.0001199871952942,1.0001199871952942,1.0001199871952942,1.0001199871952942
tether,2026-04-26,1.000137441382784,189832404487.28833,27458188225.07175,1.32,0.572521,1.000137441382784,1.000137441382784,1.000137441382784,1.000137441382784
tether,2026-04-27,1.0000606030553172,189776120922.74445,34451018225.90085,1.32,0.572521,1.0000606030553172,1.0000606030553172,1.0000606030553172,1.0000606030553172
tether,2026-04-28,0.999877658454086,189709718920.2855,61481633436.76231,1.32,0.572521,0.999877658454086,0.999877658454086,0.999877658454086,0.999877658454086
tether,2026-04-29,0.9998194447281278,189659280468.06775,41628522948.13959,1.32,0.572521,0.9998194447281278,0.9998194447281278,0.9998194447281278,0.9998194447281278
tether,2026-04-30,0.9996267653044212,189529384201.19006,68904357102.58954,1.32,0.572521,0.9996267653044212,0.9996267653044212,0.9996267653044212,0.9996267653044212
tether,2026-05-01,0.9995499304989109,189489202685.2676,49795832253.114136,1.32,0.572521,0.9995499304989109,0.9995499304989109,0.9995499304989109,0.9995499304989109
tether,2026-05-02,0.9997934416626284,189549063396.68887,473980250226.25684,1.32,0.572521,0.9997934416626284,0.9997934416626284,0.9997934416626284,0.9997934416626284
tether,2026-05-03,0.9998505791173832,189559895807.87628,267852017259.4893,1.32,0.572521,0.9998505791173832,0.9998505791173832,0.9998505791173832,0.9998505791173832
tether,2026-05-04,0.9997765173462133,189545854567.29895,30448419548.197315,1.32,0.572521,0.9997765173462133,0.9997765173462133,0.9997765173462133,0.9997765173462133
tether,2026-05-05,0.9998102558717602,189538597602.87115,82017979294.88087,1.32,0.572521,0.9998102558717602,0.9998102558717602,0.9998102558717602,0.9998102558717602
tether,2026-05-06,0.9998560411766596,189546877821.26672,63028395153.35079,1.32,0.572521,0.9998560411766596,0.9998560411766596,0.9998560411766596,0.9998560411766596
tether,2026-05-07,0.9998677361650202,189625998337.2906,70643810385.21484,1.32,0.572521,0.9998677361650202,0.9998677361650202,0.9998677361650202,0.9998677361650202
tether,2026-05-08,0.9999157782129442,189699168049.93295,64875121755.91106,1.32,0.572521,0.9999157782129442,0.9999157782129442,0.9999157782129442,0.9999157782129442
tether,2026-05-09,0.9998927137406666,189671244066.54984,60935947620.93306,1.32,0.572521,0.9998927137406666,0.9998927137406666,0.9998927137406666,0.9998927137406666
tether,2026-05-10,0.9998003306150335,189653719762.97916,182997466696.41867,1.32,0.572521,0.9998003306150335,0.9998003306150335,0.9998003306150335,0.9998003306150335
tether,2026-05-11,0.9998640660008973,189665809811.37708,52277935869.851685,1.32,0.572521,0.9998640660008973,0.9998640660008973,0.9998640660008973,0.9998640660008973
tether,2026-05-12,0.9997013714408102,189773505730.1897,53673351409.16008,1.32,0.572521,0.9997013714408102,0.9997013714408102,0.9997013714408102,0.9997013714408102
tether,2026-05-13,0.9996977659101502,189759240359.92242,53023363875.93651,1.32,0.572521,0.9996977659101502,0.9996977659101502,0.9996977659101502,0.9996977659101502
tether,2026-05-14,0.9996035089013227,189782209716.80353,56514987096.445595,1.32,0.572521,0.9996035089013227,0.9996035089013227,0.9996035089013227,0.9996035089013227
tether,2026-05-15,0.9997064318591652,189801750410.88474,66138151270.77128,1.32,0.572521,0.9997064318591652,0.9997064318591652,0.9997064318591652,0.9997064318591652
tether,2026-05-16,0.9994568397573957,189754363481.78748,60340289142.406815,1.32,0.572521,0.9994568397573957,0.9994568397573957,0.9994568397573957,0.9994568397573957
tether,2026-05-17,0.9995742803348563,189776660454.63962,38599257784.88221,1.32,0.572521,0.9995742803348563,0.9995742803348563,0.9995742803348563,0.9995742803348563
tether,2026-05-18,0.9995225074598388,189766830986.7189,33835838047.635258,1.32,0.572521,0.9995225074598388,0.9995225074598388,0.9995225074598388,0.9995225074598388
tether,2026-05-19,0.9993743995163152,189737691536.44458,330030908746.715,1.32,0.572521,0.9993743995163152,0.9993743995163152,0.9993743995163152,0.9993743995163152
tether,2026-05-20,0.9991225751911934,189689980968.31998,43929244016.6983,1.32,0.572521,0.9991225751911934,0.9991225751911934,0.9991225751911934,0.9991225751911934
tether,2026-05-21,0.9991363029171384,189678393216.5726,47050480644.95647,1.32,0.572521,0.9991363029171384,0.9991363029171384,0.9991363029171384,0.9991363029171384
tether,2026-05-22,0.9991255517373622,189686843267.65784,47616539435.94414,1.32,0.572521,0.9991255517373622,0.9991255517373622,0.9991255517373622,0.9991255517373622
tether,2026-05-23,0.9989811061160956,189526951893.1488,307256268610.6988,1.32,0.572521,0.9989811061160956,0.9989811061160956,0.9989811061160956,0.9989811061160956
tether,2026-05-24,0.999054616238467,189541786515.45602,248435740412.1552,1.32,0.572521,0.999054616238467,0.999054616238467,0.999054616238467,0.999054616238467
tether,2026-05-25,0.9991874192537139,189479053553.2403,1288792959671.4402,1.32,0.572521,0.9991874192537139,0.9991874192537139,0.9991874192537139,0.9991874192537139
tether,2026-05-26,0.9991929092470497,189480779032.52747,36347858776.195854,1.32,0.572521,0.9991929092470497,0.9991929092470497,0.9991929092470497,0.9991929092470497
tether,2026-05-27,0.9987611759082343,189398907785.6281,59954218303.6975,1.32,0.572521,0.9987611759082343,0.9987611759082343,0.9987611759082343,0.9987611759082343
tether,2026-05-28,0.9985366515587585,189305257575.33365,54339330694.570946,1.32,0.572521,0.9985366515587585,0.9985366515587585,0.9985366515587585,0.9985366515587585
tether,2026-05-29,0.998770351225125,189349562985.1228,61507828652.12707,1.32,0.572521,0.998770351225125,0.998770351225125,0.998770351225125,0.998770351225125
tether,2026-05-30,0.9988627393787438,188261370871.60953,54859443646.145706,1.32,0.572521,0.9988627393787438,0.9988627393787438,0.9988627393787438,0.9988627393787438
tether,2026-05-31,0.9989151277132622,188271244789.8981,34571078398.20647,1.32,0.572521,0.9989151277132622,0.9989151277132622,0.9989151277132622,0.9989151277132622
tether,2026-06-01,0.9990691266283961,188300269845.82544,31971012932.770535,1.32,0.572521,0.9990691266283961,0.9990691266283961,0.9990691266283961,0.9990691266283961
tether,2026-06-02,0.9987533388492662,188009318509.2949,75623956543.3647,1.32,0.572521,0.9987533388492662,0.9987533388492662,0.9987533388492662,0.9987533388492662
tether,2026-06-03,0.9988046100816032,187881927847.35202,90820104178.43733,1.32,0.572521,0.9988046100816032,0.9988046100816032,0.9988046100816032,0.9988046100816032
tether,2026-06-04,0.9988904214496319,187321621171.81268,75606994674.03108,1.32,0.572521,0.9988904214496319,0.9988904214496319,0.9988904214496319,0.9988904214496319
tether,2026-06-05,0.999201332647666,187379926255.53918,93013093588.7428,1.32,0.572521,0.999201332647666,0.999201332647666,0.999201332647666,0.999201332647666
tether,2026-06-06,0.999642933740026,187462739575.95532,94280913583.51859,1.32,0.572521,0.999642933740026,0.999642933740026,0.999642933740026,0.999642933740026
tether,2026-06-07,0.9996635292027043,186896490424.1474,53390516312.574066,1.32,0.572521,0.9996635292027043,0.9996635292027043,0.9996635292027043,0.9996635292027043
tether,2026-06-08,0.9995554186560917,186876278140.82138,54275914404.901436,1.32,0.572521,0.9995554186560917,0.9995554186560917,0.9995554186560917,0.9995554186560917
tether,2026-06-09,0.9996729672353801,186898254952.29993,55924222234.84678,1.32,0.572521,0.9996729672353801,0.9996729672353801,0.9996729672353801,0.9996729672353801
tether,2026-06-10,0.9995193536837321,186864455955.69714,56732095337.92297,1.32,0.572521,0.9995193536837321,0.9995193536837321,0.9995193536837321,0.9995193536837321
tether,2026-06-11,0.9992861885656859,186798533822.71457,45251530390.73981,1.32,0.572521,0.9992861885656859,0.9992861885656859,0.9992861885656859,0.9992861885656859
tether,2026-06-12,0.9993570999235487,186811789422.39334,48350690047.906815,1.32,0.572521,0.9993570999235487,0.9993570999235487,0.9993570999235487,0.9993570999235487
tether,2026-06-13,0.999510320142064,186814019928.4579,133546820415.9625,1.32,0.572521,0.999510320142064,0.999510320142064,0.999510320142064,0.999510320142064
tether,2026-06-14,0.9996051588377717,186511022491.1083,28842300915.190365,1.32,0.572521,0.9996051588377717,0.9996051588377717,0.9996051588377717,0.9996051588377717
tether,2026-06-15,0.9994561572114845,186447684400.65305,34481098661.46893,1.32,0.572521,0.9994561572114845,0.9994561572114845,0.9994561572114845,0.9994561572114845
tether,2026-06-16,0.9994762406779987,186451430954.01538,109161849572.78658,1.32,0.572521,0.9994762406779987,0.9994762406779987,0.9994762406779987,0.9994762406779987
tether,2026-06-17,0.9991762419588565,186395466451.6171,47603700748.52951,1.32,0.572521,0.9991762419588565,0.9991762419588565,0.9991762419588565,0.9991762419588565
tether,2026-06-18,0.9992226023406393,186404114940.86697,52224876005.524826,1.32,0.572521,0.9992226023406393,0.9992226023406393,0.9992226023406393,0.9992226023406393
tether,2026-06-19,0.9990628477563616,186297081519.21744,50174262503.762,1.32,0.572521,0.9990628477563616,0.9990628477563616,0.9990628477563616,0.9990628477563616
tether,2026-06-20,0.999163113831568,186280646727.10217,38070199553.53081,1.32,0.572521,0.999163113831568,0.999163113831568,0.999163113831568,0.999163113831568
tether,2026-06-21,0.9989265990459126,186236551697.34927,32345705293.313004,1.32,0.572521,0.9989265990459126,0.9989265990459126,0.9989265990459126,0.9989265990459126
tether,2026-06-22,0.9990583756576669,186254243725.67383,44971615199.64385,1.32,0.572521,0.9990583756576669,0.9990583756576669,0.9990583756576669,0.9990583756576669
tether,2026-06-23,0.998909836253885,186233426496.38315,48122501160.84561,1.32,0.572521,0.998909836253885,0.998909836253885,0.998909836253885,0.998909836253885
tether,2026-06-24,0.9989199887679736,186134170262.9395,48268241669.37575,1.32,0.572521,0.9989199887679736,0.9989199887679736,0.9989199887679736,0.9989199887679736
tether,2026-06-25,0.9987043328512855,186093985928.29172,61965763419.786964,1.32,0.572521,0.9987043328512855,0.9987043328512855,0.9987043328512855,0.9987043328512855
tether,2026-06-26,0.9988088492468622,186113461034.19437,63309135764.3131,1.32,0.572521,0.9988088492468622,0.9988088492468622,0.9988088492468622,0.9988088492468622
tether,2026-06-27,0.9988387887149991,186119039817.40268,58737473426.491035,1.32,0.572521,0.9988387887149991,0.9988387887149991,0.9988387887149991,0.9988387887149991
tether,2026-06-28,0.9987484803537419,186102212171.46564,25110669291.62614,1.32,0.572521,0.9987484803537419,0.9987484803537419,0.9987484803537419,0.9987484803537419
tether,2026-06-29,0.9987192601909981,186096767420.326,26806671807.546234,1.32,0.572521,0.9987192601909981,0.9987192601909981,0.9987192601909981,0.9987192601909981
tether,2026-06-30,0.9987471059346845,186101956068.52075,52868624957.88791,1.32,0.572521,0.9987471059346845,0.9987471059346845,0.9987471059346845,0.9987471059346845
tether,2026-07-01,0.9987016288620424,184750753210.90396,48553136984.66119,1.32,0.572521,0.9987016288620424,0.9987016288620424,0.9987016288620424,0.9987016288620424
tether,2026-07-02,0.9990740518727276,184497230086.92432,56679496842.292946,1.32,0.572521,0.9990740518727276,0.9990740518727276,0.9990740518727276,0.9990740518727276
tether,2026-07-03,0.9990157804390076,184108441706.35312,60019363803.315735,1.32,0.572521,0.9990157804390076,0.9990157804390076,0.9990157804390076,0.9990157804390076
tether,2026-07-04,0.9991833221409386,184139317930.21973,44150659796.16933,1.32,0.572521,0.9991833221409386,0.9991833221409386,0.9991833221409386,0.9991833221409386
tether,2026-07-05,0.9991822418187543,184132683545.52667,33266105944.622467,1.32,0.572521,0.9991822418187543,0.9991822418187543,0.9991822418187543,0.9991822418187543
tether,2026-07-06,0.9992823268493486,184152226762.85202,33154773156.25337,1.32,0.572521,0.9992823268493486,0.9992823268493486,0.9992823268493486,0.9992823268493486
tether,2026-07-07,0.9993923252753397,184222467381.39597,58455528222.99124,1.32,0.572521,0.9993923252753397,0.9993923252753397,0.9993923252753397,0.9993923252753397
tether,2026-07-08,0.9994140535160283,184256874192.47968,48302090870.3879,1.32,0.572521,0.9994140535160283,0.9994140535160283,0.9994140535160283,0.9994140535160283
tether,2026-07-09,0.9992740897896317,184231069793.7568,44809082521.42853,1.32,0.572521,0.9992740897896317,0.9992740897896317,0.9992740897896317,0.9992740897896317
tether,2026-07-10,0.9993733502907278,184179564543.65012,39395213422.15783,1.32,0.572521,0.9993733502907278,0.9993733502907278,0.9993733502907278,0.9993733502907278
tether,2026-07-11,0.9994579479210237,184209776543.44696,42742200536.98372,1.32,0.572521,0.9994579479210237,0.9994579479210237,0.9994579479210237,0.9994579479210237
tether,2026-07-12,0.9995413430491851,184225147072.99786,26492278499.972717,1.32,0.572521,0.9995413430491851,0.9995413430491851,0.9995413430491851,0.9995413430491851
tether,2026-07-13,0.9994782149381712,184213511950.68954,28393657512.240974,1.32,0.572521,0.9994782149381712,0.9994782149381712,0.9994782149381712,0.9994782149381712
tether,2026-07-14,0.999069586810149,184129206201.43576,45688292752.96693,1.32,0.572521,0.999069586810149,0.999069586810149,0.999069586810149,0.999069586810149
tether,2026-07-15,0.9994264369133764,184246093288.36765,48880390847.191986,1.32,0.572521,0.9994264369133764,0.9994264369133764,0.9994264369133764,0.9994264369133764
tether,2026-07-16,0.9994413473924197,184248842062.4758,44416771870.90734,1.32,0.572521,0.9994413473924197,0.9994413473924197,0.9994413473924197,0.9994413473924197
tether,2026-07-17,0.9994096078268669,184096038202.40305,42297884647.07743,1.32,0.572521,0.9994096078268669,0.9994096078268669,0.9994096078268669,0.9994096078268669
tether,2026-07-18,0.9994370992206554,184101102248.12677,42758562706.73838,1.32,0.572521,0.9994370992206554,0.9994370992206554,0.9994370992206554,0.9994370992206554
tether,2026-07-19,0.9994337449517521,184119079094.9687,23079059077.40297,1.32,0.572521,0.9994337449517521,0.9994337449517521,0.9994337449517521,0.9994337449517521
tether,2026-07-20,0.9992984903085976,184094162024.208,26096573588.1207,1.32,0.572521,0.9992984903085976,0.9992984903085976,0.9992984903085976,0.9992984903085976
tether,2026-07-21,0.999361850289122,184105834414.15338,47745255954.27471,1.32,0.572521,0.999361850289122,0.999361850289122,0.999361850289122,0.999361850289122
tether,2026-07-22,0.9994262188970253,184113741838.11426,47216386940.746346,1.32,0.572521,0.9994262188970253,0.9994262188970253,0.9994262188970253,0.9994262188970253
tether,2026-07-23,0.9995387165809019,184140814161.94302,44918342654.54411,1.32,0.572521,0.9995387165809019,0.9995387165809019,0.9995387165809019,0.9995387165809019
tether,2026-07-24,0.9993539794172472,184042347031.32965,40405022139.01981,1.32,0.572521,0.9993539794172472,0.9993539794172472,0.9993539794172472,0.9993539794172472
tether,2026-07-25,0.9992467885093448,184018207880.20624,42767149328.53582,1.32,0.572521,0.9992467885093448,0.9992467885093448,0.9992467885093448,0.9992467885093448
tether,2026-07-26,0.9992793193311716,184024198656.06088,25879473269.079746,1.32,0.572521,0.9992793193311716,0.9992793193311716,0.9992793193311716,0.9992793193311716
binancecoin,2025-07-29,822.2765976915088,114557221095.58499,3011452631.6826835,1369.99,0.0398177,822.2765976915088,822.2765976915088,822.2765976915088,822.2765976915088
binancecoin,2025-07-30,805.1438193193468,112111480479.16483,2130673065.5019739,1369.99,0.0398177,805.1438193193468,805.1438193193468,805.1438193193468,805.1438193193468
binancecoin,2025-07-31,793.8734614175534,110456100095.04463,1929266771.61827,1369.99,0.0398177,793.8734614175534,793.8734614175534,793.8734614175534,793.8734614175534
binancecoin,2025-08-01,783.0023910772859,109113907270.47136,1662327372.5984204,1369.99,0.0398177,783.0023910772859,783.0023910772859,783.0023910772859,783.0023910772859
binancecoin,2025-08-02,756.4574114847068,105351071036.10793,2187208851.563726,1369.99,0.0398177,756.4574114847068,756.4574114847068,756.4574114847068,756.4574114847068
binancecoin,2025-08-03,736.6587769385911,102623944857.20425,937931586.0430179,1369.99,0.0398177,736.6587769385911,736.6587769385911,736.6587769385911,736.6587769385911
binancecoin,2025-08-04,751.4001548118117,104656102854.34668,843114690.7269527,1369.99,0.0398177,751.4001548118117,751.4001548118117,751.4001548118117,751.4001548118117
binancecoin,2025-08-05,768.5544340737234,107042144700.86378,1043307913.1061739,1369.99,0.0398177,768.5544340737234,768.5544340737234,768.5544340737234,768.5544340737234
binancecoin,2025-08-06,754.7878000846929,105138094773.98764,1003756388.5618858,1369.99,0.0398177,754.7878000846929,754.7878000846929,754.7878000846929,754.7878000846929
binancecoin,2025-08-07,769.8555506826906,107234057462.7665,990264468.5504694,1369.99,0.0398177,769.8555506826906,769.8555506826906,769.8555506826906,769.8555506826906
binancecoin,2025-08-08,787.1948285374559,109527291627.29677,1091813946.3690848,1369.99,0.0398177,787.1948285374559,787.1948285374559,787.1948285374559,787.1948285374559
binancecoin,2025-08-09,793.1777287850201,110484679476.19675,1187794735.3928044,1369.99,0.0398177,793.1777287850201,793.1777287850201,793.1777287850201,793.1777287850201
binancecoin,2025-08-10,799.1991047067497,111320129039.5831,1105210829.293122,1369.99,0.0398177,799.1991047067497,799.1991047067497,799.1991047067497,799.1991047067497
binancecoin,2025-08-11,804.8956334719561,112048240703.83403,1056685905.2138219,1369.99,0.0398177,804.8956334719561,804.8956334719561,804.8956334719561,804.8956334719561
binancecoin,2025-08-12,806.8312185132748,112362421491.65253,1821705477.5453286,1369.99,0.0398177,806.8312185132748,806.8312185132748,806.8312185132748,806.8312185132748
binancecoin,2025-08-13,834.446637547768,116319266615.13809,1904274487.3355463,1369.99,0.0398177,834.446637547768,834.446637547768,834.446637547768,834.446637547768
binancecoin,2025-08-14,849.5528663342336,118308158987.36308,2344964710.7509003,1369.99,0.0398177,849.5528663342336,849.5528663342336,849.5528663342336,849.5528663342336
binancecoin,2025-08-15,842.2643191559952,117299381415.7054,3658447977.417383,1369.99,0.0398177,842.2643191559952,842.2643191559952,842.2643191559952,842.2643191559952
binancecoin,2025-08-16,827.2916811192079,115243392455.31807,3425180338.790325,1369.99,0.0398177,827.2916811192079,827.2916811192079,827.2916811192079,827.2916811192079
binancecoin,2025-08-17,839.0566611983465,116636178954.74178,1194989933.08169,1369.99,0.0398177,839.0566611983465,839.0566611983465,839.0566611983465,839.0566611983465
binancecoin,2025-08-18,856.9424560582937,119370446719.06827,1237130937.218746,1369.99,0.0398177,856.9424560582937,856.9424560582937,856.9424560582937,856.9424560582937
binancecoin,2025-08-19,848.2298792758197,118191079529.68217,1704077250.468268,1369.99,0.0398177,848.2298792758197,848.2298792758197,848.2298792758197,848.2298792758197
binancecoin,2025-08-20,823.4566682430556,114695398769.23634,1577237801.835062,1369.99,0.0398177,823.4566682430556,823.4566682430556,823.4566682430556,823.4566682430556
binancecoin,2025-08-21,870.0388548973078,121327396964.83464,2208912960.725439,1369.99,0.0398177,870.0388548973078,870.0388548973078,870.0388548973078,870.0388548973078
binancecoin,2025-08-22,838.3671602294102,116703457347.89297,1808794551.8255882,1369.99,0.0398177,838.3671602294102,838.3671602294102,838.3671602294102,838.3671602294102
binancecoin,2025-08-23,899.0447590707095,125228722775.30713,2403982643.652437,1369.99,0.0398177,899.0447590707095,899.0447590707095,899.0447590707095,899.0447590707095
binancecoin,2025-08-24,880.2145462822662,122601551471.5355,1414960204.0565426,1369.99,0.0398177,880.2145462822662,880.2145462822662,880.2145462822662,880.2145462822662
binancecoin,2025-08-25,876.0729413672346,122045654251.52823,1862920203.9639418,1369.99,0.0398177,876.0729413672346,876.0729413672346,876.0729413672346,876.0729413672346
binancecoin,2025-08-26,840.2868104582814,117052413550.03337,1739476008.2601202,1369.99,0.0398177,840.2868104582814,840.2868104582814,840.2868104582814,840.2868104582814
binancecoin,2025-08-27,864.1213024474413,120359854645.80617,1565511904.048617,1369.99,0.0398177,864.1213024474413,864.1213024474413,864.1213024474413,864.1213024474413
binancecoin,2025-08-28,856.0552312979237,119223186511.82414,1274918054.4266574,1369.99,0.0398177,856.0552312979237,856.0552312979237,856.0552312979237,856.0552312979237
binancecoin,2025-08-29,874.7487534677291,121754972275.09772,1665085112.0571768,1369.99,0.0398177,874.7487534677291,874.7487534677291,874.7487534677291,874.7487534677291
binancecoin,2025-08-30,863.6575485254209,120215499930.77438,1531055975.6867678,1369.99,0.0398177,863.6575485254209,863.6575485254209,863.6575485254209,863.6575485254209
binancecoin,2025-08-31,861.923469050824,119967599893.59285,732100562.508858,1369.99,0.0398177,861.923469050824,861.923469050824,861.923469050824,861.923469050824
binancecoin,2025-09-01,857.819601972643,119395441256.787,721993472.2873288,1369.99,0.0398177,857.819601972643,857.819601972643,857.819601972643,857.819601972643
binancecoin,2025-09-02,845.916487927506,117730905063.68185,1648305723.808358,1369.99,0.0398177,845.916487927506,845.916487927506,845.916487927506,845.916487927506
binancecoin,2025-09-03,851.6937445280856,118533105628.61053,1322521810.3871567,1369.99,0.0398177,851.6937445280856,851.6937445280856,851.6937445280856,851.6937445280856
binancecoin,2025-09-04,855.1110256828161,119019289721.41235,859226298.816796,1369.99,0.0398177,855.1110256828161,855.1110256828161,855.1110256828161,855.1110256828161
binancecoin,2025-09-05,843.6735934362805,117468538515.54077,916745033.758285,1369.99,0.0398177,843.6735934362805,843.6735934362805,843.6735934362805,843.6735934362805
binancecoin,2025-09-06,849.7184902459278,118277372904.95659,987362929.2356554,1369.99,0.0398177,849.7184902459278,849.7184902459278,849.7184902459278,849.7184902459278
binancecoin,2025-09-07,861.6639369838142,120001345335.90672,841058634.1628499,1369.99,0.0398177,861.6639369838142,861.6639369838142,861.6639369838142,861.6639369838142
binancecoin,2025-09-08,881.3845363246559,122834289041.01732,923155920.7210786,1369.99,0.0398177,881.3845363246559,881.3845363246559,881.3845363246559,881.3845363246559
binancecoin,2025-09-09,878.2339242329539,122234712958.68347,1204256444.2143743,1369.99,0.0398177,878.2339242329539,878.2339242329539,878.2339242329539,878.2339242329539
binancecoin,2025-09-10,879.833817211316,122413962295.55894,1062899360.6770087,1369.99,0.0398177,879.833817211316,879.833817211316,879.833817211316,879.833817211316
binancecoin,2025-09-11,893.578793274879,124408078560.3618,1801977169.8109913,1369.99,0.0398177,893.578793274879,893.578793274879,893.578793274879,893.578793274879
binancecoin,2025-09-12,902.876846974473,125610829851.88258,1258971255.576734,1369.99,0.0398177,902.876846974473,902.876846974473,902.876846974473,902.876846974473
binancecoin,2025-09-13,925.1660418381477,128802515865.21457,1589605226.0339465,1369.99,0.0398177,925.1660418381477,925.1660418381477,925.1660418381477,925.1660418381477
binancecoin,2025-09-14,933.8971704994946,129905114546.37772,1640112370.864308,1369.99,0.0398177,933.8971704994946,933.8971704994946,933.8971704994946,933.8971704994946
binancecoin,2025-09-15,926.8412817390542,128929854315.27986,1263377077.0891886,1369.99,0.0398177,926.8412817390542,926.8412817390542,926.8412817390542,926.8412817390542
binancecoin,2025-09-16,919.2250351484705,127942167402.54544,1372293507.033996,1369.99,0.0398177,919.2250351484705,919.2250351484705,919.2250351484705,919.2250351484705
binancecoin,2025-09-17,955.3487499241552,132963284625.94852,1924151991.340504,1369.99,0.0398177,955.3487499241552,955.3487499241552,955.3487499241552,955.3487499241552
binancecoin,2025-09-18,991.3973181432295,137968272147.62173,2455896970.1542788,1369.99,0.0398177,991.3973181432295,991.3973181432295,991.3973181432295,991.3973181432295
binancecoin,2025-09-19,982.076570691383,136761037889.76804,2514178578.723519,1369.99,0.0398177,982.076570691383,982.076570691383,982.076570691383,982.076570691383
binancecoin,2025-09-20,982.6879738189483,136677706976.03806,2194041676.02945,1369.99,0.0398177,982.6879738189483,982.6879738189483,982.6879738189483,982.6879738189483
binancecoin,2025-09-21,1042.406078066426,145119356424.55237,2616933161.676639,1369.99,0.0398177,1042.406078066426,1042.406078066426,1042.406078066426,1042.406078066426
binancecoin,2025-09-22,1048.5649851048527,145982985276.6282,3053430923.1205482,1369.99,0.0398177,1048.5649851048527,1048.5649851048527,1048.5649851048527,1048.5649851048527
binancecoin,2025-09-23,992.3881905006706,138105394316.3322,3676969354.8492184,1369.99,0.0398177,992.3881905006706,992.3881905006706,992.3881905006706,992.3881905006706
binancecoin,2025-09-24,1017.4645009307637,141632015383.78027,2922340144.9194756,1369.99,0.0398177,1017.4645009307637,1017.4645009307637,1017.4645009307637,1017.4645009307637
binancecoin,2025-09-25,1018.067792712729,141670017336.2046,2488968495.0372467,1369.99,0.0398177,1018.067792712729,1018.067792712729,1018.067792712729,1018.067792712729
binancecoin,2025-09-26,944.4003758447785,131563762651.00531,3413861577.3788505,1369.99,0.0398177,944.4003758447785,944.4003758447785,944.4003758447785,944.4003758447785
binancecoin,2025-09-27,960.6805874196078,133586426744.2321,2464135246.7217975,1369.99,0.0398177,960.6805874196078,960.6805874196078,960.6805874196078,960.6805874196078
binancecoin,2025-09-28,968.6806715896132,134835789879.10022,1580796543.5155156,1369.99,0.0398177,968.6806715896132,968.6806715896132,968.6806715896132,968.6806715896132
binancecoin,2025-09-29,993.2079048442275,138219349626.7409,1062584120.7976861,1369.99,0.0398177,993.2079048442275,993.2079048442275,993.2079048442275,993.2079048442275
binancecoin,2025-09-30,1030.030963111487,143304041034.04755,2136154304.7482347,1369.99,0.0398177,1030.030963111487,1030.030963111487,1030.030963111487,1030.030963111487
binancecoin,2025-10-01,1008.9225311714104,140376471979.115,1848197871.390849,1369.99,0.0398177,1008.9225311714104,1008.9225311714104,1008.9225311714104,1008.9225311714104
binancecoin,2025-10-02,1025.8187850123247,142809283859.25217,1942259015.308578,1369.99,0.0398177,1025.8187850123247,1025.8187850123247,1025.8187850123247,1025.8187850123247
binancecoin,2025-10-03,1090.3115640663682,151723439463.9026,2670147496.089171,1369.99,0.0398177,1090.3115640663682,1090.3115640663682,1090.3115640663682,1090.3115640663682
binancecoin,2025-10-04,1190.0540938314145,164926971828.80228,4899140228.342193,1369.99,0.0398177,1190.0540938314145,1190.0540938314145,1190.0540938314145,1190.0540938314145
binancecoin,2025-10-05,1149.536376093483,160006780977.96976,1730597418.8329225,1369.99,0.0398177,1149.536376093483,1149.536376093483,1149.536376093483,1149.536376093483
binancecoin,2025-10-06,1165.4778023162069,162064988745.73065,2435796155.3750944,1369.99,0.0398177,1165.4778023162069,1165.4778023162069,1165.4778023162069,1165.4778023162069
binancecoin,2025-10-07,1224.574210222444,169960274835.35895,4284366311.1491776,1369.99,0.0398177,1224.574210222444,1224.574210222444,1224.574210222444,1224.574210222444
binancecoin,2025-10-08,1311.712914691701,182467251280.33548,9739890116.464443,1369.99,0.0398177,1311.712914691701,1311.712914691701,1311.712914691701,1311.712914691701
binancecoin,2025-10-09,1306.4812320510532,181269646560.23404,5632418876.319237,1369.99,0.0398177,1306.4812320510532,1306.4812320510532,1306.4812320510532,1306.4812320510532
binancecoin,2025-10-10,1255.8786646242372,174774998279.26852,6718668117.932197,1369.99,0.0398177,1255.8786646242372,1255.8786646242372,1255.8786646242372,1255.8786646242372
binancecoin,2025-10-11,1110.8141755974673,155757356924.0352,8685141976.344122,1369.99,0.0398177,1110.8141755974673,1110.8141755974673,1110.8141755974673,1110.8141755974673
binancecoin,2025-10-12,1138.1246823442061,158484360795.37354,6948428633.056303,1369.99,0.0398177,1138.1246823442061,1138.1246823442061,1138.1246823442061,1138.1246823442061
binancecoin,2025-10-13,1298.7908005975073,180775585852.16452,9048144207.208094,1369.99,0.0398177,1298.7908005975073,1298.7908005975073,1298.7908005975073,1298.7908005975073
binancecoin,2025-10-14,1293.0722313476617,180018433779.75974,9460068400.641727,1369.99,0.0398177,1293.0722313476617,1293.0722313476617,1293.0722313476617,1293.0722313476617
binancecoin,2025-10-15,1212.283351974494,168894485551.0376,8825438559.50392,1369.99,0.0398177,1212.283351974494,1212.283351974494,1212.283351974494,1212.283351974494
binancecoin,2025-10-16,1161.734804798178,161921597426.4193,4682445531.806146,1369.99,0.0398177,1161.734804798178,1161.734804798178,1161.734804798178,1161.734804798178
binancecoin,2025-10-17,1143.731369922843,159172508587.92465,4415901608.8116665,1369.99,0.0398177,1143.731369922843,1143.731369922843,1143.731369922843,1143.731369922843
binancecoin,2025-10-18,1071.5486432574182,149337696969.78973,5491967100.574252,1369.99,0.0398177,1071.5486432574182,1071.5486432574182,1071.5486432574182,1071.5486432574182
binancecoin,2025-10-19,1092.456873698318,152025648190.85864,2404645661.2866297,1369.99,0.0398177,1092.456873698318,1092.456873698318,1092.456873698318,1092.456873698318
binancecoin,2025-10-20,1109.7463758132928,154383839123.48035,2451498835.8070607,1369.99,0.0398177,1109.7463758132928,1109.7463758132928,1109.7463758132928,1109.7463758132928
binancecoin,2025-10-21,1100.594219041398,153232298626.44522,3059042679.759334,1369.99,0.0398177,1100.594219041398,1100.594219041398,1100.594219041398,1100.594219041398
binancecoin,2025-10-22,1057.8502060144851,147151945156.75046,3312841993.6151514,1369.99,0.0398177,1057.8502060144851,1057.8502060144851,1057.8502060144851,1057.8502060144851
binancecoin,2025-10-23,1071.3354220022431,149141843205.3591,2524047906.4061713,1369.99,0.0398177,1071.3354220022431,1071.3354220022431,1071.3354220022431,1071.3354220022431
binancecoin,2025-10-24,1127.358071433892,156747943162.4117,4658465652.115295,1369.99,0.0398177,1127.358071433892,1127.358071433892,1127.358071433892,1127.358071433892
binancecoin,2025-10-25,1109.178393744721,154356375659.02368,2264878475.243278,1369.99,0.0398177,1109.178393744721,1109.178393744721,1109.178393744721,1109.178393744721
binancecoin,2025-10-26,1116.6415202338756,155309975825.18158,1179990839.9169848,1369.99,0.0398177,1116.6415202338756,1116.6415202338756,1116.6415202338756,1116.6415202338756
binancecoin,2025-10-27,1136.879092448019,158403748858.5009,1658756855.7714329,1369.99,0.0398177,1136.879092448019,1136.879092448019,1136.879092448019,1136.879092448019
binancecoin,2025-10-28,1140.4846092726004,157086987480.81543,3216378789.247939,1369.99,0.0398177,1140.4846092726004,1140.4846092726004,1140.4846092726004,1140.4846092726004
binancecoin,2025-10-29,1103.595300080196,152007230183.57797,3071983545.353561,1369.99,0.0398177,1103.595300080196,1103.595300080196,1103.595300080196,1103.595300080196
binancecoin,2025-10-30,1106.7871126244677,152329610306.33157,3099158245.6172895,1369.99,0.0398177,1106.7871126244677,1106.7871126244677,1106.7871126244677,1106.7871126244677
binancecoin,2025-10-31,1078.7188521029816,148424523512.72137,3106355168.6806374,1369.99,0.0398177,1078.7188521029816,1078.7188521029816,1078.7188521029816,1078.7188521029816
binancecoin,2025-11-01,1088.7331766998475,149946680357.30164,3113520722.1821284,1369.99,0.0398177,1088.7331766998475,1088.7331766998475,1088.7331766998475,1088.7331766998475
binancecoin,2025-11-02,1094.4541628666802,150757802647.79373,1037807355.6051457,1369.99,0.0398177,1094.4541628666802,1094.4541628666802,1094.4541628666802,1094.4541628666802
binancecoin,2025-11-03,1083.698416513334,149267110348.34732,1031503124.6500415,1369.99,0.0398177,1083.698416513334,1083.698416513334,1083.698416513334,1083.698416513334
binancecoin,2025-11-04,992.195531851008,136616004230.74718,3894432183.7340875,1369.99,0.0398177,992.195531851008,992.195531851008,992.195531851008,992.195531851008
binancecoin,2025-11-05,938.891751599157,129239032176.4543,4592001913.653611,1369.99,0.0398177,938.891751599157,938.891751599157,938.891751599157,938.891751599157
binancecoin,2025-11-06,959.9701458776641,132180559948.4775,2676495284.5851297,1369.99,0.0398177,959.9701458776641,959.9701458776641,959.9701458776641,959.9701458776641
binancecoin,2025-11-07,948.6793778409456,130609805281.72852,1960406697.5914152,1369.99,0.0398177,948.6793778409456,948.6793778409456,948.6793778409456,948.6793778409456
binancecoin,2025-11-08,990.5899790534177,136429471727.4668,2698061350.925921,1369.99,0.0398177,990.5899790534177,990.5899790534177,990.5899790534177,990.5899790534177
binancecoin,2025-11-09,989.8862403988059,136375700425.64316,1880988393.9904878,1369.99,0.0398177,989.8862403988059,989.8862403988059,989.8862403988059,989.8862403988059
binancecoin,2025-11-10,996.308790029525,137204000714.66489,1718843151.6878853,1369.99,0.0398177,996.308790029525,996.308790029525,996.308790029525,996.308790029525
binancecoin,2025-11-11,991.3653787289568,136571690893.45041,1834279454.1310785,1369.99,0.0398177,991.3653787289568,991.3653787289568,991.3653787289568,991.3653787289568
binancecoin,2025-11-12,957.149279725558,131942389294.9387,1720439846.7132306,1369.99,0.0398177,957.149279725558,957.149279725558,957.149279725558,957.149279725558
binancecoin,2025-11-13,952.9170115918621,131225068810.25166,1547574582.8027587,1369.99,0.0398177,952.9170115918621,952.9170115918621,952.9170115918621,952.9170115918621
binancecoin,2025-11-14,927.1219876913323,128101915690.26227,2123958787.804254,1369.99,0.0398177,927.1219876913323,927.1219876913323,927.1219876913323,927.1219876913323
binancecoin,2025-11-15,917.7022398201406,126684618872.11615,2858531583.3570466,1369.99,0.0398177,917.7022398201406,917.7022398201406,917.7022398201406,917.7022398201406
binancecoin,2025-11-16,931.9743286141038,128395985006.65512,1205241688.99158,1369.99,0.0398177,931.9743286141038,931.9743286141038,931.9743286141038,931.9743286141038
binancecoin,2025-11-17,928.5079796470696,127910791474.5547,1919661054.375172,1369.99,0.0398177,928.5079796470696,928.5079796470696,928.5079796470696,928.5079796470696
binancecoin,2025-11-18,906.7197811831101,124779469987.77226,3283503372.7441425,1369.99,0.0398177,906.7197811831101,906.7197811831101,906.7197811831101,906.7197811831101
binancecoin,2025-11-19,932.0597430569885,128319367620.55066,3005015188.212742,1369.99,0.0398177,932.0597430569885,932.0597430569885,932.0597430569885,932.0597430569885
binancecoin,2025-11-20,894.7896141305321,123084876438.08083,2476207348.3480835,1369.99,0.0398177,894.7896141305321,894.7896141305321,894.7896141305321,894.7896141305321
binancecoin,2025-11-21,866.7212975475668,119819812394.41757,2488925141.7757115,1369.99,0.0398177,866.7212975475668,866.7212975475668,866.7212975475668,866.7212975475668
binancecoin,2025-11-22,831.1648478578168,114575535829.88885,4424065641.157903,1369.99,0.0398177,831.1648478578168,831.1648478578168,831.1648478578168,831.1648478578168
binancecoin,2025-11-23,833.4782529297297,114798898990.60631,1537890915.9080956,1369.99,0.0398177,833.4782529297297,833.4782529297297,833.4782529297297,833.4782529297297
binancecoin,2025-11-24,843.0327408998495,116123650605.58427,1306002441.4363518,1369.99,0.0398177,843.0327408998495,843.0327408998495,843.0327408998495,843.0327408998495
binancecoin,2025-11-25,864.3540154398011,119205379505.13644,2065041400.9588752,1369.99,0.0398177,864.3540154398011,864.3540154398011,864.3540154398011,864.3540154398011
binancecoin,2025-11-26,861.9171451304046,118789307110.17656,1496962340.5130074,1369.99,0.0398177,861.9171451304046,861.9171451304046,861.9171451304046,861.9171451304046
binancecoin,2025-11-27,891.7232823713881,122716585447.73863,1449103064.2185059,1369.99,0.0398177,891.7232823713881,891.7232823713881,891.7232823713881,891.7232823713881
binancecoin,2025-11-28,895.3979231885241,123327074303.01404,1318329005.593349,1369.99,0.0398177,895.3979231885241,895.3979231885241,895.3979231885241,895.3979231885241
binancecoin,2025-11-29,887.5558493593282,122276150362.64653,1145367682.770756,1369.99,0.0398177,887.5558493593282,887.5558493593282,887.5558493593282,887.5558493593282
binancecoin,2025-11-30,873.7626867754427,120348875955.46194,865485146.8078157,1369.99,0.0398177,873.7626867754427,873.7626867754427,873.7626867754427,873.7626867754427
binancecoin,2025-12-01,877.7990241108373,120956146870.59618,934390096.0872817,1369.99,0.0398177,877.7990241108373,877.7990241108373,877.7990241108373,877.7990241108373
binancecoin,2025-12-02,827.4880333310571,114076075213.18332,2564710118.0321436,1369.99,0.0398177,827.4880333310571,827.4880333310571,827.4880333310571,827.4880333310571
binancecoin,2025-12-03,876.7469880502844,120778408196.91264,1999384470.0456862,1369.99,0.0398177,876.7469880502844,876.7469880502844,876.7469880502844,876.7469880502844
binancecoin,2025-12-04,922.3452824680271,126961880148.0321,2062726216.677784,1369.99,0.0398177,922.3452824680271,922.3452824680271,922.3452824680271,922.3452824680271
binancecoin,2025-12-05,900.2311130891073,123964878213.4654,1687004005.886419,1369.99,0.0398177,900.2311130891073,900.2311130891073,900.2311130891073,900.2311130891073
binancecoin,2025-12-06,883.6707054897142,121783105712.06157,1528242896.5625634,1369.99,0.0398177,883.6707054897142,883.6707054897142,883.6707054897142,883.6707054897142
binancecoin,2025-12-07,890.2442866831284,122621613741.7671,976591575.8687031,1369.99,0.0398177,890.2442866831284,890.2442866831284,890.2442866831284,890.2442866831284
binancecoin,2025-12-08,892.8659344513236,122976657439.0781,1267574110.8170147,1369.99,0.0398177,892.8659344513236,892.8659344513236,892.8659344513236,892.8659344513236
binancecoin,2025-12-09,897.4003709684328,123548439285.44443,1425833774.2488616,1369.99,0.0398177,897.4003709684328,897.4003709684328,897.4003709684328,897.4003709684328
binancecoin,2025-12-10,899.4035882994448,123930434640.63074,1958799168.637301,1369.99,0.0398177,899.4035882994448,899.4035882994448,899.4035882994448,899.4035882994448
binancecoin,2025-12-11,894.4021116794611,123298087220.88683,1842912394.8731253,1369.99,0.0398177,894.4021116794611,894.4021116794611,894.4021116794611,894.4021116794611
binancecoin,2025-12-12,885.6320356392306,122104338797.89401,1658559102.7895744,1369.99,0.0398177,885.6320356392306,885.6320356392306,885.6320356392306,885.6320356392306
binancecoin,2025-12-13,882.1612967807799,121523423088.54666,1215709823.9818652,1369.99,0.0398177,882.1612967807799,882.1612967807799,882.1612967807799,882.1612967807799
binancecoin,2025-12-14,897.3110444563038,123599191597.31932,871174991.1034428,1369.99,0.0398177,897.3110444563038,897.3110444563038,897.3110444563038,897.3110444563038
binancecoin,2025-12-15,878.3885175348196,120990117783.94084,1017448639.1154498,1369.99,0.0398177,878.3885175348196,878.3885175348196,878.3885175348196,878.3885175348196
binancecoin,2025-12-16,858.4116623377057,118228345944.19202,1757948457.1941316,1369.99,0.0398177,858.4116623377057,858.4116623377057,858.4116623377057,858.4116623377057
binancecoin,2025-12-17,874.6720838564994,120413955851.13254,1850367940.8959947,1369.99,0.0398177,874.6720838564994,874.6720838564994,874.6720838564994,874.6720838564994
binancecoin,2025-12-18,842.7888780335543,116085576597.52141,2500106186.2544427,1369.99,0.0398177,842.7888780335543,842.7888780335543,842.7888780335543,842.7888780335543
binancecoin,2025-12-19,829.1719378700606,114190662273.26158,2791384030.4837723,1369.99,0.0398177,829.1719378700606,829.1719378700606,829.1719378700606,829.1719378700606
binancecoin,2025-12-20,855.957117266356,117897286655.7941,5670988452.811656,1369.99,0.0398177,855.957117266356,855.957117266356,855.957117266356,855.957117266356
binancecoin,2025-12-21,853.5635263159346,117437335113.4627,717833507.1498009,1369.99,0.0398177,853.5635263159346,853.5635263159346,853.5635263159346,853.5635263159346
binancecoin,2025-12-22,857.8618459584029,118184623023.09212,803727030.2155951,1369.99,0.0398177,857.8618459584029,857.8618459584029,857.8618459584029,857.8618459584029
binancecoin,2025-12-23,858.018474136862,118177942903.11252,1315641870.276173,1369.99,0.0398177,858.018474136862,858.018474136862,858.018474136862,858.018474136862
binancecoin,2025-12-24,843.9156558740143,116259698516.2158,995532572.4121732,1369.99,0.0398177,843.9156558740143,843.9156558740143,843.9156558740143,843.9156558740143
binancecoin,2025-12-25,846.6127954902438,116609355166.84311,848705458.5824474,1369.99,0.0398177,846.6127954902438,846.6127954902438,846.6127954902438,846.6127954902438
binancecoin,2025-12-26,828.8695540284072,114114035227.35869,735682841.2640332,1369.99,0.0398177,828.8695540284072,828.8695540284072,828.8695540284072,828.8695540284072
binancecoin,2025-12-27,834.3408283262127,114905145748.4669,1083838293.2383966,1369.99,0.0398177,834.3408283262127,834.3408283262127,834.3408283262127,834.3408283262127
binancecoin,2025-12-28,844.6780493960856,116342864989.3187,726652124.5702834,1369.99,0.0398177,844.6780493960856,844.6780493960856,844.6780493960856,844.6780493960856
binancecoin,2025-12-29,858.791572988669,118310241153.67932,728494104.5438432,1369.99,0.0398177,858.791572988669,858.791572988669,858.791572988669,858.791572988669
binancecoin,2025-12-30,851.1900442578194,117223103080.42976,1260449454.778092,1369.99,0.0398177,851.1900442578194,851.1900442578194,851.1900442578194,851.1900442578194
binancecoin,2025-12-31,860.3384247437768,118493436505.37633,1465833722.2047489,1369.99,0.0398177,860.3384247437768,860.3384247437768,860.3384247437768,860.3384247437768
binancecoin,2026-01-01,863.1574666286001,118876603739.66975,1936922574.9322722,1369.99,0.0398177,863.1574666286001,863.1574666286001,863.1574666286001,863.1574666286001
binancecoin,2026-01-02,862.9202786806326,118849214809.2441,997547906.5992901,1369.99,0.0398177,862.9202786806326,862.9202786806326,862.9202786806326,862.9202786806326
binancecoin,2026-01-03,880.5981987516783,121322839458.69113,1650776021.9264174,1369.99,0.0398177,880.5981987516783,880.5981987516783,880.5981987516783,880.5981987516783
binancecoin,2026-01-04,878.7329288702774,121016515949.7729,1018610976.0005002,1369.99,0.0398177,878.7329288702774,878.7329288702774,878.7329288702774,878.7329288702774
binancecoin,2026-01-05,894.4508344273104,123224807425.4024,1279357981.9878118,1369.99,0.0398177,894.4508344273104,894.4508344273104,894.4508344273104,894.4508344273104
binancecoin,2026-01-06,910.9079403595276,125501652951.13847,1534918832.2904541,1369.99,0.0398177,910.9079403595276,910.9079403595276,910.9079403595276,910.9079403595276
binancecoin,2026-01-07,917.6345878314794,126398673393.32039,1617407942.4718144,1369.99,0.0398177,917.6345878314794,917.6345878314794,917.6345878314794,917.6345878314794
binancecoin,2026-01-08,899.3115791273906,123763709908.52527,1669040949.1979966,1369.99,0.0398177,899.3115791273906,899.3115791273906,899.3115791273906,899.3115791273906
binancecoin,2026-01-09,891.5992569838319,122803772954.30318,1512007590.3179083,1369.99,0.0398177,891.5992569838319,891.5992569838319,891.5992569838319,891.5992569838319
binancecoin,2026-01-10,895.5121731855866,123437221285.62236,1062500372.9429797,1369.99,0.0398177,895.5121731855866,895.5121731855866,895.5121731855866,895.5121731855866
binancecoin,2026-01-11,906.6887224157771,124853596576.21555,1304632995.1676254,1369.99,0.0398177,906.6887224157771,906.6887224157771,906.6887224157771,906.6887224157771
binancecoin,2026-01-12,902.7664964152219,124314076342.01952,1089200673.3908803,1369.99,0.0398177,902.7664964152219,902.7664964152219,902.7664964152219,902.7664964152219
binancecoin,2026-01-13,905.5295124491013,124753634346.50957,1416236647.4214528,1369.99,0.0398177,905.5295124491013,905.5295124491013,905.5295124491013,905.5295124491013
binancecoin,2026-01-14,942.4122356291538,129801485407.88301,3023134995.2829003,1369.99,0.0398177,942.4122356291538,942.4122356291538,942.4122356291538,942.4122356291538
binancecoin,2026-01-15,949.0987145957889,130778202236.48225,2255160714.02555,1369.99,0.0398177,949.0987145957889,949.0987145957889,949.0987145957889,949.0987145957889
binancecoin,2026-01-16,930.8892064404015,126916279480.82817,1669241171.3133764,1369.99,0.0398177,930.8892064404015,930.8892064404015,930.8892064404015,930.8892064404015
binancecoin,2026-01-17,937.687896295784,127819071582.52448,1177907096.7776625,1369.99,0.0398177,937.687896295784,937.687896295784,937.687896295784,937.687896295784
binancecoin,2026-01-18,946.9959081738135,129194457542.08887,1207141309.5977027,1369.99,0.0398177,946.9959081738135,946.9959081738135,946.9959081738135,946.9959081738135
binancecoin,2026-01-19,933.8079144307845,127391956848.96681,1275798832.474469,1369.99,0.0398177,933.8079144307845,933.8079144307845,933.8079144307845,933.8079144307845
binancecoin,2026-01-20,922.3076030339913,125781563139.81992,2470346209.8986206,1369.99,0.0398177,922.3076030339913,922.3076030339913,922.3076030339913,922.3076030339913
binancecoin,2026-01-21,884.4648847958442,120599484135.13818,2173091202.289302,1369.99,0.0398177,884.4648847958442,884.4648847958442,884.4648847958442,884.4648847958442
binancecoin,2026-01-22,882.3554922284878,120275764764.43254,2969106779.726366,1369.99,0.0398177,882.3554922284878,882.3554922284878,882.3554922284878,882.3554922284878
binancecoin,2026-01-23,886.8801866366052,120878971499.69006,1219444876.7874093,1369.99,0.0398177,886.8801866366052,886.8801866366052,886.8801866366052,886.8801866366052
binancecoin,2026-01-24,890.5047011445338,121406274788.23088,1127306040.1474164,1369.99,0.0398177,890.5047011445338,890.5047011445338,890.5047011445338,890.5047011445338
binancecoin,2026-01-25,886.0721909071814,120824131675.19077,530513762.9125829,1369.99,0.0398177,886.0721909071814,886.0721909071814,886.0721909071814,886.0721909071814
binancecoin,2026-01-26,864.4439519225823,117935368800.78908,1310262586.1889098,1369.99,0.0398177,864.4439519225823,864.4439519225823,864.4439519225823,864.4439519225823
binancecoin,2026-01-27,878.6274796967367,119852075665.91493,1259874753.5993867,1369.99,0.0398177,878.6274796967367,878.6274796967367,878.6274796967367,878.6274796967367
binancecoin,2026-01-28,897.6724320123695,122447202207.11542,1247423175.7103016,1369.99,0.0398177,897.6724320123695,897.6724320123695,897.6724320123695,897.6724320123695
binancecoin,2026-01-29,901.2090745596357,122868533857.5658,1215717530.3090816,1369.99,0.0398177,901.2090745596357,901.2090745596357,901.2090745596357,901.2090745596357
binancecoin,2026-01-30,867.7347946909455,118285691493.88474,3354101451.7359533,1369.99,0.0398177,867.7347946909455,867.7347946909455,867.7347946909455,867.7347946909455
binancecoin,2026-01-31,857.3699420639612,116914053043.12451,2345749921.787442,1369.99,0.0398177,857.3699420639612,857.3699420639612,857.3699420639612,857.3699420639612
binancecoin,2026-02-01,780.3315668159182,106463087867.83705,2662234945.505993,1369.99,0.0398177,780.3315668159182,780.3315668159182,780.3315668159182,780.3315668159182
binancecoin,2026-02-02,757.9446598202101,103356915509.94981,1927504970.8607385,1369.99,0.0398177,757.9446598202101,757.9446598202101,757.9446598202101,757.9446598202101
binancecoin,2026-02-03,775.3120806273045,105675775355.58817,2344630264.0359216,1369.99,0.0398177,775.3120806273045,775.3120806273045,775.3120806273045,775.3120806273045
binancecoin,2026-02-04,753.6152462766961,102785306283.79321,1960437669.6417804,1369.99,0.0398177,753.6152462766961,753.6152462766961,753.6152462766961,753.6152462766961
binancecoin,2026-02-05,699.2319544532423,95326625071.32611,2627088916.8071713,1369.99,0.0398177,699.2319544532423,699.2319544532423,699.2319544532423,699.2319544532423
binancecoin,2026-02-06,604.901963859174,83296690560.85005,4105549455.1091533,1369.99,0.0398177,604.901963859174,604.901963859174,604.901963859174,604.901963859174
binancecoin,2026-02-07,657.306655291851,89685556968.33916,3237219518.0847487,1369.99,0.0398177,657.306655291851,657.306655291851,657.306655291851,657.306655291851
binancecoin,2026-02-08,647.57171670411,88308066317.38551,1584371636.5518491,1369.99,0.0398177,647.57171670411,647.57171670411,647.57171670411,647.57171670411
binancecoin,2026-02-09,641.3063396421284,87450835262.66064,994898115.8011318,1369.99,0.0398177,641.3063396421284,641.3063396421284,641.3063396421284,641.3063396421284
binancecoin,2026-02-10,636.158470811873,86729994089.1038,1276369127.1321113,1369.99,0.0398177,636.158470811873,636.158470811873,636.158470811873,636.158470811873
binancecoin,2026-02-11,619.5022534339905,84467831507.9743,1021759793.9295112,1369.99,0.0398177,619.5022534339905,619.5022534339905,619.5022534339905,619.5022534339905
binancecoin,2026-02-12,607.0100650556328,82755881618.30022,1547224348.7584748,1369.99,0.0398177,607.0100650556328,607.0100650556328,607.0100650556328,607.0100650556328
binancecoin,2026-02-13,613.5884218776979,83656019499.6611,959253580.3854749,1369.99,0.0398177,613.5884218776979,613.5884218776979,613.5884218776979,613.5884218776979
binancecoin,2026-02-14,618.6972942245542,84362020188.44165,1283501146.5138228,1369.99,0.0398177,618.6972942245542,618.6972942245542,618.6972942245542,618.6972942245542
binancecoin,2026-02-15,633.314654350795,86343046587.03139,793474923.1783898,1369.99,0.0398177,633.314654350795,633.314654350795,633.314654350795,633.314654350795
binancecoin,2026-02-16,614.2781615559984,83775714874.3921,983279792.7361963,1369.99,0.0398177,614.2781615559984,614.2781615559984,614.2781615559984,614.2781615559984
binancecoin,2026-02-17,626.9455367382164,85479372542.39017,800706232.6744035,1369.99,0.0398177,626.9455367382164,626.9455367382164,626.9455367382164,626.9455367382164
binancecoin,2026-02-18,617.5002211755236,84169985044.78767,802874852.1015399,1369.99,0.0398177,617.5002211755236,617.5002211755236,617.5002211755236,617.5002211755236
binancecoin,2026-02-19,604.7780192707222,82448958332.99574,820027524.6018764,1369.99,0.0398177,604.7780192707222,604.7780192707222,604.7780192707222,604.7780192707222
binancecoin,2026-02-20,607.1450788289527,82785340522.44412,891516182.014514,1369.99,0.0398177,607.1450788289527,607.1450788289527,607.1450788289527,607.1450788289527
binancecoin,2026-02-21,625.1658113899997,85241510657.33328,1142133263.586823,1369.99,0.0398177,625.1658113899997,625.1658113899997,625.1658113899997,625.1658113899997
binancecoin,2026-02-22,625.9459360696097,85378020406.19989,606271036.5502301,1369.99,0.0398177,625.9459360696097,625.9459360696097,625.9459360696097,625.9459360696097
binancecoin,2026-02-23,614.0943323849417,83711762481.52454,539067287.7829927,1369.99,0.0398177,614.0943323849417,614.0943323849417,614.0943323849417,614.0943323849417
binancecoin,2026-02-24,595.841177275929,81249250726.1992,1553730225.5898428,1369.99,0.0398177,595.841177275929,595.841177275929,595.841177275929,595.841177275929
binancecoin,2026-02-25,583.919821904656,79658479528.21227,1262821404.8610575,1369.99,0.0398177,583.919821904656,583.919821904656,583.919821904656,583.919821904656
binancecoin,2026-02-26,628.2228200794851,85640105899.57208,2095902853.2404492,1369.99,0.0398177,628.2228200794851,628.2228200794851,628.2228200794851,628.2228200794851
binancecoin,2026-02-27,625.9211039706134,85313118803.34755,2185021928.62165,1369.99,0.0398177,625.9211039706134,625.9211039706134,625.9211039706134,625.9211039706134
binancecoin,2026-02-28,613.9686612193877,83730647972.7378,1166358389.1914895,1369.99,0.0398177,613.9686612193877,613.9686612193877,613.9686612193877,613.9686612193877
binancecoin,2026-03-01,617.5322050027751,84176037496.01993,1209591660.7041028,1369.99,0.0398177,617.5322050027751,617.5322050027751,617.5322050027751,617.5322050027751
binancecoin,2026-03-02,616.8269097979393,84170308777.82892,1186979235.562409,1369.99,0.0398177,616.8269097979393,616.8269097979393,616.8269097979393,616.8269097979393
binancecoin,2026-03-03,637.4936332653224,86949777841.90884,1468743400.2500687,1369.99,0.0398177,637.4936332653224,637.4936332653224,637.4936332653224,637.4936332653224
binancecoin,2026-03-04,633.9153172943332,86482998750.86174,1288690976.9448144,1369.99,0.0398177,633.9153172943332,633.9153172943332,633.9153172943332,633.9153172943332
binancecoin,2026-03-05,657.5355575822484,89674121952.91655,1455437526.091997,1369.99,0.0398177,657.5355575822484,657.5355575822484,657.5355575822484,657.5355575822484
binancecoin,2026-03-06,647.8545990969939,88346628486.60861,1126469725.743304,1369.99,0.0398177,647.8545990969939,647.8545990969939,647.8545990969939,647.8545990969939
binancecoin,2026-03-07,627.3743722428251,85547657678.56377,917945561.1473391,1369.99,0.0398177,627.3743722428251,627.3743722428251,627.3743722428251,627.3743722428251
binancecoin,2026-03-08,620.1335218839806,84564372980.5224,509923883.2711651,1369.99,0.0398177,620.1335218839806,620.1335218839806,620.1335218839806,620.1335218839806
binancecoin,2026-03-09,611.9500451871007,83583322275.93915,672282092.2172055,1369.99,0.0398177,611.9500451871007,611.9500451871007,611.9500451871007,611.9500451871007
binancecoin,2026-03-10,634.3477951671313,86502344273.0034,982004007.0334728,1369.99,0.0398177,634.3477951671313,634.3477951671313,634.3477951671313,634.3477951671313
binancecoin,2026-03-11,641.6585289358178,87497942370.54245,881536476.9723201,1369.99,0.0398177,641.6585289358178,641.6585289358178,641.6585289358178,641.6585289358178
binancecoin,2026-03-12,651.4385570212381,88842234614.88629,968330794.4655601,1369.99,0.0398177,651.4385570212381,651.4385570212381,651.4385570212381,651.4385570212381
binancecoin,2026-03-13,652.3204295577726,88957818998.18317,849045547.638754,1369.99,0.0398177,652.3204295577726,652.3204295577726,652.3204295577726,652.3204295577726
binancecoin,2026-03-14,656.0082976549179,89442960068.13345,1511406401.009564,1369.99,0.0398177,656.0082976549179,656.0082976549179,656.0082976549179,656.0082976549179
binancecoin,2026-03-15,657.9077116578025,89708022268.74335,568442486.3376324,1369.99,0.0398177,657.9077116578025,657.9077116578025,657.9077116578025,657.9077116578025
binancecoin,2026-03-16,673.7790391797466,91853204145.78893,850791964.7012388,1369.99,0.0398177,673.7790391797466,673.7790391797466,673.7790391797466,673.7790391797466
binancecoin,2026-03-17,679.6057646827234,92621576531.92915,1687295599.150869,1369.99,0.0398177,679.6057646827234,679.6057646827234,679.6057646827234,679.6057646827234
binancecoin,2026-03-18,668.4582026519276,91169357011.08174,1173435903.171768,1369.99,0.0398177,668.4582026519276,668.4582026519276,668.4582026519276,668.4582026519276
binancecoin,2026-03-19,651.889478852474,88894942913.96696,1250510505.1637778,1369.99,0.0398177,651.889478852474,651.889478852474,651.889478852474,651.889478852474
binancecoin,2026-03-20,638.9476995490274,87094846579.00471,1092257056.730614,1369.99,0.0398177,638.9476995490274,638.9476995490274,638.9476995490274,638.9476995490274
binancecoin,2026-03-21,642.2798347520329,87555139152.7843,959576064.1017348,1369.99,0.0398177,642.2798347520329,642.2798347520329,642.2798347520329,642.2798347520329
binancecoin,2026-03-22,629.5885290033027,86103357202.51297,574119350.8234105,1369.99,0.0398177,629.5885290033027,629.5885290033027,629.5885290033027,629.5885290033027
binancecoin,2026-03-23,626.2400112141628,85414472213.878,954773587.3843673,1369.99,0.0398177,626.2400112141628,626.2400112141628,626.2400112141628,626.2400112141628
binancecoin,2026-03-24,638.7006153893446,87032729469.62123,1699315951.250889,1369.99,0.0398177,638.7006153893446,638.7006153893446,638.7006153893446,638.7006153893446
binancecoin,2026-03-25,638.2722605721722,87029448211.48181,978215304.2590938,1369.99,0.0398177,638.2722605721722,638.2722605721722,638.2722605721722,638.2722605721722
binancecoin,2026-03-26,647.3180223384383,88262637760.30162,1021964769.0362132,1369.99,0.0398177,647.3180223384383,647.3180223384383,647.3180223384383,647.3180223384383
binancecoin,2026-03-27,628.9190223638835,85772548374.91353,913034607.2913547,1369.99,0.0398177,628.9190223638835,628.9190223638835,628.9190223638835,628.9190223638835
binancecoin,2026-03-28,613.1713620815611,83593345118.95567,971768711.8095019,1369.99,0.0398177,613.1713620815611,613.1713620815611,613.1713620815611,613.1713620815611
binancecoin,2026-03-29,610.4645237576061,83244498612.2906,657828397.9227824,1369.99,0.0398177,610.4645237576061,610.4645237576061,610.4645237576061,610.4645237576061
binancecoin,2026-03-30,605.6869270198512,82611194532.15556,729996347.0299814,1369.99,0.0398177,605.6869270198512,605.6869270198512,605.6869270198512,605.6869270198512
binancecoin,2026-03-31,608.6013327334239,82993307407.98569,914704817.990499,1369.99,0.0398177,608.6013327334239,608.6013327334239,608.6013327334239,608.6013327334239
binancecoin,2026-04-01,616.7739614216982,84079306293.21768,1116226014.1060407,1369.99,0.0398177,616.7739614216982,616.7739614216982,616.7739614216982,616.7739614216982
binancecoin,2026-04-02,610.7257387079188,83268972735.4447,1057348941.2416209,1369.99,0.0398177,610.7257387079188,610.7257387079188,610.7257387079188,610.7257387079188
binancecoin,2026-04-03,583.2343462184504,79535583506.9849,1566389736.6438546,1369.99,0.0398177,583.2343462184504,583.2343462184504,583.2343462184504,583.2343462184504
binancecoin,2026-04-04,588.1023061457563,80200003775.74149,616532496.823016,1369.99,0.0398177,588.1023061457563,588.1023061457563,588.1023061457563,588.1023061457563
binancecoin,2026-04-05,593.3737522068442,80890979536.74782,495007925.0437973,1369.99,0.0398177,593.3737522068442,593.3737522068442,593.3737522068442,593.3737522068442
binancecoin,2026-04-06,601.5319277415803,82032211835.35657,610987258.5820462,1369.99,0.0398177,601.5319277415803,601.5319277415803,601.5319277415803,601.5319277415803
binancecoin,2026-04-07,600.2118425663355,81842529919.58655,809193950.5544351,1369.99,0.0398177,600.2118425663355,600.2118425663355,600.2118425663355,600.2118425663355
binancecoin,2026-04-08,620.4758823184727,84605336658.57475,1009757674.5294894,1369.99,0.0398177,620.4758823184727,620.4758823184727,620.4758823184727,620.4758823184727
binancecoin,2026-04-09,601.1825872790433,81972951877.29778,1218951620.0366716,1369.99,0.0398177,601.1825872790433,601.1825872790433,601.1825872790433,601.1825872790433
binancecoin,2026-04-10,602.7816776325137,82224648671.39467,748582682.279887,1369.99,0.0398177,602.7816776325137,602.7816776325137,602.7816776325137,602.7816776325137
binancecoin,2026-04-11,605.8959543933561,82633009463.95515,929515613.153596,1369.99,0.0398177,605.8959543933561,605.8959543933561,605.8959543933561,605.8959543933561
binancecoin,2026-04-12,607.4205594243359,82835786294.08958,830947398.695837,1369.99,0.0398177,607.4205594243359,607.4205594243359,607.4205594243359,607.4205594243359
binancecoin,2026-04-13,592.4016532719136,80756512794.08296,980521715.6102328,1369.99,0.0398177,592.4016532719136,592.4016532719136,592.4016532719136,592.4016532719136
binancecoin,2026-04-14,615.0582235280093,83863161237.62419,1267912614.4982107,1369.99,0.0398177,615.0582235280093,615.0582235280093,615.0582235280093,615.0582235280093
binancecoin,2026-04-15,614.3018457281473,83763928148.84012,1434643630.8419285,1369.99,0.0398177,614.3018457281473,614.3018457281473,614.3018457281473,614.3018457281473
binancecoin,2026-04-16,622.8075892645858,83942103430.50294,817762335.6407866,1369.99,0.0398177,622.8075892645858,622.8075892645858,622.8075892645858,622.8075892645858
binancecoin,2026-04-17,635.8470780970079,85668783351.65327,1314496013.551181,1369.99,0.0398177,635.8470780970079,635.8470780970079,635.8470780970079,635.8470780970079
binancecoin,2026-04-18,643.5219619509379,86741804488.75511,1384516428.8797019,1369.99,0.0398177,643.5219619509379,643.5219619509379,643.5219619509379,643.5219619509379
binancecoin,2026-04-19,630.3120339001613,84957785052.3831,1060344273.302612,1369.99,0.0398177,630.3120339001613,630.3120339001613,630.3120339001613,630.3120339001613
binancecoin,2026-04-20,616.3721959028703,83089652133.53244,890835035.7409061,1369.99,0.0398177,616.3721959028703,616.3721959028703,616.3721959028703,616.3721959028703
binancecoin,2026-04-21,629.4702714172033,84838835154.5703,1014361415.3956897,1369.99,0.0398177,629.4702714172033,629.4702714172033,629.4702714172033,629.4702714172033
binancecoin,2026-04-22,631.9080331573377,85175720479.52818,1087050522.1873243,1369.99,0.0398177,631.9080331573377,631.9080331573377,631.9080331573377,631.9080331573377
binancecoin,2026-04-23,637.7284506868011,86017351943.42119,1298553669.2508388,1369.99,0.0398177,637.7284506868011,637.7284506868011,637.7284506868011,637.7284506868011
binancecoin,2026-04-24,638.77992299001,86084189290.40381,1061790575.5511459,1369.99,0.0398177,638.77992299001,638.77992299001,638.77992299001,638.77992299001
binancecoin,2026-04-25,636.4798355140537,85788898519.82469,845809600.6974201,1369.99,0.0398177,636.4798355140537,636.4798355140537,636.4798355140537,636.4798355140537
binancecoin,2026-04-26,628.7041266428481,84740824373.97624,646351171.5527447,1369.99,0.0398177,628.7041266428481,628.7041266428481,628.7041266428481,628.7041266428481
binancecoin,2026-04-27,636.1188584264361,85763474613.08038,659227749.1686733,1369.99,0.0398177,636.1188584264361,636.1188584264361,636.1188584264361,636.1188584264361
binancecoin,2026-04-28,626.6375245547653,84522077910.01564,1045588197.7887903,1369.99,0.0398177,626.6375245547653,626.6375245547653,626.6375245547653,626.6375245547653
binancecoin,2026-04-29,624.4454757814419,84124647237.12154,735423238.3481972,1369.99,0.0398177,624.4454757814419,624.4454757814419,624.4454757814419,624.4454757814419
binancecoin,2026-04-30,617.1944574315557,83206006878.04437,1075563307.3067086,1369.99,0.0398177,617.1944574315557,617.1944574315557,617.1944574315557,617.1944574315557
binancecoin,2026-05-01,615.1683640508885,82906475208.62646,778534823.2147492,1369.99,0.0398177,615.1683640508885,615.1683640508885,615.1683640508885,615.1683640508885
binancecoin,2026-05-02,615.352721486354,82955857310.35605,866858903.8312883,1369.99,0.0398177,615.352721486354,615.352721486354,615.352721486354,615.352721486354
binancecoin,2026-05-03,617.8687168511913,83269020349.44923,579985004.5637518,1369.99,0.0398177,617.8687168511913,617.8687168511913,617.8687168511913,617.8687168511913
binancecoin,2026-05-04,617.685329444655,83247687562.92384,706791677.8715433,1369.99,0.0398177,617.685329444655,617.685329444655,617.685329444655,617.685329444655
binancecoin,2026-05-05,622.7350647297969,83958662440.91728,1693909572.0678976,1369.99,0.0398177,622.7350647297969,622.7350647297969,622.7350647297969,622.7350647297969
binancecoin,2026-05-06,630.6662352188133,84993296390.57678,1167268467.8021924,1369.99,0.0398177,630.6662352188133,630.6662352188133,630.6662352188133,630.6662352188133
binancecoin,2026-05-07,647.7014397372362,87292375424.40376,1871488630.0647337,1369.99,0.0398177,647.7014397372362,647.7014397372362,647.7014397372362,647.7014397372362
binancecoin,2026-05-08,637.1466883728539,85878338383.32193,1096011300.795479,1369.99,0.0398177,637.1466883728539,637.1466883728539,637.1466883728539,637.1466883728539
binancecoin,2026-05-09,648.9906144892095,87451299649.12718,874901789.5199316,1369.99,0.0398177,648.9906144892095,648.9906144892095,648.9906144892095,648.9906144892095
binancecoin,2026-05-10,649.7904680571592,87589855143.62302,755293162.7388132,1369.99,0.0398177,649.7904680571592,649.7904680571592,649.7904680571592,649.7904680571592
binancecoin,2026-05-11,664.1927682658848,89579322938.25858,797538964.7526813,1369.99,0.0398177,664.1927682658848,664.1927682658848,664.1927682658848,664.1927682658848
binancecoin,2026-05-12,670.0371555340332,90311189008.94853,1186971514.7203054,1369.99,0.0398177,670.0371555340332,670.0371555340332,670.0371555340332,670.0371555340332
binancecoin,2026-05-13,664.7788410762696,89603040572.21231,1054060810.7109392,1369.99,0.0398177,664.7788410762696,664.7788410762696,664.7788410762696,664.7788410762696
binancecoin,2026-05-14,671.3190413177613,90493626425.50891,1362142360.8840525,1369.99,0.0398177,671.3190413177613,671.3190413177613,671.3190413177613,671.3190413177613
binancecoin,2026-05-15,677.9711012442812,91380636015.63448,1070670034.4933739,1369.99,0.0398177,677.9711012442812,677.9711012442812,677.9711012442812,677.9711012442812
binancecoin,2026-05-16,672.1450983955021,90591069382.47856,1076885718.4881165,1369.99,0.0398177,672.1450983955021,672.1450983955021,672.1450983955021,672.1450983955021
binancecoin,2026-05-17,655.9815401599437,88427132859.22421,844842437.3882989,1369.99,0.0398177,655.9815401599437,655.9815401599437,655.9815401599437,655.9815401599437
binancecoin,2026-05-18,647.6256087601512,86983857815.87263,663166685.9062903,1369.99,0.0398177,647.6256087601512,647.6256087601512,647.6256087601512,647.6256087601512
binancecoin,2026-05-19,642.9337135587922,86638012622.63557,852003710.7200807,1369.99,0.0398177,642.9337135587922,642.9337135587922,642.9337135587922,642.9337135587922
binancecoin,2026-05-20,639.4237494115966,86203228784.37679,573079141.9444348,1369.99,0.0398177,639.4237494115966,639.4237494115966,639.4237494115966,639.4237494115966
binancecoin,2026-05-21,648.82701330394,87452238552.25247,607978342.6580967,1369.99,0.0398177,648.82701330394,648.82701330394,648.82701330394,648.82701330394
binancecoin,2026-05-22,657.3442622041707,88640334567.65358,710085846.5416737,1369.99,0.0398177,657.3442622041707,657.3442622041707,657.3442622041707,657.3442622041707
binancecoin,2026-05-23,649.8736794848613,87566582760.11992,809109065.888538,1369.99,0.0398177,649.8736794848613,649.8736794848613,649.8736794848613,649.8736794848613
binancecoin,2026-05-24,655.6686352586662,88383964926.46072,760416875.914726,1369.99,0.0398177,655.6686352586662,655.6686352586662,655.6686352586662,655.6686352586662
binancecoin,2026-05-25,656.0794381396562,88454452661.98022,599860897.1592758,1369.99,0.0398177,656.0794381396562,656.0794381396562,656.0794381396562,656.0794381396562
binancecoin,2026-05-26,662.4749359852583,89273414116.10223,782600080.835088,1369.99,0.0398177,662.4749359852583,662.4749359852583,662.4749359852583,662.4749359852583
binancecoin,2026-05-27,655.769077265199,88382019099.71873,1070912317.883878,1369.99,0.0398177,655.769077265199,655.769077265199,655.769077265199,655.769077265199
binancecoin,2026-05-28,648.1937408839368,87380145129.15335,758466389.2154799,1369.99,0.0398177,648.1937408839368,648.1937408839368,648.1937408839368,648.1937408839368
binancecoin,2026-05-29,637.675452984609,85935759576.32347,847154271.7573442,1369.99,0.0398177,637.675452984609,637.675452984609,637.675452984609,637.675452984609
binancecoin,2026-05-30,642.4708142303181,86595677717.88635,697352213.4886262,1369.99,0.0398177,642.4708142303181,642.4708142303181,642.4708142303181,642.4708142303181
binancecoin,2026-05-31,718.1953012014361,96740859562.1676,2982138371.879291,1369.99,0.0398177,718.1953012014361,718.1953012014361,718.1953012014361,718.1953012014361
binancecoin,2026-06-01,708.4875206586606,95492632193.44958,2223047162.5587583,1369.99,0.0398177,708.4875206586606,708.4875206586606,708.4875206586606,708.4875206586606
binancecoin,2026-06-02,692.4721666950379,93268698720.74779,2892949699.302581,1369.99,0.0398177,692.4721666950379,692.4721666950379,692.4721666950379,692.4721666950379
binancecoin,2026-06-03,650.1158236153033,87600324339.6476,1739329616.6609032,1369.99,0.0398177,650.1158236153033,650.1158236153033,650.1158236153033,650.1158236153033
binancecoin,2026-06-04,619.9729209335624,83562707063.50684,1500535463.1130385,1369.99,0.0398177,619.9729209335624,619.9729209335624,619.9729209335624,619.9729209335624
binancecoin,2026-06-05,604.1287118054455,81360782875.02876,1864750482.4487765,1369.99,0.0398177,604.1287118054455,604.1287118054455,604.1287118054455,604.1287118054455
binancecoin,2026-06-06,571.8761117843133,77088225501.5464,2097184758.8991704,1369.99,0.0398177,571.8761117843133,571.8761117843133,571.8761117843133,571.8761117843133
binancecoin,2026-06-07,574.4163978433135,77422238325.93468,1101764416.996433,1369.99,0.0398177,574.4163978433135,574.4163978433135,574.4163978433135,574.4163978433135
binancecoin,2026-06-08,603.9500604409168,81399638457.60625,1017655197.5726525,1369.99,0.0398177,603.9500604409168,603.9500604409168,603.9500604409168,603.9500604409168
binancecoin,2026-06-09,601.57772441062,81051535480.96303,770856290.4116982,1369.99,0.0398177,601.57772441062,601.57772441062,601.57772441062,601.57772441062
binancecoin,2026-06-10,592.9771637932598,79915618018.64622,706930901.6870532,1369.99,0.0398177,592.9771637932598,592.9771637932598,592.9771637932598,592.9771637932598
binancecoin,2026-06-11,586.4056183899347,79022951214.7862,656227600.9648082,1369.99,0.0398177,586.4056183899347,586.4056183899347,586.4056183899347,586.4056183899347
binancecoin,2026-06-12,605.099833275731,81552964194.64119,709107751.6470624,1369.99,0.0398177,605.099833275731,605.099833275731,605.099833275731,605.099833275731
binancecoin,2026-06-13,603.4976314643328,81335095872.21396,655432458.7047579,1369.99,0.0398177,603.4976314643328,603.4976314643328,603.4976314643328,603.4976314643328
binancecoin,2026-06-14,609.3960483371303,82108397407.71606,462716417.4303678,1369.99,0.0398177,609.3960483371303,609.3960483371303,609.3960483371303,609.3960483371303
binancecoin,2026-06-15,616.2912079886602,83063506661.07874,686174191.0983294,1369.99,0.0398177,616.2912079886602,616.2912079886602,616.2912079886602,616.2912079886602
binancecoin,2026-06-16,617.2109614454471,83172295973.33606,997785247.8190978,1369.99,0.0398177,617.2109614454471,617.2109614454471,617.2109614454471,617.2109614454471
binancecoin,2026-06-17,604.5110165621804,81530600350.46959,1023334324.6951969,1369.99,0.0398177,604.5110165621804,604.5110165621804,604.5110165621804,604.5110165621804
binancecoin,2026-06-18,600.9869387655119,81002691826.40611,853748437.2538996,1369.99,0.0398177,600.9869387655119,600.9869387655119,600.9869387655119,600.9869387655119
binancecoin,2026-06-19,578.1245848849192,77920263047.14536,756506073.7858083,1369.99,0.0398177,578.1245848849192,578.1245848849192,578.1245848849192,578.1245848849192
binancecoin,2026-06-20,580.1628382451099,78180042607.35843,812135462.3397619,1369.99,0.0398177,580.1628382451099,580.1628382451099,580.1628382451099,580.1628382451099
binancecoin,2026-06-21,587.6191761294912,79203071179.0413,493236699.33949274,1369.99,0.0398177,587.6191761294912,587.6191761294912,587.6191761294912,587.6191761294912
binancecoin,2026-06-22,583.6563289122686,78653960096.35492,441458079.00069934,1369.99,0.0398177,583.6563289122686,583.6563289122686,583.6563289122686,583.6563289122686
binancecoin,2026-06-23,589.5161051448999,79456854499.11174,651475468.6203073,1369.99,0.0398177,589.5161051448999,589.5161051448999,589.5161051448999,589.5161051448999
binancecoin,2026-06-24,577.4973039935151,77841300996.2649,607077614.563276,1369.99,0.0398177,577.4973039935151,577.4973039935151,577.4973039935151,577.4973039935151
binancecoin,2026-06-25,563.4306937846923,75895977584.91998,879354014.8913083,1369.99,0.0398177,563.4306937846923,563.4306937846923,563.4306937846923,563.4306937846923
binancecoin,2026-06-26,559.7657044781952,75452404267.70366,901643230.982501,1369.99,0.0398177,559.7657044781952,559.7657044781952,559.7657044781952,559.7657044781952
binancecoin,2026-06-27,566.8471263322,76417818099.21068,1009907605.1773205,1369.99,0.0398177,566.8471263322,566.8471263322,566.8471263322,566.8471263322
binancecoin,2026-06-28,556.4348853199491,74997666787.25725,542167360.636933,1369.99,0.0398177,556.4348853199491,556.4348853199491,556.4348853199491,556.4348853199491
binancecoin,2026-06-29,550.9664608198074,74246237590.52223,513456917.7615994,1369.99,0.0398177,550.9664608198074,550.9664608198074,550.9664608198074,550.9664608198074
binancecoin,2026-06-30,558.691318125023,75308637287.46059,734777876.9526572,1369.99,0.0398177,558.691318125023,558.691318125023,558.691318125023,558.691318125023
binancecoin,2026-07-01,545.7157767074181,73554279593.24457,636823032.6267499,1369.99,0.0398177,545.7157767074181,545.7157767074181,545.7157767074181,545.7157767074181
binancecoin,2026-07-02,550.0071063128688,74148683709.93604,824758698.1095666,1369.99,0.0398177,550.0071063128688,550.0071063128688,550.0071063128688,550.0071063128688
binancecoin,2026-07-03,558.0250881103051,75211472431.87744,767700572.3608091,1369.99,0.0398177,558.0250881103051,558.0250881103051,558.0250881103051,558.0250881103051
binancecoin,2026-07-04,573.4162081480457,77290688150.96669,564486819.8044494,1369.99,0.0398177,573.4162081480457,573.4162081480457,573.4162081480457,573.4162081480457
binancecoin,2026-07-05,574.8710237798105,77495966774.96136,580582002.9695396,1369.99,0.0398177,574.8710237798105,574.8710237798105,574.8710237798105,574.8710237798105
binancecoin,2026-07-06,589.0581079654197,79385121060.556,754055771.7063017,1369.99,0.0398177,589.0581079654197,589.0581079654197,589.0581079654197,589.0581079654197
binancecoin,2026-07-07,585.575224608771,78905456358.94678,796301381.8591529,1369.99,0.0398177,585.575224608771,585.575224608771,585.575224608771,585.575224608771
binancecoin,2026-07-08,577.1493848442166,77801292321.15523,556436397.9528754,1369.99,0.0398177,577.1493848442166,577.1493848442166,577.1493848442166,577.1493848442166
binancecoin,2026-07-09,568.1938584506721,76568695073.27031,582041841.6240158,1369.99,0.0398177,568.1938584506721,568.1938584506721,568.1938584506721,568.1938584506721
binancecoin,2026-07-10,568.4547522028729,76615476008.581,501116372.2820386,1369.99,0.0398177,568.4547522028729,568.4547522028729,568.4547522028729,568.4547522028729
binancecoin,2026-07-11,574.8916123827952,77487321164.18552,509220618.8791905,1369.99,0.0398177,574.8916123827952,574.8916123827952,574.8916123827952,574.8916123827952
binancecoin,2026-07-12,575.4910722153016,77573436344.61797,409348023.64393353,1369.99,0.0398177,575.4910722153016,575.4910722153016,575.4910722153016,575.4910722153016
binancecoin,2026-07-13,573.8561162767281,77357846832.157,483451723.31123716,1369.99,0.0398177,573.8561162767281,573.8561162767281,573.8561162767281,573.8561162767281
binancecoin,2026-07-14,566.6703395950424,76373009729.54695,490659833.5665891,1369.99,0.0398177,566.6703395950424,566.6703395950424,566.6703395950424,566.6703395950424
binancecoin,2026-07-15,581.864057455815,78426684454.2051,646949855.0757827,1369.99,0.0398177,581.864057455815,581.864057455815,581.864057455815,581.864057455815
binancecoin,2026-07-16,580.0034706267272,77234827876.83746,639387179.2710751,1369.99,0.0398177,580.0034706267272,580.0034706267272,580.0034706267272,580.0034706267272
binancecoin,2026-07-17,572.049423349138,76183605036.13472,543021080.4438918,1369.99,0.0398177,572.049423349138,572.049423349138,572.049423349138,572.049423349138
binancecoin,2026-07-18,567.8597365698636,75621315548.30276,711018699.8883892,1369.99,0.0398177,567.8597365698636,567.8597365698636,567.8597365698636,567.8597365698636
binancecoin,2026-07-19,570.2658472608131,75944232148.66486,420019839.86452883,1369.99,0.0398177,570.2658472608131,570.2658472608131,570.2658472608131,570.2658472608131
binancecoin,2026-07-20,570.5518909883731,75971293624.7205,397716991.315927,1369.99,0.0398177,570.5518909883731,570.5518909883731,570.5518909883731,570.5518909883731
binancecoin,2026-07-21,570.7374947427895,76000535546.74254,598360874.6219211,1369.99,0.0398177,570.7374947427895,570.7374947427895,570.7374947427895,570.7374947427895
binancecoin,2026-07-22,573.548144716005,76377546984.08556,607896474.8191067,1369.99,0.0398177,573.548144716005,573.548144716005,573.548144716005,573.548144716005
binancecoin,2026-07-23,570.8065058911506,76016421058.06508,510698014.64295596,1369.99,0.0398177,570.8065058911506,570.8065058911506,570.8065058911506,570.8065058911506
binancecoin,2026-07-24,566.9181720775733,75490218101.4246,469696606.16820025,1369.99,0.0398177,566.9181720775733,566.9181720775733,566.9181720775733,566.9181720775733
binancecoin,2026-07-25,564.3427689177827,75150451904.1507,537971315.6327481,1369.99,0.0398177,564.3427689177827,564.3427689177827,564.3427689177827,564.3427689177827
binancecoin,2026-07-26,568.445319052571,75699648139.48305,372682130.54261947,1369.99,0.0398177,568.445319052571,568.445319052571,568.445319052571,568.445319052571
binancecoin,2026-07-27,574.6721544919722,76512329509.82166,387444528.280936,1369.99,0.0398177,574.6721544919722,574.6721544919722,574.6721544919722,574.6721544919722
usd-coin,2025-07-29,0.9997563804100272,63880072658.345825,14666384401.551502,,,0.9997563804100272,0.9997563804100272,0.9997563804100272,0.9997563804100272
usd-coin,2025-07-30,0.9997886549197438,63804337172.67573,14438488272.836914,,,0.9997886549197438,0.9997886549197438,0.9997886549197438,0.9997886549197438
usd-coin,2025-07-31,0.9998279054723977,64003380358.56574,14085996649.530378,,,0.9998279054723977,0.9998279054723977,0.9998279054723977,0.9998279054723977
usd-coin,2025-08-01,0.9998022020632803,64024628286.23601,7916996547.2460785,,,0.9998022020632803,0.9998022020632803,0.9998022020632803,0.9998022020632803
usd-coin,2025-08-02,0.9997574850493177,64250322579.40557,19388511791.06571,,,0.9997574850493177,0.9997574850493177,0.9997574850493177,0.9997574850493177
usd-coin,2025-08-03,0.9997225166945966,64188824575.57581,9872094643.82686,,,0.9997225166945966,0.9997225166945966,0.9997225166945966,0.9997225166945966
usd-coin,2025-08-04,0.9997019432974759,64165551880.33778,3930995854.360824,,,0.9997019432974759,0.9997019432974759,0.9997019432974759,0.9997019432974759
usd-coin,2025-08-05,0.9997110650432232,64362866856.16951,6254258098.417378,,,0.9997110650432232,0.9997110650432232,0.9997110650432232,0.9997110650432232
usd-coin,2025-08-06,0.9998025577732242,64571350833.30457,12431169153.671953,,,0.9998025577732242,0.9998025577732242,0.9998025577732242,0.9998025577732242
usd-coin,2025-08-07,0.9998048523473907,64649513857.36945,6738860270.480221,,,0.9998048523473907,0.9998048523473907,0.9998048523473907,0.9998048523473907
usd-coin,2025-08-08,0.9998019141984443,64762663626.17614,12314840917.611277,,,0.9998019141984443,0.9998019141984443,0.9998019141984443,0.9998019141984443
usd-coin,2025-08-09,0.9997062783687134,65267428113.77714,7508865656.994873,,,0.9997062783687134,0.9997062783687134,0.9997062783687134,0.9997062783687134
usd-coin,2025-08-10,0.9997733368186723,65279194197.36424,10835001653.196617,,,0.9997733368186723,0.9997733368186723,0.9997733368186723,0.9997733368186723
usd-coin,2025-08-11,0.999793928003434,65200159668.74354,11567071344.864529,,,0.999793928003434,0.999793928003434,0.999793928003434,0.999793928003434
usd-coin,2025-08-12,0.9998334987065358,65582516791.05663,18823096358.246803,,,0.9998334987065358,0.9998334987065358,0.9998334987065358,0.9998334987065358
usd-coin,2025-08-13,0.9997902269421893,65600277949.560524,21251135412.890865,,,0.9997902269421893,0.9997902269421893,0.9997902269421893,0.9997902269421893
usd-coin,2025-08-14,0.9998074064323036,66411009283.75756,24348209311.670536,,,0.9998074064323036,0.9998074064323036,0.9998074064323036,0.9998074064323036
usd-coin,2025-08-15,0.9998069077058277,67666316828.349495,12990965602.003815,,,0.9998069077058277,0.9998069077058277,0.9998069077058277,0.9998069077058277
usd-coin,2025-08-16,0.9998065075240092,68162345082.25059,10538811844.54478,,,0.9998065075240092,0.9998065075240092,0.9998065075240092,0.9998065075240092
usd-coin,2025-08-17,0.999903041764514,68175449428.10462,4367349978.3006935,,,0.999903041764514,0.999903041764514,0.999903041764514,0.999903041764514
usd-coin,2025-08-18,0.9999005838452771,68158258982.026955,4853051204.610175,,,0.9999005838452771,0.9999005838452771,0.9999005838452771,0.9999005838452771
usd-coin,2025-08-19,0.9998117296458843,68278690130.78527,18146064394.60853,,,0.9998117296458843,0.9998117296458843,0.9998117296458843,0.9998117296458843
usd-coin,2025-08-20,0.9998042486582616,67919335078.96813,8557771531.084643,,,0.9998042486582616,0.9998042486582616,0.9998042486582616,0.9998042486582616
usd-coin,2025-08-21,0.9997817763468253,67501312728.84719,18682528069.604958,,,0.9997817763468253,0.9997817763468253,0.9997817763468253,0.9997817763468253
usd-coin,2025-08-22,0.9997952178414342,67141855554.203,13487613433.1751,,,0.9997952178414342,0.9997952178414342,0.9997952178414342,0.9997952178414342
usd-coin,2025-08-23,0.9997044034429591,67542011449.1576,14189887340.927805,,,0.9997044034429591,0.9997044034429591,0.9997044034429591,0.9997044034429591
usd-coin,2025-08-24,0.999808374767304,67542228476.65118,12547821412.642548,,,0.999808374767304,0.999808374767304,0.999808374767304,0.999808374767304
usd-coin,2025-08-25,0.9997929568752849,67454609360.232,21429939105.84424,,,0.9997929568752849,0.9997929568752849,0.9997929568752849,0.9997929568752849
usd-coin,2025-08-26,0.999760265561091,68044691544.51479,19631954050.738678,,,0.999760265561091,0.999760265561091,0.999760265561091,0.999760265561091
usd-coin,2025-08-27,0.9998140616869372,69011841841.88863,20131949611.35401,,,0.9998140616869372,0.9998140616869372,0.9998140616869372,0.9998140616869372
usd-coin,2025-08-28,0.9999025150212983,69340394517.07306,13333805409.50523,,,0.9999025150212983,0.9999025150212983,0.9999025150212983,0.9999025150212983
usd-coin,2025-08-29,0.9998110320529753,70620028285.78723,11866038149.391775,,,0.9998110320529753,0.9998110320529753,0.9998110320529753,0.9998110320529753
usd-coin,2025-08-30,0.9998102761874875,71541280531.89722,20951154307.751987,,,0.9998102761874875,0.9998102761874875,0.9998102761874875,0.9998102761874875
usd-coin,2025-08-31,0.9998012887207978,71538548184.44302,5757684329.139153,,,0.9998012887207978,0.9998012887207978,0.9998012887207978,0.9998012887207978
usd-coin,2025-09-01,0.999807617410376,71549491496.40121,6566994501.290148,,,0.999807617410376,0.999807617410376,0.999807617410376,0.999807617410376
usd-coin,2025-09-02,0.9998028307188782,71513530485.20557,17297238319.69856,,,0.9998028307188782,0.9998028307188782,0.9998028307188782,0.9998028307188782
usd-coin,2025-09-03,0.9997152095962891,72146971879.89037,10714462770.3458,,,0.9997152095962891,0.9997152095962891,0.9997152095962891,0.9997152095962891
usd-coin,2025-09-04,0.9998020379643014,72672911069.14882,7533811668.229365,,,0.9998020379643014,0.9998020379643014,0.9998020379643014,0.9998020379643014
usd-coin,2025-09-05,0.9998103536156192,72570847322.3635,8484149276.378115,,,0.9998103536156192,0.9998103536156192,0.9998103536156192,0.9998103536156192
usd-coin,2025-09-06,0.9998057828255038,72464557041.88847,16040211544.717104,,,0.9998057828255038,0.9998057828255038,0.9998057828255038,0.9998057828255038
usd-coin,2025-09-07,0.99984255642477,72547699909.17642,3323914535.3318963,,,0.99984255642477,0.99984255642477,0.99984255642477,0.99984255642477
usd-coin,2025-09-08,0.9998028936062057,72499319914.56313,3538822739.6844444,,,0.9998028936062057,0.9998028936062057,0.9998028936062057,0.9998028936062057
usd-coin,2025-09-09,0.9998021364178094,72425624280.22612,8450297008.725593,,,0.9998021364178094,0.9998021364178094,0.9998021364178094,0.9998021364178094
usd-coin,2025-09-10,0.99970623902952,72661309825.54846,9290206265.342182,,,0.99970623902952,0.99970623902952,0.99970623902952,0.99970623902952
usd-coin,2025-09-11,0.9997981376285149,72353022867.15466,14974542655.195055,,,0.9997981376285149,0.9997981376285149,0.9997981376285149,0.9997981376285149
usd-coin,2025-09-12,0.9997829645848934,72437004729.26895,16785612656.609068,,,0.9997829645848934,0.9997829645848934,0.9997829645848934,0.9997829645848934
usd-coin,2025-09-13,0.9997533692894122,72975110549.91373,19484128083.375046,,,0.9997533692894122,0.9997533692894122,0.9997533692894122,0.9997533692894122
usd-coin,2025-09-14,0.9998024550055059,73169475841.81604,9055094840.964233,,,0.9998024550055059,0.9998024550055059,0.9998024550055059,0.9998024550055059
usd-coin,2025-09-15,0.999764361210421,73194785399.01404,13221789671.625793,,,0.999764361210421,0.999764361210421,0.999764361210421,0.999764361210421
usd-coin,2025-09-16,0.999783033575139,73194539085.54532,17785380837.134674,,,0.999783033575139,0.999783033575139,0.999783033575139,0.999783033575139
usd-coin,2025-09-17,0.9997816595925962,73610319439.59213,14706014129.96492,,,0.9997816595925962,0.9997816595925962,0.9997816595925962,0.9997816595925962
usd-coin,2025-09-18,0.9997076224494962,73594450402.46196,12829037269.29042,,,0.9997076224494962,0.9997076224494962,0.9997076224494962,0.9997076224494962
usd-coin,2025-09-19,0.9997286082156372,74338680585.20328,27849120991.448666,,,0.9997286082156372,0.9997286082156372,0.9997286082156372,0.9997286082156372
usd-coin,2025-09-20,0.9997102821354971,74163618655.86676,7931064159.878444,,,0.9997102821354971,0.9997102821354971,0.9997102821354971,0.9997102821354971
usd-coin,2025-09-21,0.9997025687107672,73976208429.79012,5795323531.683949,,,0.9997025687107672,0.9997025687107672,0.9997025687107672,0.9997025687107672
usd-coin,2025-09-22,0.9997020360910328,73960703749.01588,5303196232.062255,,,0.9997020360910328,0.9997020360910328,0.9997020360910328,0.9997020360910328
usd-coin,2025-09-23,0.9997056974114489,74131793688.85382,14845441649.564701,,,0.9997056974114489,0.9997056974114489,0.9997056974114489,0.9997056974114489
usd-coin,2025-09-24,0.9996041863358982,73979784471.65208,9203595070.03124,,,0.9996041863358982,0.9996041863358982,0.9996041863358982,0.9996041863358982
usd-coin,2025-09-25,0.9997050727046423,74153783390.91512,9754977500.845879,,,0.9997050727046423,0.9997050727046423,0.9997050727046423,0.9997050727046423
usd-coin,2025-09-26,0.9997061603387549,73967925897.96547,18814382509.34941,,,0.9997061603387549,0.9997061603387549,0.9997061603387549,0.9997061603387549
usd-coin,2025-09-27,0.9996986364243708,73769508933.57736,15582045747.476595,,,0.9996986364243708,0.9996986364243708,0.9996986364243708,0.9996986364243708
usd-coin,2025-09-28,0.9996189303064487,73723140848.84122,7234036151.109536,,,0.9996189303064487,0.9996189303064487,0.9996189303064487,0.9996189303064487
usd-coin,2025-09-29,0.9997055307361046,73668158839.96417,7407026461.044738,,,0.9997055307361046,0.9997055307361046,0.9997055307361046,0.9997055307361046
usd-coin,2025-09-30,0.9996117790446111,73503911954.7772,8999832693.761444,,,0.9996117790446111,0.9996117790446111,0.9996117790446111,0.9996117790446111
usd-coin,2025-10-01,0.9997046145430776,73395860021.48103,10487588265.344687,,,0.9997046145430776,0.9997046145430776,0.9997046145430776,0.9997046145430776
usd-coin,2025-10-02,0.9998045987491716,73936203902.37366,12341253248.551918,,,0.9998045987491716,0.9998045987491716,0.9998045987491716,0.9998045987491716
usd-coin,2025-10-03,0.9997814567152021,74303858028.50404,18530738475.06542,,,0.9997814567152021,0.9997814567152021,0.9997814567152021,0.9997814567152021
usd-coin,2025-10-04,0.9998434065788699,75402867504.72406,20135345295.423573,,,0.9998434065788699,0.9998434065788699,0.9998434065788699,0.9998434065788699
usd-coin,2025-10-05,0.9997002982613519,75340591581.69048,6321359091.001355,,,0.9997002982613519,0.9997002982613519,0.9997002982613519,0.9997002982613519
usd-coin,2025-10-06,0.9997031715004473,75216551271.27759,10952814780.992722,,,0.9997031715004473,0.9997031715004473,0.9997031715004473,0.9997031715004473
usd-coin,2025-10-07,0.9997414065991995,75490408399.69547,20397360929.006096,,,0.9997414065991995,0.9997414065991995,0.9997414065991995,0.9997414065991995
usd-coin,2025-10-08,0.9996256018766565,75582405046.00488,14192103584.876059,,,0.9996256018766565,0.9996256018766565,0.9996256018766565,0.9996256018766565
usd-coin,2025-10-09,0.9996975205135418,75665318341.2458,18971469951.199116,,,0.9996975205135418,0.9996975205135418,0.9996975205135418,0.9996975205135418
usd-coin,2025-10-10,0.99980093500008,75574178484.05225,11512051847.20843,,,0.99980093500008,0.99980093500008,0.99980093500008,0.99980093500008
usd-coin,2025-10-11,0.9997854932511728,75026867754.30981,37812075462.45516,,,0.9997854932511728,0.9997854932511728,0.9997854932511728,0.9997854932511728
usd-coin,2025-10-12,0.999873024924141,75382187140.60086,26599083694.08299,,,0.999873024924141,0.999873024924141,0.999873024924141,0.999873024924141
usd-coin,2025-10-13,0.9999242517378707,75639712687.31621,28802494554.007336,,,0.9999242517378707,0.9999242517378707,0.9999242517378707,0.9999242517378707
usd-coin,2025-10-14,0.9999964562425981,75821593638.51003,13790511961.657696,,,0.9999964562425981,0.9999964562425981,0.9999964562425981,0.9999964562425981
usd-coin,2025-10-15,0.9999017446415942,76219878474.08218,17964105448.65286,,,0.9999017446415942,0.9999017446415942,0.9999017446415942,0.9999017446415942
usd-coin,2025-10-16,0.9998015420153263,76066936940.32709,12696753971.570591,,,0.9998015420153263,0.9998015420153263,0.9998015420153263,0.9998015420153263
usd-coin,2025-10-17,0.9998017638299638,75948741220.90154,11795811418.056234,,,0.9998017638299638,0.9998017638299638,0.9998017638299638,0.9998017638299638
usd-coin,2025-10-18,0.9999001841318939,76033638109.43999,13538934353.267094,,,0.9999001841318939,0.9999001841318939,0.9999001841318939,0.9999001841318939
usd-coin,2025-10-19,0.9998039369182469,75939549186.60498,4467782309.278221,,,0.9998039369182469,0.9998039369182469,0.9998039369182469,0.9998039369182469
usd-coin,2025-10-20,0.9998202707785887,75939618382.20375,7136534405.36995,,,0.9998202707785887,0.9998202707785887,0.9998202707785887,0.9998202707785887
usd-coin,2025-10-21,0.9998007048891119,76201196395.60898,8534426339.747472,,,0.9998007048891119,0.9998007048891119,0.9998007048891119,0.9998007048891119
usd-coin,2025-10-22,0.9998077275547395,76780747878.54977,11796411426.790405,,,0.9998077275547395,0.9998077275547395,0.9998077275547395,0.9998077275547395
usd-coin,2025-10-23,0.9998030311177085,76534953556.23419,11972691972.919851,,,0.9998030311177085,0.9998030311177085,0.9998030311177085,0.9998030311177085
usd-coin,2025-10-24,0.9998098851666196,76493628580.56049,11740745301.403206,,,0.9998098851666196,0.9998098851666196,0.9998098851666196,0.9998098851666196
usd-coin,2025-10-25,0.9998854747634316,76326620231.9463,13982929241.280312,,,0.9998854747634316,0.9998854747634316,0.9998854747634316,0.9998854747634316
usd-coin,2025-10-26,0.9998019433171337,76278128433.61526,3884507672.342614,,,0.9998019433171337,0.9998019433171337,0.9998019433171337,0.9998019433171337
usd-coin,2025-10-27,0.9998977460063121,76236838551.97643,6908027090.429244,,,0.9998977460063121,0.9998977460063121,0.9998977460063121,0.9998977460063121
usd-coin,2025-10-28,0.999842184903193,76159183452.11792,16167474464.125076,,,0.999842184903193,0.999842184903193,0.999842184903193,0.999842184903193
usd-coin,2025-10-29,0.9998075020708052,76198885072.7698,9856093666.271488,,,0.9998075020708052,0.9998075020708052,0.9998075020708052,0.9998075020708052
usd-coin,2025-10-30,0.9998072950252083,76301584814.62709,9389022072.746925,,,0.9998072950252083,0.9998072950252083,0.9998072950252083,0.9998072950252083
usd-coin,2025-10-31,0.9998004909416555,75950060281.33815,12303747140.999887,,,0.9998004909416555,0.9998004909416555,0.9998004909416555,0.9998004909416555
usd-coin,2025-11-01,0.9997086074836985,75912385027.86111,9379145182.411907,,,0.9997086074836985,0.9997086074836985,0.9997086074836985,0.9997086074836985
usd-coin,2025-11-02,0.99979,75855338093.96507,3727872928.2122397,,,0.99979,0.99979,0.99979,0.99979
usd-coin,2025-11-03,0.9998089560169484,75797588536.42018,6762477388.0854845,,,0.9998089560169484,0.9998089560169484,0.9998089560169484,0.9998089560169484
usd-coin,2025-11-04,0.9998042852503668,75556937074.62796,10870417423.99644,,,0.9998042852503668,0.9998042852503668,0.9998042852503668,0.9998042852503668
usd-coin,2025-11-05,0.9997754376441258,75145449692.42545,31223865839.900936,,,0.9997754376441258,0.9997754376441258,0.9997754376441258,0.9997754376441258
usd-coin,2025-11-06,0.9997024641044927,75296518973.28085,10889562863.6902,,,0.9997024641044927,0.9997024641044927,0.9997024641044927,0.9997024641044927
usd-coin,2025-11-07,0.9997035096409963,75451938946.93945,9352519328.006535,,,0.9997035096409963,0.9997035096409963,0.9997035096409963,0.9997035096409963
usd-coin,2025-11-08,0.9999996508087408,75779329530.51295,10858969674.081158,,,0.9999996508087408,0.9999996508087408,0.9999996508087408,0.9999996508087408
usd-coin,2025-11-09,0.9998015344601315,75700645708.50941,5871758043.699255,,,0.9998015344601315,0.9998015344601315,0.9998015344601315,0.9998015344601315
usd-coin,2025-11-10,0.9997055439669811,75757366577.00575,6594805931.380961,,,0.9997055439669811,0.9997055439669811,0.9997055439669811,0.9997055439669811
usd-coin,2025-11-11,0.9998018988426187,76155747955.87144,9092972978.786434,,,0.9998018988426187,0.9998018988426187,0.9998018988426187,0.9998018988426187
usd-coin,2025-11-12,0.9997038962728055,75967424757.97282,7413120662.071087,,,0.9997038962728055,0.9997038962728055,0.9997038962728055,0.9997038962728055
usd-coin,2025-11-13,0.9998011325422312,76052521919.11623,8400423462.565134,,,0.9998011325422312,0.9998011325422312,0.9998011325422312,0.9998011325422312
usd-coin,2025-11-14,0.999781737633796,75578542259.78708,17354063546.07576,,,0.999781737633796,0.999781737633796,0.999781737633796,0.999781737633796
usd-coin,2025-11-15,0.9997938433989074,74989995354.03566,18716967192.111176,,,0.9997938433989074,0.9997938433989074,0.9997938433989074,0.9997938433989074
usd-coin,2025-11-16,0.9997995696297937,74928978465.23138,6598537583.491719,,,0.9997995696297937,0.9997995696297937,0.9997995696297937,0.9997995696297937
usd-coin,2025-11-17,0.9998008685518206,74854938591.16776,7469103311.133149,,,0.9998008685518206,0.9998008685518206,0.9998008685518206,0.9998008685518206
usd-coin,2025-11-18,0.9998021731929515,74892956509.57384,11382630010.682827,,,0.9998021731929515,0.9998021731929515,0.9998021731929515,0.9998021731929515
usd-coin,2025-11-19,0.9998043658497393,74880488294.86015,11067539912.720297,,,0.9998043658497393,0.9998043658497393,0.9998043658497393,0.9998043658497393
usd-coin,2025-11-20,0.9996323820188232,74643339219.06718,16793394249.412348,,,0.9996323820188232,0.9996323820188232,0.9996323820188232,0.9996323820188232
usd-coin,2025-11-21,0.9997031730993816,73909788280.45352,11212634592.396582,,,0.9997031730993816,0.9997031730993816,0.9997031730993816,0.9997031730993816
usd-coin,2025-11-22,0.9997108372368417,74040826913.06186,11634623033.481176,,,0.9997108372368417,0.9997108372368417,0.9997108372368417,0.9997108372368417
usd-coin,2025-11-23,0.9997037332843601,74004667844.06729,4174136245.5794554,,,0.9997037332843601,0.9997037332843601,0.9997037332843601,0.9997037332843601
usd-coin,2025-11-24,0.999703080918218,74068748779.50249,4979343679.637801,,,0.999703080918218,0.999703080918218,0.999703080918218,0.999703080918218
usd-coin,2025-11-25,0.9996829213491458,74501543758.89574,11137827321.098473,,,0.9996829213491458,0.9996829213491458,0.9996829213491458,0.9996829213491458
usd-coin,2025-11-26,0.9996824730952604,75168587746.09627,8243510428.078304,,,0.9996824730952604,0.9996824730952604,0.9996824730952604,0.9996824730952604
usd-coin,2025-11-27,0.9997972023888205,75754672529.57784,5905651954.630295,,,0.9997972023888205,0.9997972023888205,0.9997972023888205,0.9997972023888205
usd-coin,2025-11-28,0.9997030160038415,76024535653.55592,4525071312.255071,,,0.9997030160038415,0.9997030160038415,0.9997030160038415,0.9997030160038415
usd-coin,2025-11-29,0.9997029420362908,76529002202.7604,7009365738.540114,,,0.9997029420362908,0.9997029420362908,0.9997029420362908,0.9997029420362908
usd-coin,2025-11-30,0.999822788403676,76543535518.57362,4753376846.339867,,,0.999822788403676,0.999822788403676,0.999822788403676,0.999822788403676
usd-coin,2025-12-01,0.9998089052386435,76589515806.04205,2863151480.4945755,,,0.9998089052386435,0.9998089052386435,0.9998089052386435,0.9998089052386435
usd-coin,2025-12-02,0.9998021969217399,77509820034.28696,7722227250.631792,,,0.9998021969217399,0.9998021969217399,0.9998021969217399,0.9998021969217399
usd-coin,2025-12-03,0.9999004027555739,77509490840.23564,5892767495.285436,,,0.9999004027555739,0.9999004027555739,0.9999004027555739,0.9999004027555739
usd-coin,2025-12-04,0.9999001763007447,77812656340.26474,5433621379.025341,,,0.9999001763007447,0.9999001763007447,0.9999001763007447,0.9999001763007447
usd-coin,2025-12-05,0.9998048293821209,78052939534.6978,4433031600.098449,,,0.9998048293821209,0.9998048293821209,0.9998048293821209,0.9998048293821209
usd-coin,2025-12-06,0.9997055432438996,78062265665.87842,5491766070.996578,,,0.9997055432438996,0.9997055432438996,0.9997055432438996,0.9997055432438996
usd-coin,2025-12-07,0.9997900728964493,78125782618.12518,3399925436.1069365,,,0.9997900728964493,0.9997900728964493,0.9997900728964493,0.9997900728964493
usd-coin,2025-12-08,0.9998630197417429,78177215513.57675,7949137517.063286,,,0.9998630197417429,0.9998630197417429,0.9998630197417429,0.9998630197417429
usd-coin,2025-12-09,0.9998048604531456,78322005232.93845,6711239025.860942,,,0.9998048604531456,0.9998048604531456,0.9998048604531456,0.9998048604531456
usd-coin,2025-12-10,0.9998012884796253,78461039498.99965,9549671257.399817,,,0.9998012884796253,0.9998012884796253,0.9998012884796253,0.9998012884796253
usd-coin,2025-12-11,0.9987978733235967,78247279770.47147,14732102989.344917,,,0.9987978733235967,0.9987978733235967,0.9987978733235967,0.9987978733235967
usd-coin,2025-12-12,0.9999016505724215,78273133759.30103,13779145162.078003,,,0.9999016505724215,0.9999016505724215,0.9999016505724215,0.9999016505724215
usd-coin,2025-12-13,0.9998851213184454,78479111692.53076,11090202330.56021,,,0.9998851213184454,0.9998851213184454,0.9998851213184454,0.9998851213184454
usd-coin,2025-12-14,0.9999651607835981,78424700012.9138,4216700530.08134,,,0.9999651607835981,0.9999651607835981,0.9999651607835981,0.9999651607835981
usd-coin,2025-12-15,1.0000357862126887,78400153698.20047,6386102714.933674,,,1.0000357862126887,1.0000357862126887,1.0000357862126887,1.0000357862126887
usd-coin,2025-12-16,1.0000466470796425,78445964850.04926,12962997559.433086,,,1.0000466470796425,1.0000466470796425,1.0000466470796425,1.0000466470796425
usd-coin,2025-12-17,1.000115606129505,78315434993.7644,11441727172.534433,,,1.000115606129505,1.000115606129505,1.000115606129505,1.000115606129505
usd-coin,2025-12-18,0.9999302335823484,78042840696.92249,13304762879.451006,,,0.9999302335823484,0.9999302335823484,0.9999302335823484,0.9999302335823484
usd-coin,2025-12-19,0.9998234047754657,77331627180.34195,14095552174.832333,,,0.9998234047754657,0.9998234047754657,0.9998234047754657,0.9998234047754657
usd-coin,2025-12-20,0.9998367110499486,77093596994.70663,13408610036.087254,,,0.9998367110499486,0.9998367110499486,0.9998367110499486,0.9998367110499486
usd-coin,2025-12-21,1.0000175235676143,77077940358.12505,4012596766.687027,,,1.0000175235676143,1.0000175235676143,1.0000175235676143,1.0000175235676143
usd-coin,2025-12-22,1.0000375373243724,77107714886.00273,5049249593.456723,,,1.0000375373243724,1.0000375373243724,1.0000375373243724,1.0000375373243724
usd-coin,2025-12-23,0.9999015270910463,77107982651.43582,12378186117.133236,,,0.9999015270910463,0.9999015270910463,0.9999015270910463,0.9999015270910463
usd-coin,2025-12-24,0.9997550269293676,76915464264.76744,19694487933.0804,,,0.9997550269293676,0.9997550269293676,0.9997550269293676,0.9997550269293676
usd-coin,2025-12-25,1.0000761307482435,76591043824.28026,8644020706.089872,,,1.0000761307482435,1.0000761307482435,1.0000761307482435,1.0000761307482435
usd-coin,2025-12-26,0.999708152829279,76476959213.82686,6410796360.55412,,,0.999708152829279,0.999708152829279,0.999708152829279,0.999708152829279
usd-coin,2025-12-27,0.9998892293013324,76517544120.7733,9780446207.470388,,,0.9998892293013324,0.9998892293013324,0.9998892293013324,0.9998892293013324
usd-coin,2025-12-28,1.0002418040526544,76474911697.4624,4076080433.20352,,,1.0002418040526544,1.0002418040526544,1.0002418040526544,1.0002418040526544
usd-coin,2025-12-29,1.0000312646730498,76384734230.46066,4687511750.265879,,,1.0000312646730498,1.0000312646730498,1.0000312646730498,1.0000312646730498
usd-coin,2025-12-30,0.9997865671078336,76016098863.74144,13687921663.8218,,,0.9997865671078336,0.9997865671078336,0.9997865671078336,0.9997865671078336
usd-coin,2025-12-31,0.9998741904541762,76008223428.32848,10772402694.832142,,,0.9998741904541762,0.9998741904541762,0.9998741904541762,0.9998741904541762
usd-coin,2026-01-01,0.9998079595892425,75371182421.47166,10003628420.667046,,,0.9998079595892425,0.9998079595892425,0.9998079595892425,0.9998079595892425
usd-coin,2026-01-02,0.9998929070732341,75187332687.29697,5397599139.072123,,,0.9998929070732341,0.9998929070732341,0.9998929070732341,0.9998929070732341
usd-coin,2026-01-03,0.9998884956114008,75338085489.51773,13987662563.237244,,,0.9998884956114008,0.9998884956114008,0.9998884956114008,0.9998884956114008
usd-coin,2026-01-04,0.9999694949220108,75382811888.47682,5796143475.310068,,,0.9999694949220108,0.9999694949220108,0.9999694949220108,0.9999694949220108
usd-coin,2026-01-05,0.99994767057984,75441548669.84816,6658943823.036218,,,0.99994767057984,0.99994767057984,0.99994767057984,0.99994767057984
usd-coin,2026-01-06,0.9997646956253706,75769878326.6978,15513902457.85601,,,0.9997646956253706,0.9997646956253706,0.9997646956253706,0.9997646956253706
usd-coin,2026-01-07,0.9999044905222884,75749018875.95282,15175363352.995682,,,0.9999044905222884,0.9999044905222884,0.9999044905222884,0.9999044905222884
usd-coin,2026-01-08,0.9999322696573381,75208766704.42323,12682315693.330158,,,0.9999322696573381,0.9999322696573381,0.9999322696573381,0.9999322696573381
usd-coin,2026-01-09,0.9998951178132236,74977683650.8868,13808663116.454426,,,0.9998951178132236,0.9998951178132236,0.9998951178132236,0.9998951178132236
usd-coin,2026-01-10,0.9999362857694422,74787856335.98029,11466055051.786749,,,0.9999362857694422,0.9999362857694422,0.9999362857694422,0.9999362857694422
usd-coin,2026-01-11,1.0003489550813633,74713286205.17264,4171193758.535504,,,1.0003489550813633,1.0003489550813633,1.0003489550813633,1.0003489550813633
usd-coin,2026-01-12,0.999900908621291,74629591185.86687,5269877360.893935,,,0.999900908621291,0.999900908621291,0.999900908621291,0.999900908621291
usd-coin,2026-01-13,0.9997849605034322,74341587408.56544,13823348430.321257,,,0.9997849605034322,0.9997849605034322,0.9997849605034322,0.9997849605034322
usd-coin,2026-01-14,0.9997108545905758,75016056899.61877,20711221137.63387,,,0.9997108545905758,0.9997108545905758,0.9997108545905758,0.9997108545905758
usd-coin,2026-01-15,0.9997746563122052,75806879075.3657,21789490332.697803,,,0.9997746563122052,0.9997746563122052,0.9997746563122052,0.9997746563122052
usd-coin,2026-01-16,0.9997743951637605,75673057112.48198,14765499116.871725,,,0.9997743951637605,0.9997743951637605,0.9997743951637605,0.9997743951637605
usd-coin,2026-01-17,1.001629321318781,75985424473.90607,11500655027.406929,,,1.001629321318781,1.001629321318781,1.001629321318781,1.001629321318781
usd-coin,2026-01-18,1.000011438265263,76020188662.64745,5052557881.74096,,,1.000011438265263,1.000011438265263,1.000011438265263,1.000011438265263
usd-coin,2026-01-19,0.9997294620195241,75956415747.38663,4997193470.923582,,,0.9997294620195241,0.9997294620195241,0.9997294620195241,0.9997294620195241
usd-coin,2026-01-20,0.9997017779406955,75815735295.47107,6458827057.123154,,,0.9997017779406955,0.9997017779406955,0.9997017779406955,0.9997017779406955
usd-coin,2026-01-21,0.9996979313062893,74927824593.92998,8912497589.557781,,,0.9996979313062893,0.9996979313062893,0.9996979313062893,0.9996979313062893
usd-coin,2026-01-22,0.9997001672785395,74440160183.65816,9675633490.008656,,,0.9997001672785395,0.9997001672785395,0.9997001672785395,0.9997001672785395
usd-coin,2026-01-23,0.9996947697891806,73725876877.11763,9692378419.117548,,,0.9996947697891806,0.9996947697891806,0.9996947697891806,0.9996947697891806
usd-coin,2026-01-24,0.9996058398565779,72893696034.71667,8490105714.32148,,,0.9996058398565779,0.9996058398565779,0.9996058398565779,0.9996058398565779
usd-coin,2026-01-25,0.9996149057029275,72525746654.4399,3199188963.8111615,,,0.9996149057029275,0.9996149057029275,0.9996149057029275,0.9996149057029275
usd-coin,2026-01-26,0.9997030029047972,72391867384.72154,5332108862.239536,,,0.9997030029047972,0.9997030029047972,0.9997030029047972,0.9997030029047972
usd-coin,2026-01-27,0.9997003489393441,72062863058.69075,7873453099.435496,,,0.9997003489393441,0.9997003489393441,0.9997003489393441,0.9997003489393441
usd-coin,2026-01-28,0.9997019330566218,71545146183.63538,24068470916.91532,,,0.9997019330566218,0.9997019330566218,0.9997019330566218,0.9997019330566218
usd-coin,2026-01-29,0.9997009682915375,71222533431.20903,12662196611.75151,,,0.9997009682915375,0.9997009682915375,0.9997009682915375,0.9997009682915375
usd-coin,2026-01-30,0.9997013064355282,70300438185.34792,7572219527.570909,,,0.9997013064355282,0.9997013064355282,0.9997013064355282,0.9997013064355282
usd-coin,2026-01-31,0.9997108063526825,70048084221.75757,8330245035.8159895,,,0.9997108063526825,0.9997108063526825,0.9997108063526825,0.9997108063526825
usd-coin,2026-02-01,0.999551829097527,70165928923.21927,12949149905.274965,,,0.999551829097527,0.999551829097527,0.999551829097527,0.999551829097527
usd-coin,2026-02-02,0.999700608459596,70278789633.51726,8054041562.279906,,,0.999700608459596,0.999700608459596,0.999700608459596,0.999700608459596
usd-coin,2026-02-03,0.9997028013678845,70641107077.41772,11224041070.83138,,,0.9997028013678845,0.9997028013678845,0.9997028013678845,0.9997028013678845
usd-coin,2026-02-04,0.9997367556761859,70764424031.34343,18020333714.205036,,,0.9997367556761859,0.9997367556761859,0.9997367556761859,0.9997367556761859
usd-coin,2026-02-05,0.9997762773856064,70724659469.83084,19260992094.309017,,,0.9997762773856064,0.9997762773856064,0.9997762773856064,0.9997762773856064
usd-coin,2026-02-06,0.9998205027768796,70621497254.34673,31435010490.75506,,,0.9998205027768796,0.9998205027768796,0.9998205027768796,0.9998205027768796
usd-coin,2026-02-07,0.9997158854583122,72486291025.07703,16812063838.928791,,,0.9997158854583122,0.9997158854583122,0.9997158854583122,0.9997158854583122
usd-coin,2026-02-08,0.9998020317022461,72663403646.94044,9112509000.135555,,,0.9998020317022461,0.9998020317022461,0.9998020317022461,0.9998020317022461
usd-coin,2026-02-09,0.9998878552156443,72853256563.12044,5052770822.390151,,,0.9998878552156443,0.9998878552156443,0.9998878552156443,0.9998878552156443
usd-coin,2026-02-10,0.9999133817203614,73017621342.34886,5963321840.6331625,,,0.9999133817203614,0.9999133817203614,0.9999133817203614,0.9999133817203614
usd-coin,2026-02-11,0.9999441786196898,73298558614.85742,15357370958.176554,,,0.9999441786196898,0.9999441786196898,0.9999441786196898,0.9999441786196898
usd-coin,2026-02-12,0.9998318791240498,73327256816.46031,11192813554.124018,,,0.9998318791240498,0.9998318791240498,0.9998318791240498,0.9998318791240498
usd-coin,2026-02-13,0.9999174894442571,73161159172.6478,14308804226.49587,,,0.9999174894442571,0.9999174894442571,0.9999174894442571,0.9999174894442571
usd-coin,2026-02-14,0.9999191436363117,73476716063.94586,6009342412.340052,,,0.9999191436363117,0.9999191436363117,0.9999191436363117,0.9999191436363117
usd-coin,2026-02-15,0.9999087993769401,73538747787.5806,3289571082.2696376,,,0.9999087993769401,0.9999087993769401,0.9999087993769401,0.9999087993769401
usd-coin,2026-02-16,0.9999028499736515,73608499482.57,5247322327.565422,,,0.9999028499736515,0.9999028499736515,0.9999028499736515,0.9999028499736515
usd-coin,2026-02-17,0.9999001988245916,73679064910.16641,4772034137.277585,,,0.9999001988245916,0.9999001988245916,0.9999001988245916,0.9999001988245916
usd-coin,2026-02-18,0.9999995679680491,73499968672.9741,3591674338.2108707,,,0.9999995679680491,0.9999995679680491,0.9999995679680491,0.9999995679680491
usd-coin,2026-02-19,0.9998678186996376,73581990881.96634,8155107953.63389,,,0.9998678186996376,0.9998678186996376,0.9998678186996376,0.9998678186996376
usd-coin,2026-02-20,0.999999140168384,73854460914.97928,3159145864.1655126,,,0.999999140168384,0.999999140168384,0.999999140168384,0.999999140168384
usd-coin,2026-02-21,0.9998029775448778,74439728036.96278,4469760665.065036,,,0.9998029775448778,0.9998029775448778,0.9998029775448778,0.9998029775448778
usd-coin,2026-02-22,0.9999946226797948,74455440992.85896,2415328781.56056,,,0.9999946226797948,0.9999946226797948,0.9999946226797948,0.9999946226797948
usd-coin,2026-02-23,1.0000027938042413,74435063995.43195,1891277571.7804942,,,1.0000027938042413,1.0000027938042413,1.0000027938042413,1.0000027938042413
usd-coin,2026-02-24,0.9998071412956467,74770549337.12044,6705165448.168649,,,0.9998071412956467,0.9998071412956467,0.9998071412956467,0.9998071412956467
usd-coin,2026-02-25,0.9999010180910151,74927198039.54846,6638859636.552259,,,0.9999010180910151,0.9999010180910151,0.9999010180910151,0.9999010180910151
usd-coin,2026-02-26,0.9998992436007735,75352262969.77148,6548822352.896498,,,0.9998992436007735,0.9998992436007735,0.9998992436007735,0.9998992436007735
usd-coin,2026-02-27,0.9999725865343111,75314838727.91203,10862145967.999289,,,0.9999725865343111,0.9999725865343111,0.9999725865343111,0.9999725865343111
usd-coin,2026-02-28,0.9999987472907106,75227319202.03062,5823882978.612446,,,0.9999987472907106,0.9999987472907106,0.9999987472907106,0.9999987472907106
usd-coin,2026-03-01,0.9999259700387437,75184269623.3704,4477329181.408588,,,0.9999259700387437,0.9999259700387437,0.9999259700387437,0.9999259700387437
usd-coin,2026-03-02,0.9999997409839912,75192261862.23296,4657571121.059891,,,0.9999997409839912,0.9999997409839912,0.9999997409839912,0.9999997409839912
usd-coin,2026-03-03,0.9999862995580471,75933895612.55305,11770709140.18669,,,0.9999862995580471,0.9999862995580471,0.9999862995580471,0.9999862995580471
usd-coin,2026-03-04,0.9999958502511042,76330431281.0647,6223905597.01122,,,0.9999958502511042,0.9999958502511042,0.9999958502511042,0.9999958502511042
usd-coin,2026-03-05,0.9999898339207121,77066875508.36983,9962587403.06726,,,0.9999898339207121,0.9999898339207121,0.9999898339207121,0.9999898339207121
usd-coin,2026-03-06,0.99990233736905,77163682665.69066,7606116581.543122,,,0.99990233736905,0.99990233736905,0.99990233736905,0.99990233736905
usd-coin,2026-03-07,0.9999301796243705,77338993283.97954,8503806946.536798,,,0.9999301796243705,0.9999301796243705,0.9999301796243705,0.9999301796243705
usd-coin,2026-03-08,0.9999992381669117,77256826391.67438,1912573281.942883,,,0.9999992381669117,0.9999992381669117,0.9999992381669117,0.9999992381669117
usd-coin,2026-03-09,0.9999988585857569,77239570378.56953,2630299632.0839105,,,0.9999988585857569,0.9999988585857569,0.9999988585857569,0.9999988585857569
usd-coin,2026-03-10,0.9999396506209167,78207613126.26581,12280551741.869183,,,0.9999396506209167,0.9999396506209167,0.9999396506209167,0.9999396506209167
usd-coin,2026-03-11,0.9999533776305615,78672040314.52556,13865507568.85772,,,0.9999533776305615,0.9999533776305615,0.9999533776305615,0.9999533776305615
usd-coin,2026-03-12,0.9999085357921847,78807446763.98502,4127969222.477801,,,0.9999085357921847,0.9999085357921847,0.9999085357921847,0.9999085357921847
usd-coin,2026-03-13,0.9999037396879101,78810170251.4458,6774979974.207627,,,0.9999037396879101,0.9999037396879101,0.9999037396879101,0.9999037396879101
usd-coin,2026-03-14,0.9999975217717855,79209014629.64243,10552795920.067816,,,0.9999975217717855,0.9999975217717855,0.9999975217717855,0.9999975217717855
usd-coin,2026-03-15,0.9999949375694421,79188577197.11958,2295282838.4184465,,,0.9999949375694421,0.9999949375694421,0.9999949375694421,0.9999949375694421
usd-coin,2026-03-16,0.9999924184473785,79149237129.9105,5550551264.2147,,,0.9999924184473785,0.9999924184473785,0.9999924184473785,0.9999924184473785
usd-coin,2026-03-17,0.9999838477767906,79300229487.66437,14530986350.993137,,,0.9999838477767906,0.9999838477767906,0.9999838477767906,0.9999838477767906
usd-coin,2026-03-18,0.9999027508662952,79617224110.07278,6309643882.800352,,,0.9999027508662952,0.9999027508662952,0.9999027508662952,0.9999027508662952
usd-coin,2026-03-19,0.999944542447532,79432600574.47002,11320067989.764553,,,0.999944542447532,0.999944542447532,0.999944542447532,0.999944542447532
usd-coin,2026-03-20,0.9999049706576838,79240632955.95074,7378386844.436881,,,0.9999049706576838,0.9999049706576838,0.9999049706576838,0.9999049706576838
usd-coin,2026-03-21,0.9999355238585799,79060219421.05858,9255227608.212105,,,0.9999355238585799,0.9999355238585799,0.9999355238585799,0.9999355238585799
usd-coin,2026-03-22,0.9999293938205495,79017544107.28935,2746127901.1730037,,,0.9999293938205495,0.9999293938205495,0.9999293938205495,0.9999293938205495
usd-coin,2026-03-23,0.9999220735337522,78975467285.87347,5718741347.944517,,,0.9999220735337522,0.9999220735337522,0.9999220735337522,0.9999220735337522
usd-coin,2026-03-24,0.9999080044628692,78647783334.62715,13923747715.446238,,,0.9999080044628692,0.9999080044628692,0.9999080044628692,0.9999080044628692
usd-coin,2026-03-25,0.999857887311389,78637661360.63583,10825196380.392273,,,0.999857887311389,0.999857887311389,0.999857887311389,0.999857887311389
usd-coin,2026-03-26,0.9998493111778469,78651029793.18867,9624139052.720858,,,0.9998493111778469,0.9998493111778469,0.9998493111778469,0.9998493111778469
usd-coin,2026-03-27,0.9997831080891435,78065824234.8928,7524865563.0545635,,,0.9997831080891435,0.9997831080891435,0.9997831080891435,0.9997831080891435
usd-coin,2026-03-28,0.999838254932514,77752987029.2416,11177968444.752247,,,0.999838254932514,0.999838254932514,0.999838254932514,0.999838254932514
usd-coin,2026-03-29,0.9997482561804376,77749073498.5849,3992155383.089808,,,0.9997482561804376,0.9997482561804376,0.9997482561804376,0.9997482561804376
usd-coin,2026-03-30,0.9997669307012653,77718040003.31131,3680203701.753153,,,0.9997669307012653,0.9997669307012653,0.9997669307012653,0.9997669307012653
usd-coin,2026-03-31,0.9997288055493505,77437649563.11867,5065249982.343468,,,0.9997288055493505,0.9997288055493505,0.9997288055493505,0.9997288055493505
usd-coin,2026-04-01,0.9996517793595919,77143883325.30286,9170156631.72462,,,0.9996517793595919,0.9996517793595919,0.9996517793595919,0.9996517793595919
usd-coin,2026-04-02,0.9998306821701641,77146050319.86108,13625283394.848837,,,0.9998306821701641,0.9998306821701641,0.9998306821701641,0.9998306821701641
usd-coin,2026-04-03,1.000054804224836,77191483582.91728,11610096644.006374,,,1.000054804224836,1.000054804224836,1.000054804224836,1.000054804224836
usd-coin,2026-04-04,1.000212869593405,77551428138.9955,6497505799.466669,,,1.000212869593405,1.000212869593405,1.000212869593405,1.000212869593405
usd-coin,2026-04-05,0.9998177260575365,77509138422.18379,3769095692.16948,,,0.9998177260575365,0.9998177260575365,0.9998177260575365,0.9998177260575365
usd-coin,2026-04-06,0.9997972973711395,77492224390.92285,5674931738.203739,,,0.9997972973711395,0.9997972973711395,0.9997972973711395,0.9997972973711395
usd-coin,2026-04-07,0.9999468214695344,77852436113.92717,12015448298.510891,,,0.9999468214695344,0.9999468214695344,0.9999468214695344,0.9999468214695344
usd-coin,2026-04-08,0.9998755756532424,77801523706.03574,14021222454.116196,,,0.9998755756532424,0.9998755756532424,0.9998755756532424,0.9998755756532424
usd-coin,2026-04-09,1.0000182215777695,78238941523.04596,14316430345.432095,,,1.0000182215777695,1.0000182215777695,1.0000182215777695,1.0000182215777695
usd-coin,2026-04-10,0.9998625470930618,78355755574.5709,13638345065.41808,,,0.9998625470930618,0.9998625470930618,0.9998625470930618,0.9998625470930618
usd-coin,2026-04-11,0.9999130093821668,78670006535.95605,12323945878.969976,,,0.9999130093821668,0.9999130093821668,0.9999130093821668,0.9999130093821668
usd-coin,2026-04-12,0.9999244417071448,78635700243.44542,6400531550.954256,,,0.9999244417071448,0.9999244417071448,0.9999244417071448,0.9999244417071448
usd-coin,2026-04-13,0.9999927563171532,78607553190.67357,8013980071.615591,,,0.9999927563171532,0.9999927563171532,0.9999927563171532,0.9999927563171532
usd-coin,2026-04-14,0.9997774155408229,78751690956.77441,16553860996.257637,,,0.9997774155408229,0.9997774155408229,0.9997774155408229,0.9997774155408229
usd-coin,2026-04-15,0.9998097186805234,78734877888.77649,22198812151.345573,,,0.9998097186805234,0.9998097186805234,0.9998097186805234,0.9998097186805234
usd-coin,2026-04-16,0.9999519715013132,78573580321.15543,15533329109.954857,,,0.9999519715013132,0.9999519715013132,0.9999519715013132,0.9999519715013132
usd-coin,2026-04-17,0.9998707870869032,78707562405.20102,18973134666.553078,,,0.9998707870869032,0.9998707870869032,0.9998707870869032,0.9998707870869032
usd-coin,2026-04-18,0.9998350455700344,78525562335.56424,21665600260.93257,,,0.9998350455700344,0.9998350455700344,0.9998350455700344,0.9998350455700344
usd-coin,2026-04-19,0.9997934711287205,78490540084.82683,8700040244.657759,,,0.9997934711287205,0.9997934711287205,0.9997934711287205,0.9997934711287205
usd-coin,2026-04-20,0.9998715100663449,78250446506.5524,13498226622.238274,,,0.9998715100663449,0.9998715100663449,0.9998715100663449,0.9998715100663449
usd-coin,2026-04-21,1.000031889063585,78310274685.79256,17643419143.566917,,,1.000031889063585,1.000031889063585,1.000031889063585,1.000031889063585
usd-coin,2026-04-22,0.999799068252368,77882749357.4655,17578574919.93713,,,0.999799068252368,0.999799068252368,0.999799068252368,0.999799068252368
usd-coin,2026-04-23,0.9997303645620045,78328074273.45874,18281372036.01521,,,0.9997303645620045,0.9997303645620045,0.9997303645620045,0.9997303645620045
usd-coin,2026-04-24,0.9998425198538492,78051772780.37314,16426712567.63797,,,0.9998425198538492,0.9998425198538492,0.9998425198538492,0.9998425198538492
usd-coin,2026-04-25,0.9998105907747837,77760778356.9717,12598917899.577572,,,0.9998105907747837,0.9998105907747837,0.9998105907747837,0.9998105907747837
usd-coin,2026-04-26,0.999742942706344,77715603075.97847,5163824053.588576,,,0.999742942706344,0.999742942706344,0.999742942706344,0.999742942706344
usd-coin,2026-04-27,0.9999526264786869,77732742272.59561,6991589205.197593,,,0.9999526264786869,0.9999526264786869,0.9999526264786869,0.9999526264786869
usd-coin,2026-04-28,0.9999015058123801,77614558551.87143,14283324897.960123,,,0.9999015058123801,0.9999015058123801,0.9999015058123801,0.9999015058123801
usd-coin,2026-04-29,0.9998207539100363,77478852869.7837,13001339974.95573,,,0.9998207539100363,0.9998207539100363,0.9998207539100363,0.9998207539100363
usd-coin,2026-04-30,0.9998455648866748,77272124453.22693,15249456571.62891,,,0.9998455648866748,0.9998455648866748,0.9998455648866748,0.9998455648866748
usd-coin,2026-05-01,0.9996684406265768,77146986362.28624,11765383875.477345,,,0.9996684406265768,0.9996684406265768,0.9996684406265768,0.9996684406265768
usd-coin,2026-05-02,0.9997910956956757,77243483997.5749,11285323276.108435,,,0.9997910956956757,0.9997910956956757,0.9997910956956757,0.9997910956956757
usd-coin,2026-05-03,0.9998640520187222,77223814288.281,5063724791.442985,,,0.9998640520187222,0.9998640520187222,0.9998640520187222,0.9998640520187222
usd-coin,2026-05-04,0.9998594877081427,77246173611.80168,6353843362.288954,,,0.9998594877081427,0.9998594877081427,0.9998594877081427,0.9998594877081427
usd-coin,2026-05-05,0.9997538432110815,77822901432.82355,18242772100.123417,,,0.9997538432110815,0.9997538432110815,0.9997538432110815,0.9997538432110815
usd-coin,2026-05-06,0.9997769092104465,78071216368.34297,15190260399.18839,,,0.9997769092104465,0.9997769092104465,0.9997769092104465,0.9997769092104465
usd-coin,2026-05-07,0.9997369707198799,78241301484.67804,16117797383.898964,,,0.9997369707198799,0.9997369707198799,0.9997369707198799,0.9997369707198799
usd-coin,2026-05-08,0.9997208379750846,78340974031.10623,14584599092.125757,,,0.9997208379750846,0.9997208379750846,0.9997208379750846,0.9997208379750846
usd-coin,2026-05-09,0.9998991120888547,77936411221.25627,13984920182.654158,,,0.9998991120888547,0.9998991120888547,0.9998991120888547,0.9998991120888547
usd-coin,2026-05-10,0.9998953298910882,77899821656.09282,6879914420.216513,,,0.9998953298910882,0.9998953298910882,0.9998953298910882,0.9998953298910882
usd-coin,2026-05-11,0.9998993289041838,77867228372.69023,9941017489.994709,,,0.9998993289041838,0.9998993289041838,0.9998993289041838,0.9998993289041838
usd-coin,2026-05-12,0.9998925112193514,77486527572.58391,14527557480.140577,,,0.9998925112193514,0.9998925112193514,0.9998925112193514,0.9998925112193514
usd-coin,2026-05-13,0.9997855436499542,77126446685.5112,11890286497.952904,,,0.9997855436499542,0.9997855436499542,0.9997855436499542,0.9997855436499542
usd-coin,2026-05-14,0.9996457426207924,76703774559.5131,14092356394.28584,,,0.9996457426207924,0.9996457426207924,0.9996457426207924,0.9996457426207924
usd-coin,2026-05-15,0.9996671584434321,76594957770.34187,15548639990.127304,,,0.9996671584434321,0.9996671584434321,0.9996671584434321,0.9996671584434321
usd-coin,2026-05-16,0.9998536498011471,76965791894.29561,14712869504.656202,,,0.9998536498011471,0.9998536498011471,0.9998536498011471,0.9998536498011471
usd-coin,2026-05-17,0.9998137063635139,76960058644.83672,6547347703.765353,,,0.9998137063635139,0.9998137063635139,0.9998137063635139,0.9998137063635139
usd-coin,2026-05-18,0.999943247034315,76951565759.02113,6632144904.971645,,,0.999943247034315,0.999943247034315,0.999943247034315,0.999943247034315
usd-coin,2026-05-19,0.9997577625468411,76920681409.3595,16228939220.333508,,,0.9997577625468411,0.9997577625468411,0.9997577625468411,0.9997577625468411
usd-coin,2026-05-20,0.9997554016826018,76860898626.05634,12139754997.480953,,,0.9997554016826018,0.9997554016826018,0.9997554016826018,0.9997554016826018
usd-coin,2026-05-21,0.9996682513116719,76310193304.41177,13843811275.339458,,,0.9996682513116719,0.9996682513116719,0.9996682513116719,0.9996682513116719
usd-coin,2026-05-22,0.9997638692820655,76851978150.30435,12527298553.488007,,,0.9997638692820655,0.9997638692820655,0.9997638692820655,0.9997638692820655
usd-coin,2026-05-23,0.9997817134823513,76518078737.70708,13678732055.299812,,,0.9997817134823513,0.9997817134823513,0.9997817134823513,0.9997817134823513
usd-coin,2026-05-24,0.9997424167827066,76469799114.54826,10322292757.61287,,,0.9997424167827066,0.9997424167827066,0.9997424167827066,0.9997424167827066
usd-coin,2026-05-25,0.9998078220291178,76401420638.4462,8273642614.275975,,,0.9998078220291178,0.9998078220291178,0.9998078220291178,0.9998078220291178
usd-coin,2026-05-26,0.9998021358944169,76431298048.84723,10143827504.689606,,,0.9998021358944169,0.9998021358944169,0.9998021358944169,0.9998021358944169
usd-coin,2026-05-27,1.0001934971110715,76528447832.95663,17593622361.472584,,,1.0001934971110715,1.0001934971110715,1.0001934971110715,1.0001934971110715
usd-coin,2026-05-28,0.9997414960952045,76333972764.08554,15180408370.451902,,,0.9997414960952045,0.9997414960952045,0.9997414960952045,0.9997414960952045
usd-coin,2026-05-29,0.9996847879266608,76200256652.71251,15113616890.948307,,,0.9996847879266608,0.9996847879266608,0.9996847879266608,0.9996847879266608
usd-coin,2026-05-30,0.9997576808715616,75968248587.66203,12059532503.642874,,,0.9997576808715616,0.9997576808715616,0.9997576808715616,0.9997576808715616
usd-coin,2026-05-31,0.9996347920617353,75850487122.97346,6706873951.654315,,,0.9996347920617353,0.9996347920617353,0.9996347920617353,0.9996347920617353
usd-coin,2026-06-01,0.9996927242401571,75778055791.56432,6574640298.98305,,,0.9996927242401571,0.9996927242401571,0.9996927242401571,0.9996927242401571
usd-coin,2026-06-02,0.9996892902494017,75897500848.51877,16692538094.654285,,,0.9996892902494017,0.9996892902494017,0.9996892902494017,0.9996892902494017
usd-coin,2026-06-03,0.9997412224189154,75926009700.40285,20068102982.771645,,,0.9997412224189154,0.9997412224189154,0.9997412224189154,0.9997412224189154
usd-coin,2026-06-04,0.9996831943007063,75898580631.87062,19065387019.512314,,,0.9996831943007063,0.9996831943007063,0.9996831943007063,0.9996831943007063
usd-coin,2026-06-05,0.999761917638522,75621305185.60225,24374534848.14583,,,0.999761917638522,0.999761917638522,0.999761917638522,0.999761917638522
usd-coin,2026-06-06,0.9996410183954121,75543151724.50769,28093896228.18644,,,0.9996410183954121,0.9996410183954121,0.9996410183954121,0.9996410183954121
usd-coin,2026-06-07,0.9997850858601754,75438676081.12233,12963158939.791773,,,0.9997850858601754,0.9997850858601754,0.9997850858601754,0.9997850858601754
usd-coin,2026-06-08,0.9997849445443585,75591745904.17908,12159752174.6963,,,0.9997849445443585,0.9997849445443585,0.9997849445443585,0.9997849445443585
usd-coin,2026-06-09,0.9996185387769496,75969835206.15874,15414705542.272888,,,0.9996185387769496,0.9996185387769496,0.9996185387769496,0.9996185387769496
usd-coin,2026-06-10,0.9998190770293975,75071930974.00165,13929602226.004242,,,0.9998190770293975,0.9998190770293975,0.9998190770293975,0.9998190770293975
usd-coin,2026-06-11,0.9997918410538583,74950040238.0145,13182035404.946287,,,0.9997918410538583,0.9997918410538583,0.9997918410538583,0.9997918410538583
usd-coin,2026-06-12,0.9997882291619075,74872622044.18156,13317883974.266193,,,0.9997882291619075,0.9997882291619075,0.9997882291619075,0.9997882291619075
usd-coin,2026-06-13,0.9998710055535669,74847606599.03145,13149984360.729212,,,0.9998710055535669,0.9998710055535669,0.9998710055535669,0.9998710055535669
usd-coin,2026-06-14,0.99984392409628,74803814877.26547,5751112329.232086,,,0.99984392409628,0.99984392409628,0.99984392409628,0.99984392409628
usd-coin,2026-06-15,0.9997378060545903,74780761771.50099,6730638602.3144865,,,0.9997378060545903,0.9997378060545903,0.9997378060545903,0.9997378060545903
usd-coin,2026-06-16,0.999798735479904,74943820392.60582,14261367462.81762,,,0.999798735479904,0.999798735479904,0.999798735479904,0.999798735479904
usd-coin,2026-06-17,0.9997720941829512,74935012957.72595,11491024921.879436,,,0.9997720941829512,0.9997720941829512,0.9997720941829512,0.9997720941829512
usd-coin,2026-06-18,0.9997755254322652,74715571104.14372,13525740107.016924,,,0.9997755254322652,0.9997755254322652,0.9997755254322652,0.9997755254322652
usd-coin,2026-06-19,0.9999408022691686,74820704787.94188,12908192688.618923,,,0.9999408022691686,0.9999408022691686,0.9999408022691686,0.9999408022691686
usd-coin,2026-06-20,0.9998134764257547,74841775732.70671,8430104369.262063,,,0.9998134764257547,0.9998134764257547,0.9998134764257547,0.9998134764257547
usd-coin,2026-06-21,0.9998302119121393,74845788579.79253,6466628060.946579,,,0.9998302119121393,0.9998302119121393,0.9998302119121393,0.9998302119121393
usd-coin,2026-06-22,0.9998860488744047,74888868176.6488,5620657049.433891,,,0.9998860488744047,0.9998860488744047,0.9998860488744047,0.9998860488744047
usd-coin,2026-06-23,0.9997907015809234,74418205806.4161,11373292945.295101,,,0.9997907015809234,0.9997907015809234,0.9997907015809234,0.9997907015809234
usd-coin,2026-06-24,0.9997700493621277,74083744337.07582,11541451269.819061,,,0.9997700493621277,0.9997700493621277,0.9997700493621277,0.9997700493621277
usd-coin,2026-06-25,0.9997634893510696,73794531036.69138,15012369017.82849,,,0.9997634893510696,0.9997634893510696,0.9997634893510696,0.9997634893510696
usd-coin,2026-06-26,0.9996940330499767,73687428599.95595,16627688038.976254,,,0.9996940330499767,0.9996940330499767,0.9996940330499767,0.9996940330499767
usd-coin,2026-06-27,0.9998311886558703,73759216165.14763,17221076154.360046,,,0.9998311886558703,0.9998311886558703,0.9998311886558703,0.9998311886558703
usd-coin,2026-06-28,0.9997991190190431,73755189522.22743,5855259426.551813,,,0.9997991190190431,0.9997991190190431,0.9997991190190431,0.9997991190190431
usd-coin,2026-06-29,0.9997111702611501,73742568397.31389,6504039793.14459,,,0.9997111702611501,0.9997111702611501,0.9997111702611501,0.9997111702611501
usd-coin,2026-06-30,0.9996271252226716,73768949860.18681,16371652386.494205,,,0.9996271252226716,0.9996271252226716,0.9996271252226716,0.9996271252226716
usd-coin,2026-07-01,0.9996824895224429,73472890811.97563,14033928031.518269,,,0.9996824895224429,0.9996824895224429,0.9996824895224429,0.9996824895224429
usd-coin,2026-07-02,0.9997290695883052,73261051178.13799,14021693542.859846,,,0.9997290695883052,0.9997290695883052,0.9997290695883052,0.9997290695883052
usd-coin,2026-07-03,0.9998297636931865,73193807280.52562,13100421886.995152,,,0.9998297636931865,0.9998297636931865,0.9998297636931865,0.9998297636931865
usd-coin,2026-07-04,0.9999905826185121,73008038910.93854,9329188122.22848,,,0.9999905826185121,0.9999905826185121,0.9999905826185121,0.9999905826185121
usd-coin,2026-07-05,0.9997806074343013,72942649478.29958,6463061742.878138,,,0.9997806074343013,0.9997806074343013,0.9997806074343013,0.9997806074343013
usd-coin,2026-07-06,0.9997626254238527,72929728080.71213,6178993319.911484,,,0.9997626254238527,0.9997626254238527,0.9997626254238527,0.9997626254238527
usd-coin,2026-07-07,0.9999662311176829,73141964315.60486,12856304205.120375,,,0.9999662311176829,0.9999662311176829,0.9999662311176829,0.9999662311176829
usd-coin,2026-07-08,0.9999444283323775,73257507373.00705,12589846384.35313,,,0.9999444283323775,0.9999444283323775,0.9999444283323775,0.9999444283323775
usd-coin,2026-07-09,0.9998367539364372,73199656463.83873,11961009412.114525,,,0.9998367539364372,0.9998367539364372,0.9998367539364372,0.9998367539364372
usd-coin,2026-07-10,0.9998020022342557,73323965177.29536,11180412074.41366,,,0.9998020022342557,0.9998020022342557,0.9998020022342557,0.9998020022342557
usd-coin,2026-07-11,0.9998791114951631,73273771294.83344,11504292756.880035,,,0.9998791114951631,0.9998791114951631,0.9998791114951631,0.9998791114951631
usd-coin,2026-07-12,0.999832231948545,73334106191.65651,7303089784.110049,,,0.999832231948545,0.999832231948545,0.999832231948545,0.999832231948545
usd-coin,2026-07-13,0.9997889947432971,73407915125.82397,5716020634.726791,,,0.9997889947432971,0.9997889947432971,0.9997889947432971,0.9997889947432971
usd-coin,2026-07-14,0.9998973763217884,73008291614.31462,12789104506.061565,,,0.9998973763217884,0.9998973763217884,0.9998973763217884,0.9998973763217884
usd-coin,2026-07-15,0.9996850156855882,73071386392.54683,13839499174.227407,,,0.9996850156855882,0.9996850156855882,0.9996850156855882,0.9996850156855882
usd-coin,2026-07-16,0.9998309629759489,73108900012.34555,11933376604.10403,,,0.9998309629759489,0.9998309629759489,0.9998309629759489,0.9998309629759489
usd-coin,2026-07-17,0.9998659946416572,73223486906.3054,10740990055.259922,,,0.9998659946416572,0.9998659946416572,0.9998659946416572,0.9998659946416572
usd-coin,2026-07-18,0.9999084267783523,73287408192.28091,10821133020.184519,,,0.9999084267783523,0.9999084267783523,0.9999084267783523,0.9999084267783523
usd-coin,2026-07-19,0.9998940712093317,73307642318.28252,4361738187.115629,,,0.9998940712093317,0.9998940712093317,0.9998940712093317,0.9998940712093317
usd-coin,2026-07-20,0.9997887626588504,73269539851.6757,5127480892.581566,,,0.9997887626588504,0.9997887626588504,0.9997887626588504,0.9997887626588504
usd-coin,2026-07-21,0.9998909486633457,73225676241.92397,12414594630.274221,,,0.9998909486633457,0.9998909486633457,0.9998909486633457,0.9998909486633457
usd-coin,2026-07-22,0.9998733421720088,73259044667.4153,11674738910.386087,,,0.9998733421720088,0.9998733421720088,0.9998733421720088,0.9998733421720088
usd-coin,2026-07-23,0.9999472876321195,73265822166.16785,11011653944.703884,,,0.9999472876321195,0.9999472876321195,0.9999472876321195,0.9999472876321195
usd-coin,2026-07-24,0.9999141204610863,73001472588.17291,11464809936.147028,,,0.9999141204610863,0.9999141204610863,0.9999141204610863,0.9999141204610863
usd-coin,2026-07-25,0.999967070450379,72611007059.50786,12516342546.445724,,,0.999967070450379,0.999967070450379,0.999967070450379,0.999967070450379
usd-coin,2026-07-26,0.9999171698715451,72545175631.57066,5841104593.035582,,,0.9999171698715451,0.9999171698715451,0.9999171698715451,0.9999171698715451
usd-coin,2026-07-27,0.999903766257911,72576279842.62198,6780449940.56148,,,0.999903766257911,0.999903766257911,0.999903766257911,0.999903766257911
ripple,2025-07-29,3.1234939366799126,184768043390.20883,7076691375.932294,3.65,0.00268621,3.1234939366799126,3.1234939366799126,3.1234939366799126,3.1234939366799126
ripple,2025-07-30,3.1280707477497427,185283974088.98334,5629285480.992563,3.65,0.00268621,3.1280707477497427,3.1280707477497427,3.1280707477497427,3.1280707477497427
ripple,2025-07-31,3.0996192442543777,183489681384.74945,6061881858.858245,3.65,0.00268621,3.0996192442543777,3.0996192442543777,3.0996192442543777,3.0996192442543777
ripple,2025-08-01,3.0232512791444304,179326407753.82678,5274343598.404958,3.65,0.00268621,3.0232512791444304,3.0232512791444304,3.0232512791444304,3.0232512791444304
ripple,2025-08-02,2.9619031982658726,175651026151.1029,9588289635.150093,3.65,0.00268621,2.9619031982658726,2.9619031982658726,2.9619031982658726,2.9619031982658726
ripple,2025-08-03,2.769267387192411,164294692749.69305,6626410931.129626,3.65,0.00268621,2.769267387192411,2.769267387192411,2.769267387192411,2.769267387192411
ripple,2025-08-04,2.9486352217251337,174843464841.0272,4775415471.329626,3.65,0.00268621,2.9486352217251337,2.9486352217251337,2.9486352217251337,2.9486352217251337
ripple,2025-08-05,3.0727905982283095,182226168416.1388,5293305246.052242,3.65,0.00268621,3.0727905982283095,3.0727905982283095,3.0727905982283095,3.0727905982283095
ripple,2025-08-06,2.9649981287242557,175947744749.02496,4965545788.579667,3.65,0.00268621,2.9649981287242557,2.9649981287242557,2.9649981287242557,2.9649981287242557
ripple,2025-08-07,2.992045726720115,177454281208.94727,4082166604.029814,3.65,0.00268621,2.992045726720115,2.992045726720115,2.992045726720115,2.992045726720115
ripple,2025-08-08,3.3154332521736825,196586563136.16388,7757095979.615032,3.65,0.00268621,3.3154332521736825,3.3154332521736825,3.3154332521736825,3.3154332521736825
ripple,2025-08-09,3.288160253111489,195118577955.89972,8889928900.443523,3.65,0.00268621,3.288160253111489,3.288160253111489,3.288160253111489,3.288160253111489
ripple,2025-08-10,3.229511537620619,191448306716.0005,4765475379.036455,3.65,0.00268621,3.229511537620619,3.229511537620619,3.229511537620619,3.229511537620619
ripple,2025-08-11,3.1838901988281205,188762634633.81073,4658567865.909019,3.65,0.00268621,3.1838901988281205,3.1838901988281205,3.1838901988281205,3.1838901988281205
ripple,2025-08-12,3.1394273590070134,186208442509.3679,7508618703.880955,3.65,0.00268621,3.1394273590070134,3.1394273590070134,3.1394273590070134,3.1394273590070134
ripple,2025-08-13,3.26747236546907,193890996169.89874,8587094638.178333,3.65,0.00268621,3.26747236546907,3.26747236546907,3.26747236546907,3.26747236546907
ripple,2025-08-14,3.2866811377117644,194924756464.55508,8018820706.857553,3.65,0.00268621,3.2866811377117644,3.2866811377117644,3.2866811377117644,3.2866811377117644
ripple,2025-08-15,3.0872106726905346,183080844696.39935,11518598907.612103,3.65,0.00268621,3.0872106726905346,3.0872106726905346,3.0872106726905346,3.0872106726905346
ripple,2025-08-16,3.0773729481839958,182823893074.88736,6586597945.239845,3.65,0.00268621,3.0773729481839958,3.0773729481839958,3.0773729481839958,3.0773729481839958
ripple,2025-08-17,3.106969288649059,184537083059.24762,4207383821.7064447,3.65,0.00268621,3.106969288649059,3.106969288649059,3.106969288649059,3.106969288649059
ripple,2025-08-18,3.0953855433967075,183971298108.38446,3486012703.1641827,3.65,0.00268621,3.0953855433967075,3.0953855433967075,3.0953855433967075,3.0953855433967075
ripple,2025-08-19,3.060621197547626,181729332172.2824,7891993830.459589,3.65,0.00268621,3.060621197547626,3.060621197547626,3.060621197547626,3.060621197547626
ripple,2025-08-20,2.8587366392387112,170168406125.4961,6736297698.175642,3.65,0.00268621,2.8587366392387112,2.8587366392387112,2.8587366392387112,2.8587366392387112
ripple,2025-08-21,2.952309340790555,175556019984.77844,6872631153.732158,3.65,0.00268621,2.952309340790555,2.952309340790555,2.952309340790555,2.952309340790555
ripple,2025-08-22,2.8498230079250755,169235531134.4738,4464611989.418837,3.65,0.00268621,2.8498230079250755,2.8498230079250755,2.8498230079250755,2.8498230079250755
ripple,2025-08-23,3.0732747821154365,182799236672.46982,9726315601.629562,3.65,0.00268621,3.0732747821154365,3.0732747821154365,3.0732747821154365,3.0732747821154365
ripple,2025-08-24,3.0458254666203546,181178670544.90762,4525709190.859716,3.65,0.00268621,3.0458254666203546,3.0458254666203546,3.0458254666203546,3.0458254666203546
ripple,2025-08-25,3.02786808477519,180309158636.47443,6158205320.189804,3.65,0.00268621,3.02786808477519,3.02786808477519,3.02786808477519,3.02786808477519
ripple,2025-08-26,2.862667277824852,170267483807.62628,6677411739.169651,3.65,0.00268621,2.862667277824852,2.862667277824852,2.862667277824852,2.862667277824852
ripple,2025-08-27,3.011834539503525,179142732347.83713,6168659352.468927,3.65,0.00268621,3.011834539503525,3.011834539503525,3.011834539503525,3.011834539503525
ripple,2025-08-28,2.9671217194399038,176555745920.97995,6346605091.344013,3.65,0.00268621,2.9671217194399038,2.9671217194399038,2.9671217194399038,2.9671217194399038
ripple,2025-08-29,2.9671844322262273,176531083059.73718,5916089545.532232,3.65,0.00268621,2.9671844322262273,2.9671844322262273,2.9671844322262273,2.9671844322262273
ripple,2025-08-30,2.823231531748928,167986912659.00635,7414077139.444236,3.65,0.00268621,2.823231531748928,2.823231531748928,2.823231531748928,2.823231531748928
ripple,2025-08-31,2.8166293700860887,167506975112.97137,3135065485.865118,3.65,0.00268621,2.8166293700860887,2.8166293700860887,2.8166293700860887,2.8166293700860887
ripple,2025-09-01,2.776712609891609,165199510162.63672,3175920948.223113,3.65,0.00268621,2.776712609891609,2.776712609891609,2.776712609891609,2.776712609891609
ripple,2025-09-02,2.752094842681695,163668082549.3002,8149612555.21553,3.65,0.00268621,2.752094842681695,2.752094842681695,2.752094842681695,2.752094842681695
ripple,2025-09-03,2.861352340590463,170017343347.65512,7818514399.960052,3.65,0.00268621,2.861352340590463,2.861352340590463,2.861352340590463,2.861352340590463
ripple,2025-09-04,2.8440111306765328,169148418099.79056,4282592689.81749,3.65,0.00268621,2.8440111306765328,2.8440111306765328,2.8440111306765328,2.8440111306765328
ripple,2025-09-05,2.797620314598713,166553893839.9241,4435280469.053911,3.65,0.00268621,2.797620314598713,2.797620314598713,2.797620314598713,2.797620314598713
ripple,2025-09-06,2.8160947139230124,167868172838.93118,6440056634.093668,3.65,0.00268621,2.8160947139230124,2.8160947139230124,2.8160947139230124,2.8160947139230124
ripple,2025-09-07,2.8106516044524614,167555913519.96588,1710108502.3145711,3.65,0.00268621,2.8106516044524614,2.8106516044524614,2.8106516044524614,2.8106516044524614
ripple,2025-09-08,2.881098102223723,171783435959.93152,3758634219.2118864,3.65,0.00268621,2.881098102223723,2.881098102223723,2.881098102223723,2.881098102223723
ripple,2025-09-09,2.9693752178894965,176863943138.69135,5571309023.778589,3.65,0.00268621,2.9693752178894965,2.9693752178894965,2.9693752178894965,2.9693752178894965
ripple,2025-09-10,2.94711316566773,175645238418.85535,5779762469.172943,3.65,0.00268621,2.94711316566773,2.94711316566773,2.94711316566773,2.94711316566773
ripple,2025-09-11,2.9831115371091697,177831215415.68866,4348729235.861674,3.65,0.00268621,2.9831115371091697,2.9831115371091697,2.9831115371091697,2.9831115371091697
ripple,2025-09-12,3.042189592870322,181478948408.56073,5399056673.396303,3.65,0.00268621,3.042189592870322,3.042189592870322,3.042189592870322,3.042189592870322
ripple,2025-09-13,3.1075619727179338,185122997953.71664,6431002504.182876,3.65,0.00268621,3.1075619727179338,3.1075619727179338,3.1075619727179338,3.1075619727179338
ripple,2025-09-14,3.1226735093963653,186140756995.41547,4890402318.793293,3.65,0.00268621,3.1226735093963653,3.1226735093963653,3.1226735093963653,3.1226735093963653
ripple,2025-09-15,3.0312637323512215,180683294841.68112,4717722674.640647,3.65,0.00268621,3.0312637323512215,3.0312637323512215,3.0312637323512215,3.0312637323512215
ripple,2025-09-16,2.9940861270543375,178831483523.20224,5703362169.728064,3.65,0.00268621,2.9940861270543375,2.9940861270543375,2.9940861270543375,2.9940861270543375
ripple,2025-09-17,3.0381334165695297,181512759461.20248,4418021933.675096,3.65,0.00268621,3.0381334165695297,3.0381334165695297,3.0381334165695297,3.0381334165695297
ripple,2025-09-18,3.083983468328553,184265198058.23386,5960257002.7788515,3.65,0.00268621,3.083983468328553,3.083983468328553,3.083983468328553,3.083983468328553
ripple,2025-09-19,3.0778034182571985,183975908931.03992,6283622329.630611,3.65,0.00268621,3.0778034182571985,3.0778034182571985,3.0778034182571985,3.0778034182571985
ripple,2025-09-20,2.9911678094786853,178756914408.9819,4614169289.07877,3.65,0.00268621,2.9911678094786853,2.9911678094786853,2.9911678094786853,2.9911678094786853
ripple,2025-09-21,2.9767316725840836,177890344746.8318,2852138270.2347507,3.65,0.00268621,2.9767316725840836,2.9767316725840836,2.9767316725840836,2.9767316725840836
ripple,2025-09-22,2.9733496913212485,177826889948.96225,2935908283.6015553,3.65,0.00268621,2.9733496913212485,2.9733496913212485,2.9733496913212485,2.9733496913212485
ripple,2025-09-23,2.851139194678168,170400585443.59097,9546312187.865196,3.65,0.00268621,2.851139194678168,2.851139194678168,2.851139194678168,2.851139194678168
ripple,2025-09-24,2.8290556379505225,169113142027.29474,5177734080.177338,3.65,0.00268621,2.8290556379505225,2.8290556379505225,2.8290556379505225,2.8290556379505225
ripple,2025-09-25,2.9285889681239876,175079571412.7056,6006921588.575711,3.65,0.00268621,2.9285889681239876,2.9285889681239876,2.9285889681239876,2.9285889681239876
ripple,2025-09-26,2.7391226387021668,163792649388.02155,8829708798.423235,3.65,0.00268621,2.7391226387021668,2.7391226387021668,2.7391226387021668,2.7391226387021668
ripple,2025-09-27,2.78626651562758,166695488560.7967,7841983939.971406,3.65,0.00268621,2.78626651562758,2.78626651562758,2.78626651562758,2.78626651562758
ripple,2025-09-28,2.8077761197607156,168030941532.4935,2726728376.6703687,3.65,0.00268621,2.8077761197607156,2.8077761197607156,2.8077761197607156,2.8077761197607156
ripple,2025-09-29,2.864956739306865,171433471696.45447,3125937768.2534404,3.65,0.00268621,2.864956739306865,2.864956739306865,2.864956739306865,2.864956739306865
ripple,2025-09-30,2.8820677870561946,172468504580.63516,4981231689.068481,3.65,0.00268621,2.8820677870561946,2.8820677870561946,2.8820677870561946,2.8820677870561946
ripple,2025-10-01,2.844933401817261,170189095368.76358,4802588407.507577,3.65,0.00268621,2.844933401817261,2.844933401817261,2.844933401817261,2.844933401817261
ripple,2025-10-02,2.94479751207665,176324742080.3806,6110060192.870197,3.65,0.00268621,2.94479751207665,2.94479751207665,2.94479751207665,2.94479751207665
ripple,2025-10-03,3.0371524340279654,181705214116.74432,6959329544.208,3.65,0.00268621,3.0371524340279654,3.0371524340279654,3.0371524340279654,3.0371524340279654
ripple,2025-10-04,3.0413663901904453,182195760385.72156,6731126091.339507,3.65,0.00268621,3.0413663901904453,3.0413663901904453,3.0413663901904453,3.0413663901904453
ripple,2025-10-05,2.9697246277119143,177802651636.65665,3974053735.7335005,3.65,0.00268621,2.9697246277119143,2.9697246277119143,2.9697246277119143,2.9697246277119143
ripple,2025-10-06,2.970720012302302,177860837843.72095,5225328731.739178,3.65,0.00268621,2.970720012302302,2.970720012302302,2.970720012302302,2.970720012302302
ripple,2025-10-07,2.991602626695257,179189076600.90665,6276385267.7441635,3.65,0.00268621,2.991602626695257,2.991602626695257,2.991602626695257,2.991602626695257
ripple,2025-10-08,2.857057632365177,171064100928.10922,6973553770.362803,3.65,0.00268621,2.857057632365177,2.857057632365177,2.857057632365177,2.857057632365177
ripple,2025-10-09,2.8805684212620997,172611406399.91275,4524504225.602123,3.65,0.00268621,2.8805684212620997,2.8805684212620997,2.8805684212620997,2.8805684212620997
ripple,2025-10-10,2.8050759101908103,167947986078.64722,5321345626.7661,3.65,0.00268621,2.8050759101908103,2.8050759101908103,2.8050759101908103,2.8050759101908103
ripple,2025-10-11,2.3838350726730484,142892067212.53018,14527451740.654482,3.65,0.00268621,2.3838350726730484,2.3838350726730484,2.3838350726730484,2.3838350726730484
ripple,2025-10-12,2.3859045362580757,142954842575.22836,10663249600.83191,3.65,0.00268621,2.3859045362580757,2.3859045362580757,2.3859045362580757,2.3859045362580757
ripple,2025-10-13,2.5312630934147733,151364418493.13968,9631722980.003696,3.65,0.00268621,2.5312630934147733,2.5312630934147733,2.5312630934147733,2.5312630934147733
ripple,2025-10-14,2.60498951616126,156133172903.8652,8245602245.568772,3.65,0.00268621,2.60498951616126,2.60498951616126,2.60498951616126,2.60498951616126
ripple,2025-10-15,2.5061812994119887,150211264226.71503,7790438551.147718,3.65,0.00268621,2.5061812994119887,2.5061812994119887,2.5061812994119887,2.5061812994119887
ripple,2025-10-16,2.4107851679488945,144461490595.82288,5113981094.090992,3.65,0.00268621,2.4107851679488945,2.4107851679488945,2.4107851679488945,2.4107851679488945
ripple,2025-10-17,2.3252186675017006,139315952355.05777,6480091801.452607,3.65,0.00268621,2.3252186675017006,2.3252186675017006,2.3252186675017006,2.3252186675017006
ripple,2025-10-18,2.2957327819062083,137766791771.10846,7138067279.422384,3.65,0.00268621,2.2957327819062083,2.2957327819062083,2.2957327819062083,2.2957327819062083
ripple,2025-10-19,2.3596315316088416,141516215270.95477,2539623709.4048047,3.65,0.00268621,2.3596315316088416,2.3596315316088416,2.3596315316088416,2.3596315316088416
ripple,2025-10-20,2.389625527633369,143296898584.39374,2947463809.1071744,3.65,0.00268621,2.389625527633369,2.389625527633369,2.389625527633369,2.389625527633369
ripple,2025-10-21,2.490117031449711,149320563020.78088,4217817684.335096,3.65,0.00268621,2.490117031449711,2.490117031449711,2.490117031449711,2.490117031449711
ripple,2025-10-22,2.4235930180546776,145324368852.07394,4700479126.340988,3.65,0.00268621,2.4235930180546776,2.4235930180546776,2.4235930180546776,2.4235930180546776
ripple,2025-10-23,2.3631248548137456,141709247798.4505,4117803198.46909,3.65,0.00268621,2.3631248548137456,2.3631248548137456,2.3631248548137456,2.3631248548137456
ripple,2025-10-24,2.3942046738111324,143681621080.8351,2805206365.048355,3.65,0.00268621,2.3942046738111324,2.3942046738111324,2.3942046738111324,2.3942046738111324
ripple,2025-10-25,2.504825180033832,150337039547.91202,3957219500.7677765,3.65,0.00268621,2.504825180033832,2.504825180033832,2.504825180033832,2.504825180033832
ripple,2025-10-26,2.593725390920985,155824923528.57858,3476558122.062582,3.65,0.00268621,2.593725390920985,2.593725390920985,2.593725390920985,2.593725390920985
ripple,2025-10-27,2.645881508384711,158916439662.16824,3352897036.201619,3.65,0.00268621,2.645881508384711,2.645881508384711,2.645881508384711,2.645881508384711
ripple,2025-10-28,2.6352743169545323,158223409570.23694,4581419643.337282,3.65,0.00268621,2.6352743169545323,2.6352743169545323,2.6352743169545323,2.6352743169545323
ripple,2025-10-29,2.607884184498703,156523824436.52097,5077371785.758396,3.65,0.00268621,2.607884184498703,2.607884184498703,2.607884184498703,2.607884184498703
ripple,2025-10-30,2.5521455809931615,153190098651.65286,4668881978.998613,3.65,0.00268621,2.5521455809931615,2.5521455809931615,2.5521455809931615,2.5521455809931615
ripple,2025-10-31,2.4373365011802233,146186020714.36652,5582711994.939218,3.65,0.00268621,2.4373365011802233,2.4373365011802233,2.4373365011802233,2.4373365011802233
ripple,2025-11-01,2.5081131316915473,150800414241.36542,4396874744.250804,3.65,0.00268621,2.5081131316915473,2.5081131316915473,2.5081131316915473,2.5081131316915473
ripple,2025-11-02,2.504613534721328,150534562819.6467,1724358349.2869337,3.65,0.00268621,2.504613534721328,2.504613534721328,2.504613534721328,2.504613534721328
ripple,2025-11-03,2.527623366103904,151787404806.75775,2165286881.620203,3.65,0.00268621,2.527623366103904,2.527623366103904,2.527623366103904,2.527623366103904
ripple,2025-11-04,2.3075208080429306,138661849487.4611,5863736751.851877,3.65,0.00268621,2.3075208080429306,2.3075208080429306,2.3075208080429306,2.3075208080429306
ripple,2025-11-05,2.2139228610122434,133053897681.95323,9099211476.071411,3.65,0.00268621,2.2139228610122434,2.2139228610122434,2.2139228610122434,2.2139228610122434
ripple,2025-11-06,2.3468300424460398,141129798148.7578,6437838342.036748,3.65,0.00268621,2.3468300424460398,2.3468300424460398,2.3468300424460398,2.3468300424460398
ripple,2025-11-07,2.2091841302505792,132782422867.40593,5338941722.061663,3.65,0.00268621,2.2091841302505792,2.2091841302505792,2.2091841302505792,2.2091841302505792
ripple,2025-11-08,2.315839328722371,139260973653.4914,5583858447.572006,3.65,0.00268621,2.315839328722371,2.315839328722371,2.315839328722371,2.315839328722371
ripple,2025-11-09,2.2848817063829197,137331703405.30908,2951176618.7135286,3.65,0.00268621,2.2848817063829197,2.2848817063829197,2.2848817063829197,2.2848817063829197
ripple,2025-11-10,2.366057070769261,142067317205.8971,2983765683.3379188,3.65,0.00268621,2.366057070769261,2.366057070769261,2.366057070769261,2.366057070769261
ripple,2025-11-11,2.5281078242198647,151974237122.3631,5957396504.577135,3.65,0.00268621,2.5281078242198647,2.5281078242198647,2.5281078242198647,2.5281078242198647
ripple,2025-11-12,2.390172266260892,143727663286.9794,4127451459.3106093,3.65,0.00268621,2.390172266260892,2.390172266260892,2.390172266260892,2.390172266260892
ripple,2025-11-13,2.3832389457846697,143186972759.59644,4420961765.056469,3.65,0.00268621,2.3832389457846697,2.3832389457846697,2.3832389457846697,2.3832389457846697
ripple,2025-11-14,2.331388577331738,140562989006.31635,7201868744.560643,3.65,0.00268621,2.331388577331738,2.331388577331738,2.331388577331738,2.331388577331738
ripple,2025-11-15,2.2488473348561304,135721912859.52069,6710968069.827529,3.65,0.00268621,2.2488473348561304,2.2488473348561304,2.2488473348561304,2.2488473348561304
ripple,2025-11-16,2.235455773730874,134518071270.12082,2804052321.7763157,3.65,0.00268621,2.235455773730874,2.235455773730874,2.235455773730874,2.235455773730874
ripple,2025-11-17,2.218219988506596,133486160752.61365,4122565537.6581736,3.65,0.00268621,2.218219988506596,2.218219988506596,2.218219988506596,2.218219988506596
ripple,2025-11-18,2.160590388035999,129949048741.95013,5961092428.323819,3.65,0.00268621,2.160590388035999,2.160590388035999,2.160590388035999,2.160590388035999
ripple,2025-11-19,2.2139034771189343,133117730031.55574,5619054259.061808,3.65,0.00268621,2.2139034771189343,2.2139034771189343,2.2139034771189343,2.2139034771189343
ripple,2025-11-20,2.1066834909527383,126853721222.81535,6046696552.094389,3.65,0.00268621,2.1066834909527383,2.1066834909527383,2.1066834909527383,2.1066834909527383
ripple,2025-11-21,2.0000407183731164,120853150852.96416,6586717744.018607,3.65,0.00268621,2.0000407183731164,2.0000407183731164,2.0000407183731164,2.0000407183731164
ripple,2025-11-22,1.950091461265794,117518467990.35646,8745429497.04679,3.65,0.00268621,1.950091461265794,1.950091461265794,1.950091461265794,1.950091461265794
ripple,2025-11-23,1.9508235490170465,117596582268.50671,2948690879.784788,3.65,0.00268621,1.9508235490170465,1.9508235490170465,1.9508235490170465,1.9508235490170465
ripple,2025-11-24,2.0449210167731326,123296237500.01303,4002055288.7035675,3.65,0.00268621,2.0449210167731326,2.0449210167731326,2.0449210167731326,2.0449210167731326
ripple,2025-11-25,2.2241484224164743,134156981164.09805,6557948088.8720255,3.65,0.00268621,2.2241484224164743,2.2241484224164743,2.2241484224164743,2.2241484224164743
ripple,2025-11-26,2.1989437346568153,132509142343.04514,4893770222.936652,3.65,0.00268621,2.1989437346568153,2.1989437346568153,2.1989437346568153,2.1989437346568153
ripple,2025-11-27,2.224254821804325,134157655674.29039,3864980774.471227,3.65,0.00268621,2.224254821804325,2.224254821804325,2.224254821804325,2.224254821804325
ripple,2025-11-28,2.201122232723185,132789858572.43163,2726085217.202768,3.65,0.00268621,2.201122232723185,2.201122232723185,2.201122232723185,2.201122232723185
ripple,2025-11-29,2.180631384763347,131563297865.29353,4166261166.887878,3.65,0.00268621,2.180631384763347,2.180631384763347,2.180631384763347,2.180631384763347
ripple,2025-11-30,2.2028096835323647,132904309840.30942,2086873493.9106789,3.65,0.00268621,2.2028096835323647,2.2028096835323647,2.2028096835323647,2.2028096835323647
ripple,2025-12-01,2.1652461437750383,130773769054.38704,1875297052.0970683,3.65,0.00268621,2.1652461437750383,2.1652461437750383,2.1652461437750383,2.1652461437750383
ripple,2025-12-02,2.0310598795228767,122590637081.77548,5252157088.012026,3.65,0.00268621,2.0310598795228767,2.0310598795228767,2.0310598795228767,2.0310598795228767
ripple,2025-12-03,2.1570887957334866,130265478729.2633,4354900493.8598795,3.65,0.00268621,2.1570887957334866,2.1570887957334866,2.1570887957334866,2.1570887957334866
ripple,2025-12-04,2.203321627854195,132937642111.7655,3877677225.490404,3.65,0.00268621,2.203321627854195,2.203321627854195,2.203321627854195,2.203321627854195
ripple,2025-12-05,2.0971829811461946,126486491841.91081,3381495523.1338873,3.65,0.00268621,2.0971829811461946,2.0971829811461946,2.0971829811461946,2.0971829811461946
ripple,2025-12-06,2.0358303092663843,122781280853.37723,3202740426.102295,3.65,0.00268621,2.0358303092663843,2.0358303092663843,2.0358303092663843,2.0358303092663843
ripple,2025-12-07,2.0326777775330633,122577456923.27518,1741973347.7825954,3.65,0.00268621,2.0326777775330633,2.0326777775330633,2.0326777775330633,2.0326777775330633
ripple,2025-12-08,2.039660348972326,123040998729.40932,2814174580.1857,3.65,0.00268621,2.039660348972326,2.039660348972326,2.039660348972326,2.039660348972326
ripple,2025-12-09,2.073039044939783,125066913714.14474,2946868587.6762276,3.65,0.00268621,2.073039044939783,2.073039044939783,2.073039044939783,2.073039044939783
ripple,2025-12-10,2.1094322825594976,127322196940.53752,3532804844.2841587,3.65,0.00268621,2.1094322825594976,2.1094322825594976,2.1094322825594976,2.1094322825594976
ripple,2025-12-11,2.0443398468981213,123493871175.6185,3816532715.773637,3.65,0.00268621,2.0443398468981213,2.0443398468981213,2.0443398468981213,2.0443398468981213
ripple,2025-12-12,2.036028301991718,122945482685.17928,3619433671.922628,3.65,0.00268621,2.036028301991718,2.036028301991718,2.036028301991718,2.036028301991718
ripple,2025-12-13,2.009806618706698,121271367985.15312,2573443943.1024375,3.65,0.00268621,2.009806618706698,2.009806618706698,2.009806618706698,2.009806618706698
ripple,2025-12-14,2.0236207828673027,122081658806.46567,1638329045.9617126,3.65,0.00268621,2.0236207828673027,2.0236207828673027,2.0236207828673027,2.0236207828673027
ripple,2025-12-15,1.9808608019799367,119696831895.82625,1662227235.9201374,3.65,0.00268621,1.9808608019799367,1.9808608019799367,1.9808608019799367,1.9808608019799367
ripple,2025-12-16,1.8967832092786066,114709077203.17761,3359008503.2404523,3.65,0.00268621,1.8967832092786066,1.8967832092786066,1.8967832092786066,1.8967832092786066
ripple,2025-12-17,1.92957963013441,116635881218.18115,3005631457.533856,3.65,0.00268621,1.92957963013441,1.92957963013441,1.92957963013441,1.92957963013441
ripple,2025-12-18,1.8617053529191656,112627063671.41014,3390182058.284411,3.65,0.00268621,1.8617053529191656,1.8617053529191656,1.8617053529191656,1.8617053529191656
ripple,2025-12-19,1.8076154274178682,109302270096.60616,3612274082.3282104,3.65,0.00268621,1.8076154274178682,1.8076154274178682,1.8076154274178682,1.8076154274178682
ripple,2025-12-20,1.9061295130778346,115440151450.5477,3828265033.4697814,3.65,0.00268621,1.9061295130778346,1.9061295130778346,1.9061295130778346,1.9061295130778346
ripple,2025-12-21,1.9319648860420446,117001210129.14806,1932779389.3783448,3.65,0.00268621,1.9319648860420446,1.9319648860420446,1.9319648860420446,1.9319648860420446
ripple,2025-12-22,1.9229550458561633,116507654772.39102,2382840270.575519,3.65,0.00268621,1.9229550458561633,1.9229550458561633,1.9229550458561633,1.9229550458561633
ripple,2025-12-23,1.9022227646374048,115209591340.63138,2651446686.9901094,3.65,0.00268621,1.9022227646374048,1.9022227646374048,1.9022227646374048,1.9022227646374048
ripple,2025-12-24,1.8732711631167218,113540049924.98172,2189849525.070096,3.65,0.00268621,1.8732711631167218,1.8732711631167218,1.8732711631167218,1.8732711631167218
ripple,2025-12-25,1.8619926573243448,112759823021.59952,1861506176.4159274,3.65,0.00268621,1.8619926573243448,1.8619926573243448,1.8619926573243448,1.8619926573243448
ripple,2025-12-26,1.8316249623782512,110961112657.54439,1493330838.0513897,3.65,0.00268621,1.8316249623782512,1.8316249623782512,1.8316249623782512,1.8316249623782512
ripple,2025-12-27,1.8429652913700634,111590253884.79008,2209256420.990584,3.65,0.00268621,1.8429652913700634,1.8429652913700634,1.8429652913700634,1.8429652913700634
ripple,2025-12-28,1.8733931841347928,113432868120.26703,1072203696.9962319,3.65,0.00268621,1.8733931841347928,1.8733931841347928,1.8733931841347928,1.8733931841347928
ripple,2025-12-29,1.8645585666057287,112943419117.96327,1051639406.5507206,3.65,0.00268621,1.8645585666057287,1.8645585666057287,1.8645585666057287,1.8645585666057287
ripple,2025-12-30,1.8475397987365316,111915660113.13713,2154437316.704437,3.65,0.00268621,1.8475397987365316,1.8475397987365316,1.8475397987365316,1.8475397987365316
ripple,2025-12-31,1.875100431832473,113760103518.08258,1770784550.6482005,3.65,0.00268621,1.875100431832473,1.875100431832473,1.875100431832473,1.875100431832473
ripple,2026-01-01,1.839340516228945,111584107850.57034,1986683249.2510095,3.65,0.00268621,1.839340516228945,1.839340516228945,1.839340516228945,1.839340516228945
ripple,2026-01-02,1.876580133618003,113862299868.79008,1320741185.2758563,3.65,0.00268621,1.876580133618003,1.876580133618003,1.876580133618003,1.876580133618003
ripple,2026-01-03,2.0067430670680815,121857970095.58598,3943913978.3811316,3.65,0.00268621,2.0067430670680815,2.0067430670680815,2.0067430670680815,2.0067430670680815
ripple,2026-01-04,2.0175062731579767,122417798650.40025,2137653321.6922295,3.65,0.00268621,2.0175062731579767,2.0175062731579767,2.0175062731579767,2.0175062731579767
ripple,2026-01-05,2.090232038436175,126829332926.84306,3491447473.346127,3.65,0.00268621,2.090232038436175,2.090232038436175,2.090232038436175,2.090232038436175
ripple,2026-01-06,2.357096532639873,143217645894.35986,6981059724.119276,3.65,0.00268621,2.357096532639873,2.357096532639873,2.357096532639873,2.357096532639873
ripple,2026-01-07,2.306181895074802,139893355179.23517,7718903451.343482,3.65,0.00268621,2.306181895074802,2.306181895074802,2.306181895074802,2.306181895074802
ripple,2026-01-08,2.1647432080023226,131342647579.56671,3933188250.085719,3.65,0.00268621,2.1647432080023226,2.1647432080023226,2.1647432080023226,2.1647432080023226
ripple,2026-01-09,2.1251717689023337,128890902402.58136,5270459509.983097,3.65,0.00268621,2.1251717689023337,2.1251717689023337,2.1251717689023337,2.1251717689023337
ripple,2026-01-10,2.0927673320195863,127046182295.17743,3580881033.552049,3.65,0.00268621,2.0927673320195863,2.0927673320195863,2.0927673320195863,2.0927673320195863
ripple,2026-01-11,2.088652195195928,126788332730.89705,1185425135.648107,3.65,0.00268621,2.088652195195928,2.088652195195928,2.088652195195928,2.088652195195928
ripple,2026-01-12,2.0697438242842803,125631699720.31146,1698438506.3349962,3.65,0.00268621,2.0697438242842803,2.0697438242842803,2.0697438242842803,2.0697438242842803
ripple,2026-01-13,2.0521552957803872,124566610364.54211,3538073080.2306595,3.65,0.00268621,2.0521552957803872,2.0521552957803872,2.0521552957803872,2.0521552957803872
ripple,2026-01-14,2.1573149435015675,130871637991.65312,4469146045.532499,3.65,0.00268621,2.1573149435015675,2.1573149435015675,2.1573149435015675,2.1573149435015675
ripple,2026-01-15,2.139155616612297,129865391288.69981,4627908270.133213,3.65,0.00268621,2.139155616612297,2.139155616612297,2.139155616612297,2.139155616612297
ripple,2026-01-16,2.077452437224596,126091557245.72693,3301259184.691072,3.65,0.00268621,2.077452437224596,2.077452437224596,2.077452437224596,2.077452437224596
ripple,2026-01-17,2.068150596847967,125743867931.1332,2273798787.6626887,3.65,0.00268621,2.068150596847967,2.068150596847967,2.068150596847967,2.068150596847967
ripple,2026-01-18,2.0617458056300615,125335465140.71304,1404494407.9135468,3.65,0.00268621,2.0617458056300615,2.0617458056300615,2.0617458056300615,2.0617458056300615
ripple,2026-01-19,1.9952673135379637,121358650247.96336,1781139047.8049212,3.65,0.00268621,1.9952673135379637,1.9952673135379637,1.9952673135379637,1.9952673135379637
ripple,2026-01-20,1.9884649839518649,120903244308.55229,4484499454.551772,3.65,0.00268621,1.9884649839518649,1.9884649839518649,1.9884649839518649,1.9884649839518649
ripple,2026-01-21,1.8875376220238804,114737701418.28467,3560105108.4704037,3.65,0.00268621,1.8875376220238804,1.8875376220238804,1.8875376220238804,1.8875376220238804
ripple,2026-01-22,1.9437698220745168,118174939473.1962,4373543601.388078,3.65,0.00268621,1.9437698220745168,1.9437698220745168,1.9437698220745168,1.9437698220745168
ripple,2026-01-23,1.9204225104332826,116745867275.0725,2482726665.808774,3.65,0.00268621,1.9204225104332826,1.9204225104332826,1.9204225104332826,1.9204225104332826
ripple,2026-01-24,1.9194180431938297,116806714475.3337,2457868832.677946,3.65,0.00268621,1.9194180431938297,1.9194180431938297,1.9194180431938297,1.9194180431938297
ripple,2026-01-25,1.9133958344258726,116446105795.45094,968018842.4258535,3.65,0.00268621,1.9133958344258726,1.9133958344258726,1.9133958344258726,1.9133958344258726
ripple,2026-01-26,1.8327098897122869,111546255615.77956,2684312944.636563,3.65,0.00268621,1.8327098897122869,1.8327098897122869,1.8327098897122869,1.8327098897122869
ripple,2026-01-27,1.9041128051204959,115887503699.2417,3018423074.1581607,3.65,0.00268621,1.9041128051204959,1.9041128051204959,1.9041128051204959,1.9041128051204959
ripple,2026-01-28,1.9156777360466681,116574716597.83336,2185133793.3887277,3.65,0.00268621,1.9156777360466681,1.9156777360466681,1.9156777360466681,1.9156777360466681
ripple,2026-01-29,1.9072302990012404,116052628994.01955,2284142099.392457,3.65,0.00268621,1.9072302990012404,1.9072302990012404,1.9072302990012404,1.9072302990012404
ripple,2026-01-30,1.8050831186611875,109849188044.60716,4578118341.550557,3.65,0.00268621,1.8050831186611875,1.8050831186611875,1.8050831186611875,1.8050831186611875
ripple,2026-01-31,1.7327720854202893,105432128839.02545,4982772913.271413,3.65,0.00268621,1.7327720854202893,1.7327720854202893,1.7327720854202893,1.7327720854202893
ripple,2026-02-01,1.6436658882901531,99939565671.385,6100029928.638935,3.65,0.00268621,1.6436658882901531,1.6436658882901531,1.6436658882901531,1.6436658882901531
ripple,2026-02-02,1.5944442621009838,97028843949.16516,4426810243.522153,3.65,0.00268621,1.5944442621009838,1.5944442621009838,1.5944442621009838,1.5944442621009838
ripple,2026-02-03,1.6206030260795774,98619699555.84525,4890476934.988525,3.65,0.00268621,1.6206030260795774,1.6206030260795774,1.6206030260795774,1.6206030260795774
ripple,2026-02-04,1.5725414380096223,95712683975.12364,3968540367.482821,3.65,0.00268621,1.5725414380096223,1.5725414380096223,1.5725414380096223,1.5725414380096223
ripple,2026-02-05,1.5170558553904752,92410244673.49962,4489356873.050525,3.65,0.00268621,1.5170558553904752,1.5170558553904752,1.5170558553904752,1.5170558553904752
ripple,2026-02-06,1.2161107578407648,74627934932.95325,12032460868.66745,3.65,0.00268621,1.2161107578407648,1.2161107578407648,1.2161107578407648,1.2161107578407648
ripple,2026-02-07,1.4690800575209597,89768174961.8917,11254054037.410126,3.65,0.00268621,1.4690800575209597,1.4690800575209597,1.4690800575209597,1.4690800575209597
ripple,2026-02-08,1.4252152762524186,86823610818.37268,5106195923.952623,3.65,0.00268621,1.4252152762524186,1.4252152762524186,1.4252152762524186,1.4252152762524186
ripple,2026-02-09,1.4349694710334944,87440675892.7328,2648330090.8088403,3.65,0.00268621,1.4349694710334944,1.4349694710334944,1.4349694710334944,1.4349694710334944
ripple,2026-02-10,1.4388979885580568,87665589709.96698,4073940624.5347195,3.65,0.00268621,1.4388979885580568,1.4388979885580568,1.4388979885580568,1.4388979885580568
ripple,2026-02-11,1.3997611232740155,85271701641.28693,2324945353.6559896,3.65,0.00268621,1.3997611232740155,1.3997611232740155,1.3997611232740155,1.3997611232740155
ripple,2026-02-12,1.3675262189821478,83298868779.79366,3267070270.14133,3.65,0.00268621,1.3675262189821478,1.3675262189821478,1.3675262189821478,1.3675262189821478
ripple,2026-02-13,1.3613529875277222,82929969245.25221,2433891203.566312,3.65,0.00268621,1.3613529875277222,1.3613529875277222,1.3613529875277222,1.3613529875277222
ripple,2026-02-14,1.4061247435646491,85650029662.1184,2463087587.718372,3.65,0.00268621,1.4061247435646491,1.4061247435646491,1.4061247435646491,1.4061247435646491
ripple,2026-02-15,1.5088776181920487,91976917572.85744,2484156385.1423483,3.65,0.00268621,1.5088776181920487,1.5088776181920487,1.5088776181920487,1.5088776181920487
ripple,2026-02-16,1.4735483047448346,89761800847.37251,5459731414.60024,3.65,0.00268621,1.4735483047448346,1.4735483047448346,1.4735483047448346,1.4735483047448346
ripple,2026-02-17,1.4879010843885696,90610720943.03679,2965693648.4731107,3.65,0.00268621,1.4879010843885696,1.4879010843885696,1.4879010843885696,1.4879010843885696
ripple,2026-02-18,1.474786700621986,89834881630.14792,2267375192.2888126,3.65,0.00268621,1.474786700621986,1.474786700621986,1.474786700621986,1.474786700621986
ripple,2026-02-19,1.419520653358989,86399241397.57886,2113377621.8072953,3.65,0.00268621,1.419520653358989,1.419520653358989,1.419520653358989,1.419520653358989
ripple,2026-02-20,1.4067574969758219,85850017342.566,2332530531.095171,3.65,0.00268621,1.4067574969758219,1.4067574969758219,1.4067574969758219,1.4067574969758219
ripple,2026-02-21,1.4287023447803144,87127134985.29282,2681151957.2500496,3.65,0.00268621,1.4287023447803144,1.4287023447803144,1.4287023447803144,1.4287023447803144
ripple,2026-02-22,1.432313132610905,87411395033.64127,1396583496.313539,3.65,0.00268621,1.432313132610905,1.432313132610905,1.432313132610905,1.432313132610905
ripple,2026-02-23,1.3904201045692706,84804267353.87541,1531030572.2430108,3.65,0.00268621,1.3904201045692706,1.3904201045692706,1.3904201045692706,1.3904201045692706
ripple,2026-02-24,1.3519972818018684,82526476193.37524,3468618376.423911,3.65,0.00268621,1.3519972818018684,1.3519972818018684,1.3519972818018684,1.3519972818018684
ripple,2026-02-25,1.3492712150693866,82332540593.89131,2746681234.937062,3.65,0.00268621,1.3492712150693866,1.3492712150693866,1.3492712150693866,1.3492712150693866
ripple,2026-02-26,1.4311778592275557,87170656589.21913,4839052372.244184,3.65,0.00268621,1.4311778592275557,1.4311778592275557,1.4311778592275557,1.4311778592275557
ripple,2026-02-27,1.4022343325428501,85538873929.22694,3252541993.376597,3.65,0.00268621,1.4022343325428501,1.4022343325428501,1.4022343325428501,1.4022343325428501
ripple,2026-02-28,1.3556513092141123,82808396104.64316,3165932989.5660076,3.65,0.00268621,1.3556513092141123,1.3556513092141123,1.3556513092141123,1.3556513092141123
ripple,2026-03-01,1.3793327963811741,84262604898.69641,3931422570.7456903,3.65,0.00268621,1.3793327963811741,1.3793327963811741,1.3793327963811741,1.3793327963811741
ripple,2026-03-02,1.3508353496044245,82518608292.31767,3267559226.436247,3.65,0.00268621,1.3508353496044245,1.3508353496044245,1.3508353496044245,1.3508353496044245
ripple,2026-03-03,1.3932878761648186,85165748421.79579,3240402573.5866785,3.65,0.00268621,1.3932878761648186,1.3932878761648186,1.3932878761648186,1.3932878761648186
ripple,2026-03-04,1.36103107458941,83177383072.09982,2736394718.367275,3.65,0.00268621,1.36103107458941,1.36103107458941,1.36103107458941,1.36103107458941
ripple,2026-03-05,1.4304937640772049,87391300642.45819,4321077863.174976,3.65,0.00268621,1.4304937640772049,1.4304937640772049,1.4304937640772049,1.4304937640772049
ripple,2026-03-06,1.4033263588998717,85837269777.23315,2611958630.379754,3.65,0.00268621,1.4033263588998717,1.4033263588998717,1.4033263588998717,1.4033263588998717
ripple,2026-03-07,1.3637239392731317,83497860867.32414,2304975519.6121907,3.65,0.00268621,1.3637239392731317,1.3637239392731317,1.3637239392731317,1.3637239392731317
ripple,2026-03-08,1.3564715576357889,83045360925.16869,1042569286.7491976,3.65,0.00268621,1.3564715576357889,1.3564715576357889,1.3564715576357889,1.3564715576357889
ripple,2026-03-09,1.3422132871181114,82191986490.96655,1770535715.7507033,3.65,0.00268621,1.3422132871181114,1.3422132871181114,1.3422132871181114,1.3422132871181114
ripple,2026-03-10,1.3620867880412773,83420913725.49211,2706872342.1086836,3.65,0.00268621,1.3620867880412773,1.3620867880412773,1.3620867880412773,1.3620867880412773
ripple,2026-03-11,1.3859389773180206,84868343013.62126,3336499530.7341127,3.65,0.00268621,1.3859389773180206,1.3859389773180206,1.3859389773180206,1.3859389773180206
ripple,2026-03-12,1.3852855424426591,84824110149.1156,2328024070.527004,3.65,0.00268621,1.3852855424426591,1.3852855424426591,1.3852855424426591,1.3852855424426591
ripple,2026-03-13,1.3856854223967114,84850665655.61424,1901864324.6307883,3.65,0.00268621,1.3856854223967114,1.3856854223967114,1.3856854223967114,1.3856854223967114
ripple,2026-03-14,1.3984883653785558,85618459862.1861,3377254710.7986135,3.65,0.00268621,1.3984883653785558,1.3984883653785558,1.3984883653785558,1.3984883653785558
ripple,2026-03-15,1.4060409016406614,86036778580.07281,1211608279.280466,3.65,0.00268621,1.4060409016406614,1.4060409016406614,1.4060409016406614,1.4060409016406614
ripple,2026-03-16,1.4471445690623825,88605526347.89265,1990572080.7015047,3.65,0.00268621,1.4471445690623825,1.4471445690623825,1.4471445690623825,1.4471445690623825
ripple,2026-03-17,1.544548518991867,94585455614.46468,4188142909.627089,3.65,0.00268621,1.544548518991867,1.544548518991867,1.544548518991867,1.544548518991867
ripple,2026-03-18,1.518809913744032,92990449113.53355,4451986671.333548,3.65,0.00268621,1.518809913744032,1.518809913744032,1.518809913744032,1.518809913744032
ripple,2026-03-19,1.4635648455182177,89592778375.17401,2914165815.4583664,3.65,0.00268621,1.4635648455182177,1.4635648455182177,1.4635648455182177,1.4635648455182177
ripple,2026-03-20,1.446907508513138,88659694188.07056,2614487500.7637186,3.65,0.00268621,1.446907508513138,1.446907508513138,1.446907508513138,1.446907508513138
ripple,2026-03-21,1.4455066711696298,88646559782.86374,1850800037.9701636,3.65,0.00268621,1.4455066711696298,1.4455066711696298,1.4455066711696298,1.4455066711696298
ripple,2026-03-22,1.4126521263383205,86940224871.74287,1181985491.4199317,3.65,0.00268621,1.4126521263383205,1.4126521263383205,1.4126521263383205,1.4126521263383205
ripple,2026-03-23,1.3856763547929614,85003739202.53421,1917059983.475361,3.65,0.00268621,1.3856763547929614,1.3856763547929614,1.3856763547929614,1.3856763547929614
ripple,2026-03-24,1.4312128220885731,87747652207.63853,3597476600.392,3.65,0.00268621,1.4312128220885731,1.4312128220885731,1.4312128220885731,1.4312128220885731
ripple,2026-03-25,1.4149642928635169,86814706503.00735,2134212729.4908762,3.65,0.00268621,1.4149642928635169,1.4149642928635169,1.4149642928635169,1.4149642928635169
ripple,2026-03-26,1.4133478378773114,86689929456.57607,1907967929.5448515,3.65,0.00268621,1.4133478378773114,1.4133478378773114,1.4133478378773114,1.4133478378773114
ripple,2026-03-27,1.3599141754843338,83382836627.83237,2543069231.3828793,3.65,0.00268621,1.3599141754843338,1.3599141754843338,1.3599141754843338,1.3599141754843338
ripple,2026-03-28,1.3241937088535796,81208204456.41394,2474305616.775446,3.65,0.00268621,1.3241937088535796,1.3241937088535796,1.3241937088535796,1.3241937088535796
ripple,2026-03-29,1.332280277660629,81728179076.75484,1218522172.0424392,3.65,0.00268621,1.332280277660629,1.332280277660629,1.332280277660629,1.332280277660629
ripple,2026-03-30,1.3269176580896753,81399211411.3436,1350497126.623672,3.65,0.00268621,1.3269176580896753,1.3269176580896753,1.3269176580896753,1.3269176580896753
ripple,2026-03-31,1.3222432322146085,81124053187.77298,1857994740.4050136,3.65,0.00268621,1.3222432322146085,1.3222432322146085,1.3222432322146085,1.3222432322146085
ripple,2026-04-01,1.3396108818298649,82220833777.49088,2010449383.345137,3.65,0.00268621,1.3396108818298649,1.3396108818298649,1.3396108818298649,1.3396108818298649
ripple,2026-04-02,1.3481928710117392,82786500101.54463,1907712869.5860956,3.65,0.00268621,1.3481928710117392,1.3481928710117392,1.3481928710117392,1.3481928710117392
ripple,2026-04-03,1.319127673601835,80994024817.14325,2547686158.6710787,3.65,0.00268621,1.319127673601835,1.319127673601835,1.319127673601835,1.319127673601835
ripple,2026-04-04,1.3177591466741263,80932878683.90056,1366929242.3922527,3.65,0.00268621,1.3177591466741263,1.3177591466741263,1.3177591466741263,1.3177591466741263
ripple,2026-04-05,1.314946138144583,80718975209.79355,922295626.815209,3.65,0.00268621,1.314946138144583,1.314946138144583,1.314946138144583,1.314946138144583
ripple,2026-04-06,1.3246057207688182,81339347299.81769,1493537853.3997192,3.65,0.00268621,1.3246057207688182,1.3246057207688182,1.3246057207688182,1.3246057207688182
ripple,2026-04-07,1.3208458204759403,81119881405.69434,2022856059.1621466,3.65,0.00268621,1.3208458204759403,1.3208458204759403,1.3208458204759403,1.3208458204759403
ripple,2026-04-08,1.3795235137228608,84708522165.9529,2344351092.249236,3.65,0.00268621,1.3795235137228608,1.3795235137228608,1.3795235137228608,1.3795235137228608
ripple,2026-04-09,1.3427145062635897,82449126175.14423,2578622137.447636,3.65,0.00268621,1.3427145062635897,1.3427145062635897,1.3427145062635897,1.3427145062635897
ripple,2026-04-10,1.3440328831163328,82532083755.5244,2507108882.2227283,3.65,0.00268621,1.3440328831163328,1.3440328831163328,1.3440328831163328,1.3440328831163328
ripple,2026-04-11,1.3560947005357682,83304017566.26328,2110555826.2342126,3.65,0.00268621,1.3560947005357682,1.3560947005357682,1.3560947005357682,1.3560947005357682
ripple,2026-04-12,1.3553281609092545,83225262811.3884,1568086741.3886056,3.65,0.00268621,1.3553281609092545,1.3553281609092545,1.3553281609092545,1.3553281609092545
ripple,2026-04-13,1.3249812807309078,81375805431.99823,1736307268.9235272,3.65,0.00268621,1.3249812807309078,1.3249812807309078,1.3249812807309078,1.3249812807309078
ripple,2026-04-14,1.3762741402442993,84515744397.96951,2573453681.7247047,3.65,0.00268621,1.3762741402442993,1.3762741402442993,1.3762741402442993,1.3762741402442993
ripple,2026-04-15,1.3621563908811436,83643937463.76628,2585999128.315747,3.65,0.00268621,1.3621563908811436,1.3621563908811436,1.3621563908811436,1.3621563908811436
ripple,2026-04-16,1.3919181738522768,85681242844.2964,2861264883.7402062,3.65,0.00268621,1.3919181738522768,1.3919181738522768,1.3919181738522768,1.3919181738522768
ripple,2026-04-17,1.4528848734657374,89462359830.41489,4183501949.328422,3.65,0.00268621,1.4528848734657374,1.4528848734657374,1.4528848734657374,1.4528848734657374
ripple,2026-04-18,1.4771874378286678,90950429911.1164,4002171975.666686,3.65,0.00268621,1.4771874378286678,1.4771874378286678,1.4771874378286678,1.4771874378286678
ripple,2026-04-19,1.4326893859997356,88214730680.3619,2437010881.2967176,3.65,0.00268621,1.4326893859997356,1.4326893859997356,1.4326893859997356,1.4326893859997356
ripple,2026-04-20,1.3937945514866021,85830727383.02965,2768855260.3594017,3.65,0.00268621,1.3937945514866021,1.3937945514866021,1.3937945514866021,1.3937945514866021
ripple,2026-04-21,1.4249119694426158,87727877250.9485,2836204417.1398997,3.65,0.00268621,1.4249119694426158,1.4249119694426158,1.4249119694426158,1.4249119694426158
ripple,2026-04-22,1.4307937655454137,88113321432.13998,2488644972.902711,3.65,0.00268621,1.4307937655454137,1.4307937655454137,1.4307937655454137,1.4307937655454137
ripple,2026-04-23,1.4295005907066773,88062433372.33125,2444292397.038348,3.65,0.00268621,1.4295005907066773,1.4295005907066773,1.4295005907066773,1.4295005907066773
ripple,2026-04-24,1.4392580892583027,88635500208.82472,2516648533.725339,3.65,0.00268621,1.4392580892583027,1.4392580892583027,1.4392580892583027,1.4392580892583027
ripple,2026-04-25,1.4336579400826786,88435453017.76625,2084158113.1575637,3.65,0.00268621,1.4336579400826786,1.4336579400826786,1.4336579400826786,1.4336579400826786
ripple,2026-04-26,1.424167813647866,87849887497.22456,1023101711.7935121,3.65,0.00268621,1.424167813647866,1.424167813647866,1.424167813647866,1.424167813647866
ripple,2026-04-27,1.430589085616945,88268288444.80072,1218515405.1855252,3.65,0.00268621,1.430589085616945,1.430589085616945,1.430589085616945,1.430589085616945
ripple,2026-04-28,1.3999210081463844,86340404478.89772,2164558318.049541,3.65,0.00268621,1.3999210081463844,1.3999210081463844,1.3999210081463844,1.3999210081463844
ripple,2026-04-29,1.3806314905402015,85164100381.18465,1693206863.3377886,3.65,0.00268621,1.3806314905402015,1.3806314905402015,1.3806314905402015,1.3806314905402015
ripple,2026-04-30,1.3689277278717773,84442228081.86342,2200543683.38006,3.65,0.00268621,1.3689277278717773,1.3689277278717773,1.3689277278717773,1.3689277278717773
ripple,2026-05-01,1.367208337121078,84339690066.82967,1613333549.1551397,3.65,0.00268621,1.367208337121078,1.367208337121078,1.367208337121078,1.367208337121078
ripple,2026-05-02,1.3838904755333907,85404826712.98979,1733467663.0348594,3.65,0.00268621,1.3838904755333907,1.3838904755333907,1.3838904755333907,1.3838904755333907
ripple,2026-05-03,1.3931173850654426,86215728259.17459,1179973413.3161168,3.65,0.00268621,1.3931173850654426,1.3931173850654426,1.3931173850654426,1.3931173850654426
ripple,2026-05-04,1.3878234011675865,85761528563.11829,1015510243.0804708,3.65,0.00268621,1.3878234011675865,1.3878234011675865,1.3878234011675865,1.3878234011675865
ripple,2026-05-05,1.391029606587131,85956736783.37155,2489080319.7029343,3.65,0.00268621,1.391029606587131,1.391029606587131,1.391029606587131,1.391029606587131
ripple,2026-05-06,1.4132184614452523,87331561992.18446,1947455687.94595,3.65,0.00268621,1.4132184614452523,1.4132184614452523,1.4132184614452523,1.4132184614452523
ripple,2026-05-07,1.4243398335098605,87989453388.00082,2759704906.5182724,3.65,0.00268621,1.4243398335098605,1.4243398335098605,1.4243398335098605,1.4243398335098605
ripple,2026-05-08,1.3872214902297884,85737170169.69716,1722806884.30896,3.65,0.00268621,1.3872214902297884,1.3872214902297884,1.3872214902297884,1.3872214902297884
ripple,2026-05-09,1.4180410974399702,87577174753.12872,1490910638.0603287,3.65,0.00268621,1.4180410974399702,1.4180410974399702,1.4180410974399702,1.4180410974399702
ripple,2026-05-10,1.4201615402766603,87756578534.77168,1222779651.972669,3.65,0.00268621,1.4201615402766603,1.4201615402766603,1.4201615402766603,1.4201615402766603
ripple,2026-05-11,1.4731742231570002,91026505768.2578,2851886672.2821317,3.65,0.00268621,1.4731742231570002,1.4731742231570002,1.4731742231570002,1.4731742231570002
ripple,2026-05-12,1.4764945585119198,91235013599.64273,2460890904.8283587,3.65,0.00268621,1.4764945585119198,1.4764945585119198,1.4764945585119198,1.4764945585119198
ripple,2026-05-13,1.4361965343851084,88751556526.79672,2068726701.3337626,3.65,0.00268621,1.4361965343851084,1.4361965343851084,1.4361965343851084,1.4361965343851084
ripple,2026-05-14,1.4254484197573394,88056604495.45946,2366376077.79672,3.65,0.00268621,1.4254484197573394,1.4254484197573394,1.4254484197573394,1.4254484197573394
ripple,2026-05-15,1.4844556003058702,91733042692.21188,3783364875.016612,3.65,0.00268621,1.4844556003058702,1.4844556003058702,1.4844556003058702,1.4844556003058702
ripple,2026-05-16,1.4339820178331797,88665626011.51823,2456734441.6863585,3.65,0.00268621,1.4339820178331797,1.4339820178331797,1.4339820178331797,1.4339820178331797
ripple,2026-05-17,1.4133868923450525,87404378405.14095,1586476988.4791765,3.65,0.00268621,1.4133868923450525,1.4133868923450525,1.4133868923450525,1.4133868923450525
ripple,2026-05-18,1.400996225915148,86369993729.42601,1345022083.9369018,3.65,0.00268621,1.400996225915148,1.400996225915148,1.400996225915148,1.400996225915148
ripple,2026-05-19,1.388489488313818,85907590089.02913,2181898308.742428,3.65,0.00268621,1.388489488313818,1.388489488313818,1.388489488313818,1.388489488313818
ripple,2026-05-20,1.3609612607544128,84173830457.5356,1678441241.9301746,3.65,0.00268621,1.3609612607544128,1.3609612607544128,1.3609612607544128,1.3609612607544128
ripple,2026-05-21,1.3649886924271795,84397617318.13403,1461146084.5103588,3.65,0.00268621,1.3649886924271795,1.3649886924271795,1.3649886924271795,1.3649886924271795
ripple,2026-05-22,1.3716736935384535,84873705536.99689,1665204588.6774926,3.65,0.00268621,1.3716736935384535,1.3716736935384535,1.3716736935384535,1.3716736935384535
ripple,2026-05-23,1.3335244973911173,82490960993.12318,1806389838.9802618,3.65,0.00268621,1.3335244973911173,1.3335244973911173,1.3335244973911173,1.3335244973911173
ripple,2026-05-24,1.3568678784139014,83934756177.2623,1839703723.0275643,3.65,0.00268621,1.3568678784139014,1.3568678784139014,1.3568678784139014,1.3568678784139014
ripple,2026-05-25,1.350734718924279,83580208064.54935,1152869637.8428895,3.65,0.00268621,1.350734718924279,1.350734718924279,1.350734718924279,1.350734718924279
ripple,2026-05-26,1.3491872502467486,83447079531.94699,1261820422.9691057,3.65,0.00268621,1.3491872502467486,1.3491872502467486,1.3491872502467486,1.3491872502467486
ripple,2026-05-27,1.3279437636364502,82155641500.75327,1617581105.9111307,3.65,0.00268621,1.3279437636364502,1.3279437636364502,1.3279437636364502,1.3279437636364502
ripple,2026-05-28,1.3053077297379225,80796761102.71222,1701851604.36324,3.65,0.00268621,1.3053077297379225,1.3053077297379225,1.3053077297379225,1.3053077297379225
ripple,2026-05-29,1.312945191729233,81378525702.38968,2258485477.241646,3.65,0.00268621,1.312945191729233,1.312945191729233,1.312945191729233,1.312945191729233
ripple,2026-05-30,1.3282034121755637,82317367661.94856,1966787725.8332415,3.65,0.00268621,1.3282034121755637,1.3282034121755637,1.3282034121755637,1.3282034121755637
ripple,2026-05-31,1.3379858815956656,82925477846.10121,1679308216.4346147,3.65,0.00268621,1.3379858815956656,1.3379858815956656,1.3379858815956656,1.3379858815956656
ripple,2026-06-01,1.3308315051169426,82480263654.6071,1160130564.3997364,3.65,0.00268621,1.3308315051169426,1.3308315051169426,1.3308315051169426,1.3308315051169426
ripple,2026-06-02,1.2947430744478132,80321547592.52113,1808597639.0708547,3.65,0.00268621,1.2947430744478132,1.2947430744478132,1.2947430744478132,1.2947430744478132
ripple,2026-06-03,1.2084998063574466,74896385149.76274,2900516217.1298804,3.65,0.00268621,1.2084998063574466,1.2084998063574466,1.2084998063574466,1.2084998063574466
ripple,2026-06-04,1.2007106910176604,74425640226.43062,2402018146.6824484,3.65,0.00268621,1.2007106910176604,1.2007106910176604,1.2007106910176604,1.2007106910176604
ripple,2026-06-05,1.1672781001736445,72357553703.75685,3271159708.833844,3.65,0.00268621,1.1672781001736445,1.1672781001736445,1.1672781001736445,1.1672781001736445
ripple,2026-06-06,1.096172889059722,67980319391.30056,4340560952.947626,3.65,0.00268621,1.096172889059722,1.096172889059722,1.096172889059722,1.096172889059722
ripple,2026-06-07,1.0931581353424185,67841665695.31133,2205852891.7139754,3.65,0.00268621,1.0931581353424185,1.0931581353424185,1.0931581353424185,1.0931581353424185
ripple,2026-06-08,1.154794935618102,71654313411.4677,2164185315.786916,3.65,0.00268621,1.154794935618102,1.154794935618102,1.154794935618102,1.154794935618102
ripple,2026-06-09,1.167408122009675,72471083694.817,2132633734.4972975,3.65,0.00268621,1.167408122009675,1.167408122009675,1.167408122009675,1.167408122009675
ripple,2026-06-10,1.137262701941946,70592140687.96422,1930521013.1289017,3.65,0.00268621,1.137262701941946,1.137262701941946,1.137262701941946,1.137262701941946
ripple,2026-06-11,1.096881068523895,68039043437.920166,1964501212.8049324,3.65,0.00268621,1.096881068523895,1.096881068523895,1.096881068523895,1.096881068523895
ripple,2026-06-12,1.1408183455572265,70801096617.90039,1749457725.6987312,3.65,0.00268621,1.1408183455572265,1.1408183455572265,1.1408183455572265,1.1408183455572265
ripple,2026-06-13,1.131489877193008,70180044889.55016,1650852954.7635558,3.65,0.00268621,1.131489877193008,1.131489877193008,1.131489877193008,1.131489877193008
ripple,2026-06-14,1.1489787080637177,71285987007.62492,1060737549.402714,3.65,0.00268621,1.1489787080637177,1.1489787080637177,1.1489787080637177,1.1489787080637177
ripple,2026-06-15,1.1853092805485834,73546327395.78027,1315168824.148593,3.65,0.00268621,1.1853092805485834,1.1853092805485834,1.1853092805485834,1.1853092805485834
ripple,2026-06-16,1.2376594085150767,76800613096.09499,3171605185.694002,3.65,0.00268621,1.2376594085150767,1.2376594085150767,1.2376594085150767,1.2376594085150767
ripple,2026-06-17,1.216457435297031,75498163071.98676,1830234923.3072305,3.65,0.00268621,1.216457435297031,1.216457435297031,1.216457435297031,1.216457435297031
ripple,2026-06-18,1.185617546928578,73544161709.10486,2011874254.8870134,3.65,0.00268621,1.185617546928578,1.185617546928578,1.185617546928578,1.185617546928578
ripple,2026-06-19,1.1453016233777986,71067659884.94833,1926379069.6508875,3.65,0.00268621,1.1453016233777986,1.1453016233777986,1.1453016233777986,1.1453016233777986
ripple,2026-06-20,1.1327127088553302,70286023422.686,1336180608.9046915,3.65,0.00268621,1.1327127088553302,1.1327127088553302,1.1327127088553302,1.1327127088553302
ripple,2026-06-21,1.149145678302802,71330844969.81496,999307381.3220407,3.65,0.00268621,1.149145678302802,1.149145678302802,1.149145678302802,1.149145678302802
ripple,2026-06-22,1.124459699620385,69752019153.1189,993198835.6749538,3.65,0.00268621,1.124459699620385,1.124459699620385,1.124459699620385,1.124459699620385
ripple,2026-06-23,1.1286196254140997,69968345279.98723,1410220700.2511609,3.65,0.00268621,1.1286196254140997,1.1286196254140997,1.1286196254140997,1.1286196254140997
ripple,2026-06-24,1.1090170756900426,68820578496.81291,1448279517.3746116,3.65,0.00268621,1.1090170756900426,1.1090170756900426,1.1090170756900426,1.1090170756900426
ripple,2026-06-25,1.0716811641926722,66510837853.50939,2115175161.1613896,3.65,0.00268621,1.0716811641926722,1.0716811641926722,1.0716811641926722,1.0716811641926722
ripple,2026-06-26,1.042135046612657,64862759663.88924,2210086095.40681,3.65,0.00268621,1.042135046612657,1.042135046612657,1.042135046612657,1.042135046612657
ripple,2026-06-27,1.0468196191671628,65158997170.40847,2445938888.2607474,3.65,0.00268621,1.0468196191671628,1.0468196191671628,1.0468196191671628,1.0468196191671628
ripple,2026-06-28,1.0471515801689386,65180293463.04908,1230673790.2904322,3.65,0.00268621,1.0471515801689386,1.0471515801689386,1.0471515801689386,1.0471515801689386
ripple,2026-06-29,1.048466516959092,65268157404.53576,1077570235.7780097,3.65,0.00268621,1.048466516959092,1.048466516959092,1.048466516959092,1.048466516959092
ripple,2026-06-30,1.0575354565431176,65824538437.11149,1857899429.5977225,3.65,0.00268621,1.0575354565431176,1.0575354565431176,1.0575354565431176,1.0575354565431176
ripple,2026-07-01,1.038644695696264,64651782387.56981,1317382935.4167068,3.65,0.00268621,1.038644695696264,1.038644695696264,1.038644695696264,1.038644695696264
ripple,2026-07-02,1.052156604542482,65478998553.53403,1680559342.703322,3.65,0.00268621,1.052156604542482,1.052156604542482,1.052156604542482,1.052156604542482
ripple,2026-07-03,1.0863321351826971,67614744941.53658,1662885154.797056,3.65,0.00268621,1.0863321351826971,1.0863321351826971,1.0863321351826971,1.0863321351826971
ripple,2026-07-04,1.1336936926238965,70570647890.56383,1701857426.8618307,3.65,0.00268621,1.1336936926238965,1.1336936926238965,1.1336936926238965,1.1336936926238965
ripple,2026-07-05,1.156956751071449,72009301473.60893,1783289016.197745,3.65,0.00268621,1.156956751071449,1.156956751071449,1.156956751071449,1.156956751071449
ripple,2026-07-06,1.1572828652267848,72040363535.5114,1250697572.2243066,3.65,0.00268621,1.1572828652267848,1.1572828652267848,1.1572828652267848,1.1572828652267848
ripple,2026-07-07,1.1439259662528876,71199678100.7972,1722016496.669702,3.65,0.00268621,1.1439259662528876,1.1439259662528876,1.1439259662528876,1.1439259662528876
ripple,2026-07-08,1.1126198446198983,69508872444.2107,1352734918.4892282,3.65,0.00268621,1.1126198446198983,1.1126198446198983,1.1126198446198983,1.1126198446198983
ripple,2026-07-09,1.0888534294495766,68016354131.12091,1533103957.3750226,3.65,0.00268621,1.0888534294495766,1.0888534294495766,1.0888534294495766,1.0888534294495766
ripple,2026-07-10,1.0931171536230617,68272363049.78045,877923740.1264647,3.65,0.00268621,1.0931171536230617,1.0931171536230617,1.0931171536230617,1.0931171536230617
ripple,2026-07-11,1.103728731074654,68947811234.48203,1003797089.7021564,3.65,0.00268621,1.103728731074654,1.103728731074654,1.103728731074654,1.103728731074654
ripple,2026-07-12,1.0987428277270808,68650833606.05783,673109321.3474834,3.65,0.00268621,1.0987428277270808,1.0987428277270808,1.0987428277270808,1.0987428277270808
ripple,2026-07-13,1.085827533376281,67826119820.098015,699015794.0222994,3.65,0.00268621,1.085827533376281,1.085827533376281,1.085827533376281,1.085827533376281
ripple,2026-07-14,1.0649579477906703,66523863168.77464,1126118075.42177,3.65,0.00268621,1.0649579477906703,1.0649579477906703,1.0649579477906703,1.0649579477906703
ripple,2026-07-15,1.1114156469458079,69425736105.06932,1244378686.4495404,3.65,0.00268621,1.1114156469458079,1.1114156469458079,1.1114156469458079,1.1114156469458079
ripple,2026-07-16,1.1123443682261023,69483528995.276,1151507176.7012632,3.65,0.00268621,1.1123443682261023,1.1123443682261023,1.1123443682261023,1.1123443682261023
ripple,2026-07-17,1.0862903788583336,67858797594.09909,1040547246.078003,3.65,0.00268621,1.0862903788583336,1.0862903788583336,1.0862903788583336,1.0862903788583336
ripple,2026-07-18,1.0886342182903308,68004236177.40611,1010221530.4750996,3.65,0.00268621,1.0886342182903308,1.0886342182903308,1.0886342182903308,1.0886342182903308
ripple,2026-07-19,1.092190752114351,68225337661.333466,622289399.0916548,3.65,0.00268621,1.092190752114351,1.092190752114351,1.092190752114351,1.092190752114351
ripple,2026-07-20,1.0954149136986848,68427082553.429146,659774399.5154505,3.65,0.00268621,1.0954149136986848,1.0954149136986848,1.0954149136986848,1.0954149136986848
ripple,2026-07-21,1.111793967385872,69449881980.68263,1207591046.8108919,3.65,0.00268621,1.111793967385872,1.111793967385872,1.111793967385872,1.111793967385872
ripple,2026-07-22,1.141808857940109,71321368907.53703,1461374804.4649413,3.65,0.00268621,1.141808857940109,1.141808857940109,1.141808857940109,1.141808857940109
ripple,2026-07-23,1.1408467170333851,71264705674.12134,1041522863.140573,3.65,0.00268621,1.1408467170333851,1.1408467170333851,1.1408467170333851,1.1408467170333851
ripple,2026-07-24,1.1066567494097186,69135376582.62097,1022211815.3755985,3.65,0.00268621,1.1066567494097186,1.1066567494097186,1.1066567494097186,1.1066567494097186
ripple,2026-07-25,1.0908010875481655,68211858968.15957,972779329.1340419,3.65,0.00268621,1.0908010875481655,1.0908010875481655,1.0908010875481655,1.0908010875481655
ripple,2026-07-26,1.0971644640137332,68611106579.76166,557233729.6775228,3.65,0.00268621,1.0971644640137332,1.0971644640137332,1.0971644640137332,1.0971644640137332
ripple,2026-07-27,1.1119378654463652,69533191589.79625,555463576.5172988,3.65,0.00268621,1.1119378654463652,1.1119378654463652,1.1119378654463652,1.1119378654463652
solana,2025-07-29,183.07561178603743,98421584712.77531,11843510166.660696,293.31,0.500801,183.07561178603743,183.07561178603743,183.07561178603743,183.07561178603743
solana,2025-07-30,181.20893613953297,97506293018.36977,5755887847.795901,293.31,0.500801,181.20893613953297,181.20893613953297,181.20893613953297,181.20893613953297
solana,2025-07-31,177.80967896677046,95667137100.08734,6360298327.643589,293.31,0.500801,177.80967896677046,177.80967896677046,177.80967896677046,177.80967896677046
solana,2025-08-01,172.07722112539173,92645002061.64577,5652199803.20742,293.31,0.500801,172.07722112539173,172.07722112539173,172.07722112539173,172.07722112539173
solana,2025-08-02,162.74607331420304,87608862241.09743,8508633804.572054,293.31,0.500801,162.74607331420304,162.74607331420304,162.74607331420304,162.74607331420304
solana,2025-08-03,158.4169874778152,85282368166.05534,3473816873.170018,293.31,0.500801,158.4169874778152,158.4169874778152,158.4169874778152,158.4169874778152
solana,2025-08-04,161.84702994994532,87198279380.86256,3776433495.2472615,293.31,0.500801,161.84702994994532,161.84702994994532,161.84702994994532,161.84702994994532
solana,2025-08-05,169.23693901090616,91197784161.34314,5168099247.60198,293.31,0.500801,169.23693901090616,169.23693901090616,169.23693901090616,169.23693901090616
solana,2025-08-06,163.96663271750046,88303826701.34767,4964961738.536259,293.31,0.500801,163.96663271750046,163.96663271750046,163.96663271750046,163.96663271750046
solana,2025-08-07,168.0133753296729,90565564656.6822,3998083538.6948543,293.31,0.500801,168.0133753296729,168.0133753296729,168.0133753296729,168.0133753296729
solana,2025-08-08,175.24536237190026,94572680364.81367,5179011381.78271,293.31,0.500801,175.24536237190026,175.24536237190026,175.24536237190026,175.24536237190026
solana,2025-08-09,176.85994681117458,95360136097.30524,6477136714.484282,293.31,0.500801,176.85994681117458,176.85994681117458,176.85994681117458,176.85994681117458
solana,2025-08-10,180.23120872544553,97204584912.8049,5184734376.202236,293.31,0.500801,180.23120872544553,180.23120872544553,180.23120872544553,180.23120872544553
solana,2025-08-11,182.68928635422543,98574419015.83392,6546647611.187143,293.31,0.500801,182.68928635422543,182.68928635422543,182.68928635422543,182.68928635422543
solana,2025-08-12,174.95725734067068,94438413642.45692,7213285932.0577345,293.31,0.500801,174.95725734067068,174.95725734067068,174.95725734067068,174.95725734067068
solana,2025-08-13,191.786448282662,103709619943.25044,8499386187.660736,293.31,0.500801,191.786448282662,191.786448282662,191.786448282662,191.786448282662
solana,2025-08-14,201.63465961943675,108807054715.8758,11997023463.318636,293.31,0.500801,201.63465961943675,201.63465961943675,201.63465961943675,201.63465961943675
solana,2025-08-15,192.77887110952457,103974978592.26991,14432323602.345518,293.31,0.500801,192.77887110952457,192.77887110952457,192.77887110952457,192.77887110952457
solana,2025-08-16,185.7012861074167,100246103133.95271,8551730178.716981,293.31,0.500801,185.7012861074167,185.7012861074167,185.7012861074167,185.7012861074167
solana,2025-08-17,189.73550316648365,102458994883.90694,4453374055.42001,293.31,0.500801,189.73550316648365,189.73550316648365,189.73550316648365,189.73550316648365
solana,2025-08-18,191.5224013652545,103498590849.65073,4344108110.659036,293.31,0.500801,191.5224013652545,191.5224013652545,191.5224013652545,191.5224013652545
solana,2025-08-19,183.0420032091928,98857018832.1436,6364151363.2255745,293.31,0.500801,183.0420032091928,183.0420032091928,183.0420032091928,183.0420032091928
solana,2025-08-20,176.277152416671,95269629007.20668,6014715596.720244,293.31,0.500801,176.277152416671,176.277152416671,176.277152416671,176.277152416671
solana,2025-08-21,187.6039331805977,101275224461.0668,6320408538.132931,293.31,0.500801,187.6039331805977,187.6039331805977,187.6039331805977,187.6039331805977
solana,2025-08-22,180.4356117215392,97394407426.68242,5327583196.932759,293.31,0.500801,180.4356117215392,180.4356117215392,180.4356117215392,180.4356117215392
solana,2025-08-23,200.33815382131016,108244515874.7507,10141897992.846985,293.31,0.500801,200.33815382131016,200.33815382131016,200.33815382131016,200.33815382131016
solana,2025-08-24,204.26695971397615,110247878135.4331,7715825757.391714,293.31,0.500801,204.26695971397615,204.26695971397615,204.26695971397615,204.26695971397615
solana,2025-08-25,205.8864929558642,111232070714.13795,11216034110.014893,293.31,0.500801,205.8864929558642,205.8864929558642,205.8864929558642,205.8864929558642
solana,2025-08-26,187.1981730972964,101201584120.9974,12342333925.468962,293.31,0.500801,187.1981730972964,187.1981730972964,187.1981730972964,187.1981730972964
solana,2025-08-27,195.91060255077917,105940691853.63528,7979906425.303027,293.31,0.500801,195.91060255077917,195.91060255077917,195.91060255077917,195.91060255077917
solana,2025-08-28,202.9300220995657,109824585431.81598,12660007322.901917,293.31,0.500801,202.9300220995657,202.9300220995657,202.9300220995657,202.9300220995657
solana,2025-08-29,214.39876962284723,115946885175.3612,11862378688.181248,293.31,0.500801,214.39876962284723,214.39876962284723,214.39876962284723,214.39876962284723
solana,2025-08-30,205.07947238238825,110968712621.80511,13461095430.884771,293.31,0.500801,205.07947238238825,205.07947238238825,205.07947238238825,205.07947238238825
solana,2025-08-31,202.77953295987925,109660747731.8798,5590954378.5780525,293.31,0.500801,202.77953295987925,202.77953295987925,202.77953295987925,202.77953295987925
solana,2025-09-01,200.2316827563737,108507632681.98434,5217505225.084079,293.31,0.500801,200.2316827563737,200.2316827563737,200.2316827563737,200.2316827563737
solana,2025-09-02,197.13232717052787,106497476921.76358,7473044246.28394,293.31,0.500801,197.13232717052787,197.13232717052787,197.13232717052787,197.13232717052787
solana,2025-09-03,209.1057953326883,113350757348.47733,8740534141.143827,293.31,0.500801,209.1057953326883,209.1057953326883,209.1057953326883,209.1057953326883
solana,2025-09-04,210.7382384629725,114013821301.83704,6793400396.447489,293.31,0.500801,210.7382384629725,210.7382384629725,210.7382384629725,210.7382384629725
solana,2025-09-05,202.49350614681552,109574411036.3816,5144983730.314084,293.31,0.500801,202.49350614681552,202.49350614681552,202.49350614681552,202.49350614681552
solana,2025-09-06,203.4270263475836,110114510867.43684,7542735950.276475,293.31,0.500801,203.4270263475836,203.4270263475836,203.4270263475836,203.4270263475836
solana,2025-09-07,200.27623765774015,108388640227.09706,2971294358.8861513,293.31,0.500801,200.27623765774015,200.27623765774015,200.27623765774015,200.27623765774015
solana,2025-09-08,206.43780404375596,111936108428.27112,4052761118.3838816,293.31,0.500801,206.43780404375596,206.43780404375596,206.43780404375596,206.43780404375596
solana,2025-09-09,214.3258796857092,116104221486.70192,9796374453.158924,293.31,0.500801,214.3258796857092,214.3258796857092,214.3258796857092,214.3258796857092
solana,2025-09-10,217.33292585152705,117793740791.56224,9090322416.651497,293.31,0.500801,217.33292585152705,217.33292585152705,217.33292585152705,217.33292585152705
solana,2025-09-11,224.0522665870488,121457277518.88857,9274525839.328798,293.31,0.500801,224.0522665870488,224.0522665870488,224.0522665870488,224.0522665870488
solana,2025-09-12,228.68827626713545,124027752904.53802,10123024680.71655,293.31,0.500801,228.68827626713545,228.68827626713545,228.68827626713545,228.68827626713545
solana,2025-09-13,242.21885145623688,131403208918.62154,13435327624.15925,293.31,0.500801,242.21885145623688,242.21885145623688,242.21885145623688,242.21885145623688
solana,2025-09-14,242.57070224470883,131625546341.2104,7479398187.822649,293.31,0.500801,242.57070224470883,242.57070224470883,242.57070224470883,242.57070224470883
solana,2025-09-15,240.23085854705676,130342139299.4678,9734700582.685871,293.31,0.500801,240.23085854705676,240.23085854705676,240.23085854705676,240.23085854705676
solana,2025-09-16,234.22097461011532,127113164622.67868,10008963044.868086,293.31,0.500801,234.22097461011532,234.22097461011532,234.22097461011532,234.22097461011532
solana,2025-09-17,236.9184933999762,128652381344.81789,7468783573.867075,293.31,0.500801,236.9184933999762,236.9184933999762,236.9184933999762,236.9184933999762
solana,2025-09-18,244.7148602803344,132890974639.33269,10534742513.578724,293.31,0.500801,244.7148602803344,244.7148602803344,244.7148602803344,244.7148602803344
solana,2025-09-19,247.59944363004428,134431076937.1743,9510189360.823055,293.31,0.500801,247.59944363004428,247.59944363004428,247.59944363004428,247.59944363004428
solana,2025-09-20,238.56271348048392,129484973439.8616,7703199350.23078,293.31,0.500801,238.56271348048392,238.56271348048392,238.56271348048392,238.56271348048392
solana,2025-09-21,239.56497982373855,130108654130.58466,3612037313.082381,293.31,0.500801,239.56497982373855,239.56497982373855,239.56497982373855,239.56497982373855
solana,2025-09-22,236.4512767492593,128505214266.2901,3686521866.0114594,293.31,0.500801,236.4512767492593,236.4512767492593,236.4512767492593,236.4512767492593
solana,2025-09-23,220.45569255221633,119744016501.18456,12277874311.829329,293.31,0.500801,220.45569255221633,220.45569255221633,220.45569255221633,220.45569255221633
solana,2025-09-24,213.6985956125151,116312284438.07846,7578447364.289837,293.31,0.500801,213.6985956125151,213.6985956125151,213.6985956125151,213.6985956125151
solana,2025-09-25,211.62431724598696,114996975274.61714,8442641499.804447,293.31,0.500801,211.62431724598696,211.62431724598696,211.62431724598696,211.62431724598696
solana,2025-09-26,193.41099740739065,104819839362.79865,12140072794.410748,293.31,0.500801,193.41099740739065,193.41099740739065,193.41099740739065,193.41099740739065
solana,2025-09-27,204.81544207335943,111501912422.75436,10254205386.472954,293.31,0.500801,204.81544207335943,204.81544207335943,204.81544207335943,204.81544207335943
solana,2025-09-28,203.5629663855269,110641210984.33028,3978952053.3254952,293.31,0.500801,203.5629663855269,203.5629663855269,203.5629663855269,203.5629663855269
solana,2025-09-29,210.7475002663132,114531174288.2742,4510072227.911247,293.31,0.500801,210.7475002663132,210.7475002663132,210.7475002663132,210.7475002663132
solana,2025-09-30,212.92369932398225,115714682809.00015,6915230288.760772,293.31,0.500801,212.92369932398225,212.92369932398225,212.92369932398225,212.92369932398225
solana,2025-10-01,208.8579841163509,113486854549.89207,7032930519.400962,293.31,0.500801,208.8579841163509,208.8579841163509,208.8579841163509,208.8579841163509
solana,2025-10-02,221.87788206611364,120581311040.91992,8557349874.011452,293.31,0.500801,221.87788206611364,221.87788206611364,221.87788206611364,221.87788206611364
solana,2025-10-03,234.78399661993015,127563264324.789,9869215902.65052,293.31,0.500801,234.78399661993015,234.78399661993015,234.78399661993015,234.78399661993015
solana,2025-10-04,233.04397396283912,127073891407.65285,9392167648.149923,293.31,0.500801,233.04397396283912,233.04397396283912,233.04397396283912,233.04397396283912
solana,2025-10-05,228.00950694210047,124310880122.60092,4566726556.261829,293.31,0.500801,228.00950694210047,228.00950694210047,228.00950694210047,228.00950694210047
solana,2025-10-06,228.51623325831756,124636724973.72264,7090859671.854522,293.31,0.500801,228.51623325831756,228.51623325831756,228.51623325831756,228.51623325831756
solana,2025-10-07,232.63341831761747,126812715518.15552,7648318775.754885,293.31,0.500801,232.63341831761747,232.63341831761747,232.63341831761747,232.63341831761747
solana,2025-10-08,220.38956435964568,120321345605.73135,9458899184.19544,293.31,0.500801,220.38956435964568,220.38956435964568,220.38956435964568,220.38956435964568
solana,2025-10-09,229.091625881658,125078490889.5338,7325936210.286918,293.31,0.500801,229.091625881658,229.091625881658,229.091625881658,229.091625881658
solana,2025-10-10,220.95337084458515,120639193602.9175,7922861949.949832,293.31,0.500801,220.95337084458515,220.95337084458515,220.95337084458515,220.95337084458515
solana,2025-10-11,188.7926485329733,103689668260.11702,16970012306.231865,293.31,0.500801,188.7926485329733,188.7926485329733,188.7926485329733,188.7926485329733
solana,2025-10-12,177.98430501390146,97358486241.74402,12830059467.37137,293.31,0.500801,177.98430501390146,177.98430501390146,177.98430501390146,177.98430501390146
solana,2025-10-13,197.2146674369267,107759898073.52504,12190105023.041872,293.31,0.500801,197.2146674369267,197.2146674369267,197.2146674369267,197.2146674369267
solana,2025-10-14,208.60633453023536,113707945368.43063,11564579472.104095,293.31,0.500801,208.60633453023536,208.60633453023536,208.60633453023536,208.60633453023536
solana,2025-10-15,202.58499940260515,110743617928.48576,13515883451.061996,293.31,0.500801,202.58499940260515,202.58499940260515,202.58499940260515,202.58499940260515
solana,2025-10-16,193.98189964651897,106046701958.24773,9756030641.697218,293.31,0.500801,193.98189964651897,193.98189964651897,193.98189964651897,193.98189964651897
solana,2025-10-17,184.676653314175,100984533524.7488,9891974309.853312,293.31,0.500801,184.676653314175,184.676653314175,184.676653314175,184.676653314175
solana,2025-10-18,182.1459454130084,99541344289.88818,10280260359.681362,293.31,0.500801,182.1459454130084,182.1459454130084,182.1459454130084,182.1459454130084
solana,2025-10-19,187.6503123404748,102629300096.89812,4073835112.842372,293.31,0.500801,187.6503123404748,187.6503123404748,187.6503123404748,187.6503123404748
solana,2025-10-20,187.79198147575528,102612518381.1074,4826955084.363719,293.31,0.500801,187.79198147575528,187.79198147575528,187.79198147575528,187.79198147575528
solana,2025-10-21,189.717698834749,103759163273.00163,6084411743.296285,293.31,0.500801,189.717698834749,189.717698834749,189.717698834749,189.717698834749
solana,2025-10-22,185.72442261780827,101518840032.56673,8158154260.997603,293.31,0.500801,185.72442261780827,185.72442261780827,185.72442261780827,185.72442261780827
solana,2025-10-23,180.0884506434004,98437766687.7109,7302678368.731696,293.31,0.500801,180.0884506434004,180.0884506434004,180.0884506434004,180.0884506434004
solana,2025-10-24,191.4105154932252,105132033989.23325,6324648470.91366,293.31,0.500801,191.4105154932252,191.4105154932252,191.4105154932252,191.4105154932252
solana,2025-10-25,193.5224673498789,106331061519.20493,5821180532.436272,293.31,0.500801,193.5224673498789,193.5224673498789,193.5224673498789,193.5224673498789
solana,2025-10-26,193.93319201308577,106609827331.2564,3144230522.592254,293.31,0.500801,193.93319201308577,193.93319201308577,193.93319201308577,193.93319201308577
solana,2025-10-27,200.0215931980344,109941212256.89188,4825506003.880374,293.31,0.500801,200.0215931980344,200.0215931980344,200.0215931980344,200.0215931980344
solana,2025-10-28,198.77163279922976,109253080319.50624,6673402164.771636,293.31,0.500801,198.77163279922976,198.77163279922976,198.77163279922976,198.77163279922976
solana,2025-10-29,194.29867849889453,106876180902.7856,8023133206.403953,293.31,0.500801,194.29867849889453,194.29867849889453,194.29867849889453,194.29867849889453
solana,2025-10-30,194.0726847621732,106821520882.5694,8177681607.778722,293.31,0.500801,194.0726847621732,194.0726847621732,194.0726847621732,194.0726847621732
solana,2025-10-31,184.49846534649268,101438430148.42662,8510471370.736265,293.31,0.500801,184.49846534649268,184.49846534649268,184.49846534649268,184.49846534649268
solana,2025-11-01,187.1659046571601,103387355342.2991,5699350698.884739,293.31,0.500801,187.1659046571601,187.1659046571601,187.1659046571601,187.1659046571601
solana,2025-11-02,186.31885199348687,102978636736.43712,2749569575.6249213,293.31,0.500801,186.31885199348687,186.31885199348687,186.31885199348687,186.31885199348687
solana,2025-11-03,187.67222619735156,103550637011.92291,3237063319.8650713,293.31,0.500801,187.67222619735156,187.67222619735156,187.67222619735156,187.67222619735156
solana,2025-11-04,165.88821459720248,91710583911.5815,9739295820.729376,293.31,0.500801,165.88821459720248,165.88821459720248,165.88821459720248,165.88821459720248
solana,2025-11-05,155.1980725305336,85867741505.19081,11501468029.627775,293.31,0.500801,155.1980725305336,155.1980725305336,155.1980725305336,155.1980725305336
solana,2025-11-06,162.46544782382182,89882349113.75185,6852893993.993001,293.31,0.500801,162.46544782382182,162.46544782382182,162.46544782382182,162.46544782382182
solana,2025-11-07,155.05793557990853,85637809693.55705,5565946076.765333,293.31,0.500801,155.05793557990853,155.05793557990853,155.05793557990853,155.05793557990853
solana,2025-11-08,161.69017397076755,89556853447.44725,6629474688.982475,293.31,0.500801,161.69017397076755,161.69017397076755,161.69017397076755,161.69017397076755
solana,2025-11-09,157.796348381377,87423537136.50342,3760261989.2480073,293.31,0.500801,157.796348381377,157.796348381377,157.796348381377,157.796348381377
solana,2025-11-10,164.4107555710944,90982628986.2251,4365967723.095303,293.31,0.500801,164.4107555710944,164.4107555710944,164.4107555710944,164.4107555710944
solana,2025-11-11,167.38292233660445,92751637699.99097,5558136469.523835,293.31,0.500801,167.38292233660445,167.38292233660445,167.38292233660445,167.38292233660445
solana,2025-11-12,154.65635090993268,85536087818.74721,6147831536.860157,293.31,0.500801,154.65635090993268,154.65635090993268,154.65635090993268,154.65635090993268
solana,2025-11-13,153.25824234818612,84884069704.18701,5886067748.38089,293.31,0.500801,153.25824234818612,153.25824234818612,153.25824234818612,153.25824234818612
solana,2025-11-14,144.6022158116688,80271988879.75919,7320956526.904868,293.31,0.500801,144.6022158116688,144.6022158116688,144.6022158116688,144.6022158116688
solana,2025-11-15,138.98547920304102,76929387744.69238,8508216055.263304,293.31,0.500801,138.98547920304102,138.98547920304102,138.98547920304102,138.98547920304102
solana,2025-11-16,139.26651582272305,77307096399.47191,3469420160.3009524,293.31,0.500801,139.26651582272305,139.26651582272305,139.26651582272305,139.26651582272305
solana,2025-11-17,137.13897250282486,76130695568.86363,4918220222.215703,293.31,0.500801,137.13897250282486,137.13897250282486,137.13897250282486,137.13897250282486
solana,2025-11-18,130.8066278178265,72513999607.94305,7508376707.489581,293.31,0.500801,130.8066278178265,130.8066278178265,130.8066278178265,130.8066278178265
solana,2025-11-19,140.6208727874062,77944679242.58017,7706281842.08937,293.31,0.500801,140.6208727874062,140.6208727874062,140.6208727874062,140.6208727874062
solana,2025-11-20,136.71697636188486,75684272094.71347,6202859434.975173,293.31,0.500801,136.71697636188486,136.71697636188486,136.71697636188486,136.71697636188486
solana,2025-11-21,133.61111774040782,74687577164.42818,8661110545.526552,293.31,0.500801,133.61111774040782,133.61111774040782,133.61111774040782,133.61111774040782
solana,2025-11-22,128.57234151997437,71838401977.32182,10306509554.94346,293.31,0.500801,128.57234151997437,128.57234151997437,128.57234151997437,128.57234151997437
solana,2025-11-23,127.55257578894552,71317106141.65437,3617240760.322332,293.31,0.500801,127.55257578894552,127.55257578894552,127.55257578894552,127.55257578894552
solana,2025-11-24,130.58087966204394,73114651434.34904,3999536087.9999633,293.31,0.500801,130.58087966204394,130.58087966204394,130.58087966204394,130.58087966204394
solana,2025-11-25,138.35323319673398,77369995007.22118,6424538087.9628935,293.31,0.500801,138.35323319673398,138.35323319673398,138.35323319673398,138.35323319673398
solana,2025-11-26,138.9326415526744,77741514289.47105,4811649397.906862,293.31,0.500801,138.9326415526744,138.9326415526744,138.9326415526744,138.9326415526744
solana,2025-11-27,143.01829550662933,79964562997.78036,5994946529.50749,293.31,0.500801,143.01829550662933,143.01829550662933,143.01829550662933,143.01829550662933
solana,2025-11-28,140.84645123344353,78777617550.5348,3814128051.674114,293.31,0.500801,140.84645123344353,140.84645123344353,140.84645123344353,140.84645123344353
solana,2025-11-29,137.40059276029743,76892248915.04913,5368927107.466998,293.31,0.500801,137.40059276029743,137.40059276029743,137.40059276029743,137.40059276029743
solana,2025-11-30,136.02333573557007,76125597884.38597,2716162176.896452,293.31,0.500801,136.02333573557007,136.02333573557007,136.02333573557007,136.02333573557007
solana,2025-12-01,133.82640627084265,75212508274.44011,3472787485.829062,293.31,0.500801,133.82640627084265,133.82640627084265,133.82640627084265,133.82640627084265
solana,2025-12-02,126.67388526602132,70923410354.07248,6674128855.637002,293.31,0.500801,126.67388526602132,126.67388526602132,126.67388526602132,126.67388526602132
solana,2025-12-03,138.67222008976705,77635277544.71228,6896706362.923059,293.31,0.500801,138.67222008976705,138.67222008976705,138.67222008976705,138.67222008976705
solana,2025-12-04,144.82904690237106,81110970338.41089,6469062880.93247,293.31,0.500801,144.82904690237106,144.82904690237106,144.82904690237106,144.82904690237106
solana,2025-12-05,139.01629771281043,77834176036.77179,4776241858.132248,293.31,0.500801,139.01629771281043,139.01629771281043,139.01629771281043,139.01629771281043
solana,2025-12-06,133.231965401601,74608412428.0159,5058535609.614375,293.31,0.500801,133.231965401601,133.231965401601,133.231965401601,133.231965401601
solana,2025-12-07,132.2605923315256,74070265738.64984,2352490833.4499555,293.31,0.500801,132.2605923315256,132.2605923315256,132.2605923315256,132.2605923315256
solana,2025-12-08,131.95984726955456,73905195886.10242,4327711104.85745,293.31,0.500801,131.95984726955456,131.95984726955456,131.95984726955456,131.95984726955456
solana,2025-12-09,133.22869851109667,74829141491.71165,5255686871.5274,293.31,0.500801,133.22869851109667,133.22869851109667,133.22869851109667,133.22869851109667
solana,2025-12-10,137.8941468193958,77434949433.21436,6353795130.695644,293.31,0.500801,137.8941468193958,137.8941468193958,137.8941468193958,137.8941468193958
solana,2025-12-11,136.36516972784412,76658507921.76013,6595354012.867017,293.31,0.500801,136.36516972784412,136.36516972784412,136.36516972784412,136.36516972784412
solana,2025-12-12,136.47367573628597,76639905565.78624,6534603991.070751,293.31,0.500801,136.47367573628597,136.47367573628597,136.47367573628597,136.47367573628597
solana,2025-12-13,132.30236894589092,74342595466.03441,5832580362.281503,293.31,0.500801,132.30236894589092,132.30236894589092,132.30236894589092,132.30236894589092
solana,2025-12-14,133.17026302389507,74854038558.72456,2252195824.251755,293.31,0.500801,133.17026302389507,133.17026302389507,133.17026302389507,133.17026302389507
solana,2025-12-15,129.49535610673396,72828942194.31668,2820681803.676568,293.31,0.500801,129.49535610673396,129.49535610673396,129.49535610673396,129.49535610673396
solana,2025-12-16,127.71787718749329,71791828077.9072,5663730577.351576,293.31,0.500801,127.71787718749329,127.71787718749329,127.71787718749329,127.71787718749329
solana,2025-12-17,129.09757727148104,72575132422.95251,4580331422.054304,293.31,0.500801,129.09757727148104,129.09757727148104,129.09757727148104,129.09757727148104
solana,2025-12-18,123.1722233035213,69177061591.60219,5988105092.622178,293.31,0.500801,123.1722233035213,123.1722233035213,123.1722233035213,123.1722233035213
solana,2025-12-19,119.53477491010813,67187117118.504906,6379446146.957166,293.31,0.500801,119.53477491010813,119.53477491010813,119.53477491010813,119.53477491010813
solana,2025-12-20,126.19398384656624,70937152002.24133,5597546928.431469,293.31,0.500801,126.19398384656624,126.19398384656624,126.19398384656624,126.19398384656624
solana,2025-12-21,125.78203025133216,70732315808.9821,1873438825.7984693,293.31,0.500801,125.78203025133216,125.78203025133216,125.78203025133216,125.78203025133216
solana,2025-12-22,126.02413413596209,70852545495.81837,2597673334.32709,293.31,0.500801,126.02413413596209,126.02413413596209,126.02413413596209,126.02413413596209
solana,2025-12-23,125.82827489791832,70725838985.34245,4032150660.523798,293.31,0.500801,125.82827489791832,125.82827489791832,125.82827489791832,125.82827489791832
solana,2025-12-24,124.03308958475714,69753898308.3321,3455716627.5501533,293.31,0.500801,124.03308958475714,124.03308958475714,124.03308958475714,124.03308958475714
solana,2025-12-25,122.460155121348,68912990781.20845,2583982445.8941655,293.31,0.500801,122.460155121348,122.460155121348,122.460155121348,122.460155121348
solana,2025-12-26,120.01776608161182,67527251817.4201,2466935722.523718,293.31,0.500801,120.01776608161182,120.01776608161182,120.01776608161182,120.01776608161182
solana,2025-12-27,122.19194432561508,68754169608.94904,4179421976.033216,293.31,0.500801,122.19194432561508,122.19194432561508,122.19194432561508,122.19194432561508
solana,2025-12-28,124.67249933750114,70150238432.77664,1873509643.8616233,293.31,0.500801,124.67249933750114,124.67249933750114,124.67249933750114,124.67249933750114
solana,2025-12-29,125.15033815137768,70460720002.73882,2237013657.4398346,293.31,0.500801,125.15033815137768,125.15033815137768,125.15033815137768,125.15033815137768
solana,2025-12-30,123.12034386014282,69280873839.90186,5194751447.630124,293.31,0.500801,123.12034386014282,123.12034386014282,123.12034386014282,123.12034386014282
solana,2025-12-31,124.82656574921522,70287099902.24979,3448572332.3951654,293.31,0.500801,124.82656574921522,124.82656574921522,124.82656574921522,124.82656574921522
solana,2026-01-01,124.52107166245452,67615121227.52725,4630115870.0734215,293.31,0.500801,124.52107166245452,124.52107166245452,124.52107166245452,124.52107166245452
solana,2026-01-02,126.95621771235598,68937409039.3215,2577741993.5544615,293.31,0.500801,126.95621771235598,126.95621771235598,126.95621771235598,126.95621771235598
solana,2026-01-03,132.31679963702925,71848212743.84955,4610750565.580847,293.31,0.500801,132.31679963702925,132.31679963702925,132.31679963702925,132.31679963702925
solana,2026-01-04,133.30031232821088,72382261551.45476,2609331742.9730067,293.31,0.500801,133.30031232821088,133.30031232821088,133.30031232821088,133.30031232821088
solana,2026-01-05,134.43165907625135,72996584464.82068,3038018996.8253036,293.31,0.500801,134.43165907625135,134.43165907625135,134.43165907625135,134.43165907625135
solana,2026-01-06,138.0003095859337,74934366830.56306,4869355200.753829,293.31,0.500801,138.0003095859337,138.0003095859337,138.0003095859337,138.0003095859337
solana,2026-01-07,140.8297481272592,76470756032.99591,6070588562.286307,293.31,0.500801,140.8297481272592,140.8297481272592,140.8297481272592,140.8297481272592
solana,2026-01-08,136.19851494230633,73955989744.42442,4048166632.276265,293.31,0.500801,136.19851494230633,136.19851494230633,136.19851494230633,136.19851494230633
solana,2026-01-09,138.37930950675758,75140164333.34393,4753587618.801249,293.31,0.500801,138.37930950675758,138.37930950675758,138.37930950675758,138.37930950675758
solana,2026-01-10,135.86713631404515,73776050672.08148,4829532489.117524,293.31,0.500801,135.86713631404515,135.86713631404515,135.86713631404515,135.86713631404515
solana,2026-01-11,135.84312878216107,73763014547.69672,1679263951.9769797,293.31,0.500801,135.84312878216107,135.84312878216107,135.84312878216107,135.84312878216107
solana,2026-01-12,139.3201851544604,75651061164.94128,3156774482.495561,293.31,0.500801,139.3201851544604,139.3201851544604,139.3201851544604,139.3201851544604
solana,2026-01-13,139.07230582809257,75516462333.76842,6023569103.177238,293.31,0.500801,139.07230582809257,139.07230582809257,139.07230582809257,139.07230582809257
solana,2026-01-14,145.73859432253883,79136266585.94754,6937255626.185936,293.31,0.500801,145.73859432253883,145.73859432253883,145.73859432253883,145.73859432253883
solana,2026-01-15,146.51080044413305,79555575621.97774,5243436903.421723,293.31,0.500801,146.51080044413305,146.51080044413305,146.51080044413305,146.51080044413305
solana,2026-01-16,142.37528313106432,77309983765.68799,4072289172.4284463,293.31,0.500801,142.37528313106432,142.37528313106432,142.37528313106432,142.37528313106432
solana,2026-01-17,144.91193902286835,78687391567.81316,3333559836.510176,293.31,0.500801,144.91193902286835,144.91193902286835,144.91193902286835,144.91193902286835
solana,2026-01-18,143.68428258663917,78020772355.07135,1617770172.3976188,293.31,0.500801,143.68428258663917,143.68428258663917,143.68428258663917,143.68428258663917
solana,2026-01-19,135.50334566395688,73578511825.21194,2773931110.537374,293.31,0.500801,135.50334566395688,135.50334566395688,135.50334566395688,135.50334566395688
solana,2026-01-20,133.4132387086627,72443580738.65814,4100379502.827502,293.31,0.500801,133.4132387086627,133.4132387086627,133.4132387086627,133.4132387086627
solana,2026-01-21,126.10764632319889,68476633553.03593,4946860262.895155,293.31,0.500801,126.10764632319889,126.10764632319889,126.10764632319889,126.10764632319889
solana,2026-01-22,129.72621773671372,70441523041.44725,4717631462.533565,293.31,0.500801,129.72621773671372,129.72621773671372,129.72621773671372,129.72621773671372
solana,2026-01-23,128.50157375860476,69776539597.80278,2830349177.3459754,293.31,0.500801,128.50157375860476,128.50157375860476,128.50157375860476,128.50157375860476
solana,2026-01-24,127.45408198467358,69207750056.13239,3203616011.1368947,293.31,0.500801,127.45408198467358,127.45408198467358,127.45408198467358,127.45408198467358
solana,2026-01-25,127.3909695406124,69173479908.12299,1387940827.6683345,293.31,0.500801,127.3909695406124,127.3909695406124,127.3909695406124,127.3909695406124
solana,2026-01-26,118.66203053729117,64433653459.333954,4802988600.922261,293.31,0.500801,118.66203053729117,118.66203053729117,118.66203053729117,118.66203053729117
solana,2026-01-27,124.18651087241786,67433454236.7578,3765926144.086053,293.31,0.500801,124.18651087241786,124.18651087241786,124.18651087241786,124.18651087241786
solana,2026-01-28,127.20506143377902,69072531538.3981,3229671536.4282436,293.31,0.500801,127.20506143377902,127.20506143377902,127.20506143377902,127.20506143377902
solana,2026-01-29,125.36504185209182,68073398255.84769,3093780982.0939064,293.31,0.500801,125.36504185209182,125.36504185209182,125.36504185209182,125.36504185209182
solana,2026-01-30,117.8829797223508,64010627744.96018,4845989357.669186,293.31,0.500801,117.8829797223508,117.8829797223508,117.8829797223508,117.8829797223508
solana,2026-01-31,117.47753461829744,63790470469.6037,6131354583.524637,293.31,0.500801,117.47753461829744,117.47753461829744,117.47753461829744,117.47753461829744
solana,2026-02-01,105.49281488444598,57282750395.695595,8591830388.973656,293.31,0.500801,105.49281488444598,105.49281488444598,105.49281488444598,105.49281488444598
solana,2026-02-02,100.881066130847,54778564181.40755,4826990625.731281,293.31,0.500801,100.881066130847,100.881066130847,100.881066130847,100.881066130847
solana,2026-02-03,104.39215459693564,56685090274.58714,6429128481.543408,293.31,0.500801,104.39215459693564,104.39215459693564,104.39215459693564,104.39215459693564
solana,2026-02-04,97.6309479602485,53013745334.485695,5038427190.175277,293.31,0.500801,97.6309479602485,97.6309479602485,97.6309479602485,97.6309479602485
solana,2026-02-05,92.0568681732404,49987011983.26525,6374861538.000151,293.31,0.500801,92.0568681732404,92.0568681732404,92.0568681732404,92.0568681732404
solana,2026-02-06,78.40434132437782,42573670244.20398,8848445441.03025,293.31,0.500801,78.40434132437782,78.40434132437782,78.40434132437782,78.40434132437782
solana,2026-02-07,86.97764557641793,47228986798.92773,11019824458.240084,293.31,0.500801,86.97764557641793,86.97764557641793,86.97764557641793,86.97764557641793
solana,2026-02-08,87.54346373381755,47536226873.19418,4481236124.153687,293.31,0.500801,87.54346373381755,87.54346373381755,87.54346373381755,87.54346373381755
solana,2026-02-09,87.2357989380757,47369164446.05801,2792263299.689983,293.31,0.500801,87.2357989380757,87.2357989380757,87.2357989380757,87.2357989380757
solana,2026-02-10,86.80274713927635,47134016695.69982,3683479932.0629253,293.31,0.500801,86.80274713927635,86.80274713927635,86.80274713927635,86.80274713927635
solana,2026-02-11,82.97679507645698,45056519216.08055,2903282302.9397154,293.31,0.500801,82.97679507645698,82.97679507645698,82.97679507645698,82.97679507645698
solana,2026-02-12,79.55930152154403,43200815294.44939,3850155909.5965605,293.31,0.500801,79.55930152154403,79.55930152154403,79.55930152154403,79.55930152154403
solana,2026-02-13,78.62969332713851,42696036706.21801,3289208461.699722,293.31,0.500801,78.62969332713851,78.62969332713851,78.62969332713851,78.62969332713851
solana,2026-02-14,84.45790130055087,45860762028.60968,3353870726.1666565,293.31,0.500801,84.45790130055087,84.45790130055087,84.45790130055087,84.45790130055087
solana,2026-02-15,88.16311329534221,47872697477.41969,2710809246.1289887,293.31,0.500801,88.16311329534221,88.16311329534221,88.16311329534221,88.16311329534221
solana,2026-02-16,86.28536644166955,46853078231.85255,3710825666.100695,293.31,0.500801,86.28536644166955,86.28536644166955,86.28536644166955,86.28536644166955
solana,2026-02-17,86.5771448069784,47011514304.38657,3260801172.655849,293.31,0.500801,86.5771448069784,86.5771448069784,86.5771448069784,86.5771448069784
solana,2026-02-18,85.34355742185454,46341674577.85419,2867968005.2955337,293.31,0.500801,85.34355742185454,85.34355742185454,85.34355742185454,85.34355742185454
solana,2026-02-19,81.75815785366494,44394797449.223114,2911232671.6944275,293.31,0.500801,81.75815785366494,81.75815785366494,81.75815785366494,81.75815785366494
solana,2026-02-20,82.6525984959415,44880480006.00593,2649150150.6158447,293.31,0.500801,82.6525984959415,82.6525984959415,82.6525984959415,82.6525984959415
solana,2026-02-21,84.79782002630832,46045338386.19114,3470348593.1451,293.31,0.500801,84.79782002630832,84.79782002630832,84.79782002630832,84.79782002630832
solana,2026-02-22,85.4563629671115,46402928151.37276,1782192293.4525228,293.31,0.500801,85.4563629671115,85.4563629671115,85.4563629671115,85.4563629671115
solana,2026-02-23,78.74991176781678,42761315492.62518,2158912618.139571,293.31,0.500801,78.74991176781678,78.74991176781678,78.74991176781678,78.74991176781678
solana,2026-02-24,78.26986413795304,42500648938.32334,3859622138.4438357,293.31,0.500801,78.26986413795304,78.26986413795304,78.26986413795304,78.26986413795304
solana,2026-02-25,79.15515746010666,42981364487.10693,3199678097.4536424,293.31,0.500801,79.15515746010666,79.15515746010666,79.15515746010666,79.15515746010666
solana,2026-02-26,88.07924459617706,47827156652.99908,5187695240.687567,293.31,0.500801,88.07924459617706,88.07924459617706,88.07924459617706,88.07924459617706
solana,2026-02-27,86.07936596494483,46741219676.34293,3572166611.0384326,293.31,0.500801,86.07936596494483,86.07936596494483,86.07936596494483,86.07936596494483
solana,2026-02-28,82.04418185445192,44550108893.53528,3368387308.3625445,293.31,0.500801,82.04418185445192,82.04418185445192,82.04418185445192,82.04418185445192
solana,2026-03-01,84.67491088061367,45978598543.085365,4501716686.409043,293.31,0.500801,84.67491088061367,84.67491088061367,84.67491088061367,84.67491088061367
solana,2026-03-02,83.73986956786652,45470869763.7706,4223990395.905905,293.31,0.500801,83.73986956786652,83.73986956786652,83.73986956786652,83.73986956786652
solana,2026-03-03,86.75098086219938,47105907532.70173,4899843857.351483,293.31,0.500801,86.75098086219938,86.75098086219938,86.75098086219938,86.75098086219938
solana,2026-03-04,87.05158771027426,47269137484.09104,4424667364.214979,293.31,0.500801,87.05158771027426,87.05158771027426,87.05158771027426,87.05158771027426
solana,2026-03-05,91.07299801568064,49452769070.90195,6325870834.610213,293.31,0.500801,91.07299801568064,91.07299801568064,91.07299801568064,91.07299801568064
solana,2026-03-06,88.95101498981624,48300529232.125824,3930297347.5347934,293.31,0.500801,88.95101498981624,88.95101498981624,88.95101498981624,88.95101498981624
solana,2026-03-07,84.7320068085851,46009601714.19404,3251870628.3769007,293.31,0.500801,84.7320068085851,84.7320068085851,84.7320068085851,84.7320068085851
solana,2026-03-08,83.62301487964194,45407417499.7897,1580950613.9177022,293.31,0.500801,83.62301487964194,83.62301487964194,83.62301487964194,83.62301487964194
solana,2026-03-09,81.88428957123448,44463287153.497574,2208640247.671016,293.31,0.500801,81.88428957123448,81.88428957123448,81.88428957123448,81.88428957123448
solana,2026-03-10,85.02093175468558,46166488375.98889,3585116821.4926686,293.31,0.500801,85.02093175468558,85.02093175468558,85.02093175468558,85.02093175468558
solana,2026-03-11,85.89560657695257,46641438064.04302,3570833376.9279113,293.31,0.500801,85.89560657695257,85.89560657695257,85.89560657695257,85.89560657695257
solana,2026-03-12,86.5581504342351,49434560307.47968,3283452722.5431256,293.31,0.500801,86.5581504342351,86.5581504342351,86.5581504342351,86.5581504342351
solana,2026-03-13,86.91319465805584,49637497208.5159,3013293341.64403,293.31,0.500801,86.91319465805584,86.91319465805584,86.91319465805584,86.91319465805584
solana,2026-03-14,88.13547874972527,50346167304.84724,4585739574.92884,293.31,0.500801,88.13547874972527,88.13547874972527,88.13547874972527,88.13547874972527
solana,2026-03-15,88.22402192508966,50396679560.88358,1624975313.6578467,293.31,0.500801,88.22402192508966,88.22402192508966,88.22402192508966,88.22402192508966
solana,2026-03-16,92.84245908141786,53046073672.589714,2726424649.5209336,293.31,0.500801,92.84245908141786,92.84245908141786,92.84245908141786,92.84245908141786
solana,2026-03-17,95.89308559272592,54788991789.75197,5388386423.087694,293.31,0.500801,95.89308559272592,95.89308559272592,95.89308559272592,95.89308559272592
solana,2026-03-18,94.88825668690211,54223681268.91809,3321594711.3420515,293.31,0.500801,94.88825668690211,94.88825668690211,94.88825668690211,94.88825668690211
solana,2026-03-19,90.115544198641,51496257916.80628,3358551411.7335477,293.31,0.500801,90.115544198641,90.115544198641,90.115544198641,90.115544198641
solana,2026-03-20,89.13814377366043,50948462318.6077,2822284050.9672275,293.31,0.500801,89.13814377366043,89.13814377366043,89.13814377366043,89.13814377366043
solana,2026-03-21,89.88102391501674,51372979186.803825,2350200908.3402796,293.31,0.500801,89.88102391501674,89.88102391501674,89.88102391501674,89.88102391501674
solana,2026-03-22,86.94066815337234,49731542780.14101,1479429609.2274296,293.31,0.500801,86.94066815337234,86.94066815337234,86.94066815337234,86.94066815337234
solana,2026-03-23,86.51000589698566,49485135094.03831,2176702533.7310886,293.31,0.500801,86.51000589698566,86.51000589698566,86.51000589698566,86.51000589698566
solana,2026-03-24,91.61995872641151,52419147728.25777,4530300909.258156,293.31,0.500801,91.61995872641151,91.61995872641151,91.61995872641151,91.61995872641151
solana,2026-03-25,90.95642493892578,52039471567.11099,3170314769.040441,293.31,0.500801,90.95642493892578,90.95642493892578,90.95642493892578,90.95642493892578
solana,2026-03-26,91.79638934133811,52531083589.53271,2898547007.065902,293.31,0.500801,91.79638934133811,91.79638934133811,91.79638934133811,91.79638934133811
solana,2026-03-27,86.56000919831459,49534466773.867714,3350563874.8767858,293.31,0.500801,86.56000919831459,86.56000919831459,86.56000919831459,86.56000919831459
solana,2026-03-28,83.00571325553047,47510477612.918015,2897358735.4617996,293.31,0.500801,83.00571325553047,83.00571325553047,83.00571325553047,83.00571325553047
solana,2026-03-29,82.1077280474731,46996435735.554955,1780975469.74778,293.31,0.500801,82.1077280474731,82.1077280474731,82.1077280474731,82.1077280474731
solana,2026-03-30,81.38667344193283,46593513708.730415,1785841210.682829,293.31,0.500801,81.38667344193283,81.38667344193283,81.38667344193283,81.38667344193283
solana,2026-03-31,82.4461259589699,47209984898.48518,2926493936.450751,293.31,0.500801,82.4461259589699,82.4461259589699,82.4461259589699,82.4461259589699
solana,2026-04-01,83.03928802068708,47549222493.60331,3843275870.1548357,293.31,0.500801,83.03928802068708,83.03928802068708,83.03928802068708,83.03928802068708
solana,2026-04-02,85.18642438724109,48788935091.57593,41398428466136.67,293.31,0.500801,85.18642438724109,85.18642438724109,85.18642438724109,85.18642438724109
solana,2026-04-03,82.437047307973,47214172408.702614,38910683731202.7,293.31,0.500801,82.437047307973,82.437047307973,82.437047307973,82.437047307973
solana,2026-04-04,84.3168919305744,48300939046.34654,40609304156642.836,293.31,0.500801,84.3168919305744,84.3168919305744,84.3168919305744,84.3168919305744
solana,2026-04-05,84.11954370483632,48187816986.598854,40511891033461.28,293.31,0.500801,84.11954370483632,84.11954370483632,84.11954370483632,84.11954370483632
solana,2026-04-06,85.7459920068651,49129818765.33292,42086370115044.89,293.31,0.500801,85.7459920068651,85.7459920068651,85.7459920068651,85.7459920068651
solana,2026-04-07,83.3997813478326,47785440050.42474,39818256142676.484,293.31,0.500801,83.3997813478326,83.3997813478326,83.3997813478326,83.3997813478326
solana,2026-04-08,89.76502439558917,51499102378.61944,46075926783538.84,293.31,0.500801,89.76502439558917,89.76502439558917,89.76502439558917,89.76502439558917
solana,2026-04-09,87.080880130839,49959113828.15498,43093757052284.54,293.31,0.500801,87.080880130839,87.080880130839,87.080880130839,87.080880130839
solana,2026-04-10,87.42960016778983,50202448736.64058,43528782532995.34,293.31,0.500801,87.42960016778983,87.42960016778983,87.42960016778983,87.42960016778983
solana,2026-04-11,84.80770646580707,48696878247.81551,2618591191.307525,293.31,0.500801,84.80770646580707,84.80770646580707,84.80770646580707,84.80770646580707
solana,2026-04-12,84.93208356676055,48795340782.55074,1943834617.081766,293.31,0.500801,84.93208356676055,84.93208356676055,84.93208356676055,84.93208356676055
solana,2026-04-13,81.48683233639147,46815848907.80186,2471128962.045342,293.31,0.500801,81.48683233639147,81.48683233639147,81.48683233639147,81.48683233639147
solana,2026-04-14,86.63567521441236,49827800538.465256,3544380401.3407874,293.31,0.500801,86.63567521441236,86.63567521441236,86.63567521441236,86.63567521441236
solana,2026-04-15,83.81940155901538,48208009343.07264,3844815230.2022886,293.31,0.500801,83.81940155901538,83.81940155901538,83.81940155901538,83.81940155901538
solana,2026-04-16,84.96031849144572,48874425102.75045,3043575779.7096267,293.31,0.500801,84.96031849144572,84.96031849144572,84.96031849144572,84.96031849144572
solana,2026-04-17,89.09592877870321,51253401433.360306,4624942331.944383,293.31,0.500801,89.09592877870321,89.09592877870321,89.09592877870321,89.09592877870321
solana,2026-04-18,88.8299708972434,51111348386.52539,4722752026.939967,293.31,0.500801,88.8299708972434,88.8299708972434,88.8299708972434,88.8299708972434
solana,2026-04-19,86.16588217188954,49578415080.402885,2341611238.654498,293.31,0.500801,86.16588217188954,86.16588217188954,86.16588217188954,86.16588217188954
solana,2026-04-20,83.50924821523091,48059854719.96748,3151480518.597618,293.31,0.500801,83.50924821523091,83.50924821523091,83.50924821523091,83.50924821523091
solana,2026-04-21,85.29408341135965,49086699741.08373,3014295276.3909736,293.31,0.500801,85.29408341135965,85.29408341135965,85.29408341135965,85.29408341135965
solana,2026-04-22,86.0424364200775,49527215356.480316,2841022289.3137155,293.31,0.500801,86.0424364200775,86.0424364200775,86.0424364200775,86.0424364200775
solana,2026-04-23,86.93158314182028,50038959763.30059,3681060057.3556414,293.31,0.500801,86.93158314182028,86.93158314182028,86.93158314182028,86.93158314182028
solana,2026-04-24,86.14014927124724,49593694327.42262,3405122001.8538017,293.31,0.500801,86.14014927124724,86.14014927124724,86.14014927124724,86.14014927124724
solana,2026-04-25,86.2185542154086,49638775445.893486,2529886353.5736837,293.31,0.500801,86.2185542154086,86.2185542154086,86.2185542154086,86.2185542154086
solana,2026-04-26,86.19672544782625,49636500832.03544,1413712735.37589,293.31,0.500801,86.19672544782625,86.19672544782625,86.19672544782625,86.19672544782625
solana,2026-04-27,86.93731595191888,50062941610.94229,1868945015.0480602,293.31,0.500801,86.93731595191888,86.93731595191888,86.93731595191888,86.93731595191888
solana,2026-04-28,84.80959100944631,48847818997.7966,3484408439.2064266,293.31,0.500801,84.80959100944631,84.80959100944631,84.80959100944631,84.80959100944631
solana,2026-04-29,84.04602358960982,48407965319.16434,2075922638.2743492,293.31,0.500801,84.04602358960982,84.04602358960982,84.04602358960982,84.04602358960982
solana,2026-04-30,83.03560020545386,47835882539.81709,3235582966.261207,293.31,0.500801,83.03560020545386,83.03560020545386,83.03560020545386,83.03560020545386
solana,2026-05-01,83.03995075848528,47838414812.83662,2181923850.393772,293.31,0.500801,83.03995075848528,83.03995075848528,83.03995075848528,83.03995075848528
solana,2026-05-02,83.74516060974149,48254656958.929955,2305571943.760922,293.31,0.500801,83.74516060974149,83.74516060974149,83.74516060974149,83.74516060974149
solana,2026-05-03,84.2627584319434,48552845675.145065,1375048416.1808488,293.31,0.500801,84.2627584319434,84.2627584319434,84.2627584319434,84.2627584319434
solana,2026-05-04,83.84166473387728,48320196351.68198,1597293266.3711183,293.31,0.500801,83.84166473387728,83.84166473387728,83.84166473387728,83.84166473387728
solana,2026-05-05,84.08449536741543,48461394880.95341,3840959709.846781,293.31,0.500801,84.08449536741543,84.08449536741543,84.08449536741543,84.08449536741543
solana,2026-05-06,86.30486668344513,49751361250.83286,3077251989.2224164,293.31,0.500801,86.30486668344513,86.30486668344513,86.30486668344513,86.30486668344513
solana,2026-05-07,89.16544229478262,51455846557.342415,4199644241.7965374,293.31,0.500801,89.16544229478262,89.16544229478262,89.16544229478262,89.16544229478262
solana,2026-05-08,88.43226804224953,51065376438.25551,3332245927.3137703,293.31,0.500801,88.43226804224953,88.43226804224953,88.43226804224953,88.43226804224953
solana,2026-05-09,92.0051901272934,53128500752.90563,3134931062.2289386,293.31,0.500801,92.0051901272934,92.0051901272934,92.0051901272934,92.0051901272934
solana,2026-05-10,93.14241861919785,53796277053.354004,2407127969.552507,293.31,0.500801,93.14241861919785,93.14241861919785,93.14241861919785,93.14241861919785
solana,2026-05-11,96.4109436575395,55703224803.12754,3365784069.7796283,293.31,0.500801,96.4109436575395,96.4109436575395,96.4109436575395,96.4109436575395
solana,2026-05-12,97.25241253260013,56200529585.75877,3936350539.431638,293.31,0.500801,97.25241253260013,97.25241253260013,97.25241253260013,97.25241253260013
solana,2026-05-13,94.28512370471019,54485740173.64158,3098742218.596507,293.31,0.500801,94.28512370471019,94.28512370471019,94.28512370471019,94.28512370471019
solana,2026-05-14,91.1181109418428,52666402722.11666,3804961851.389205,293.31,0.500801,91.1181109418428,91.1181109418428,91.1181109418428,91.1181109418428
solana,2026-05-15,92.1198653434353,53245353976.39248,3157527587.7603483,293.31,0.500801,92.1198653434353,92.1198653434353,92.1198653434353,92.1198653434353
solana,2026-05-16,89.1991049638626,51567749435.05415,3139614222.0758076,293.31,0.500801,89.1991049638626,89.1991049638626,89.1991049638626,89.1991049638626
solana,2026-05-17,86.51689163386662,50020847754.36175,2226027321.776885,293.31,0.500801,86.51689163386662,86.51689163386662,86.51689163386662,86.51689163386662
solana,2026-05-18,85.18280454864586,49259649751.012146,2078511223.494443,293.31,0.500801,85.18280454864586,85.18280454864586,85.18280454864586,85.18280454864586
solana,2026-05-19,85.31915788905131,49338196528.99009,3024966669.1147256,293.31,0.500801,85.31915788905131,85.31915788905131,85.31915788905131,85.31915788905131
solana,2026-05-20,84.19081048342706,48644638281.941505,1962507417.4536889,293.31,0.500801,84.19081048342706,84.19081048342706,84.19081048342706,84.19081048342706
solana,2026-05-21,86.05865859618997,49730056480.28202,2729370842.8552046,293.31,0.500801,86.05865859618997,86.05865859618997,86.05865859618997,86.05865859618997
solana,2026-05-22,87.17389465455327,50384858258.00716,3190400613.696502,293.31,0.500801,87.17389465455327,87.17389465455327,87.17389465455327,87.17389465455327
solana,2026-05-23,84.31186681406471,48730601507.600945,2571403589.386439,293.31,0.500801,84.31186681406471,84.31186681406471,84.31186681406471,84.31186681406471
solana,2026-05-24,85.6707931191255,49526223443.17703,3286970015.1963525,293.31,0.500801,85.6707931191255,85.6707931191255,85.6707931191255,85.6707931191255
solana,2026-05-25,85.22303380051963,49267316580.51776,2299313017.9576964,293.31,0.500801,85.22303380051963,85.22303380051963,85.22303380051963,85.22303380051963
solana,2026-05-26,84.97682971506052,49135057185.50831,1803658756.1874142,293.31,0.500801,84.97682971506052,84.97682971506052,84.97682971506052,84.97682971506052
solana,2026-05-27,83.66751400447032,48378632579.133644,2554928810.7284603,293.31,0.500801,83.66751400447032,83.66751400447032,83.66751400447032,83.66751400447032
solana,2026-05-28,82.33204554881856,47616199394.08051,2299355218.816243,293.31,0.500801,82.33204554881856,82.33204554881856,82.33204554881856,82.33204554881856
solana,2026-05-29,82.0439463262634,47448837599.658295,2658713917.7802296,293.31,0.500801,82.0439463262634,82.0439463262634,82.0439463262634,82.0439463262634
solana,2026-05-30,81.9770412126185,47419837877.91925,2377985277.4282727,293.31,0.500801,81.9770412126185,81.9770412126185,81.9770412126185,81.9770412126185
solana,2026-05-31,82.68649732797877,47830171320.03477,1377376877.9563878,293.31,0.500801,82.68649732797877,82.68649732797877,82.68649732797877,82.68649732797877
solana,2026-06-01,82.33762528669455,47638112086.279015,1344660031.4575894,293.31,0.500801,82.33762528669455,82.33762528669455,82.33762528669455,82.33762528669455
solana,2026-06-02,81.16096271852808,46937390243.63532,2750502933.2222457,293.31,0.500801,81.16096271852808,81.16096271852808,81.16096271852808,81.16096271852808
solana,2026-06-03,74.13901501343945,42885187245.11338,3680255553.8008966,293.31,0.500801,74.13901501343945,74.13901501343945,74.13901501343945,74.13901501343945
solana,2026-06-04,71.5436851656655,41383885800.11384,3696685803.9439883,293.31,0.500801,71.5436851656655,71.5436851656655,71.5436851656655,71.5436851656655
solana,2026-06-05,68.81086787182636,39811227259.98783,5064102121.535027,293.31,0.500801,68.81086787182636,68.81086787182636,68.81086787182636,68.81086787182636
solana,2026-06-06,63.63313109112329,36815546115.86572,6676438823.787654,293.31,0.500801,63.63313109112329,63.63313109112329,63.63313109112329,63.63313109112329
solana,2026-06-07,62.17918349826299,35981679210.05437,3577863213.6780424,293.31,0.500801,62.17918349826299,62.17918349826299,62.17918349826299,62.17918349826299
solana,2026-06-08,66.42475751544987,38480144220.633545,3136535778.934595,293.31,0.500801,66.42475751544987,66.42475751544987,66.42475751544987,66.42475751544987
solana,2026-06-09,66.80256146212376,38706889898.17908,3165296761.7515407,293.31,0.500801,66.80256146212376,66.80256146212376,66.80256146212376,66.80256146212376
solana,2026-06-10,64.9237603504689,37616147035.943245,2984743786.127204,293.31,0.500801,64.9237603504689,64.9237603504689,64.9237603504689,64.9237603504689
solana,2026-06-11,63.18212175433404,36614496967.74654,2915668831.8778567,293.31,0.500801,63.18212175433404,63.18212175433404,63.18212175433404,63.18212175433404
solana,2026-06-12,66.81660398292856,38734037859.60971,2800664428.8383875,293.31,0.500801,66.81660398292856,66.81660398292856,66.81660398292856,66.81660398292856
solana,2026-06-13,66.77674858898844,38718794394.00756,2667985489.0141864,293.31,0.500801,66.77674858898844,66.77674858898844,66.77674858898844,66.77674858898844
solana,2026-06-14,68.87994920794057,39938235528.10983,1570972400.7552242,293.31,0.500801,68.87994920794057,68.87994920794057,68.87994920794057,68.87994920794057
solana,2026-06-15,71.21816957667109,41302375511.16598,1787610919.2006843,293.31,0.500801,71.21816957667109,71.21816957667109,71.21816957667109,71.21816957667109
solana,2026-06-16,73.9490661555558,42886081046.16554,3029066101.9198065,293.31,0.500801,73.9490661555558,73.9490661555558,73.9490661555558,73.9490661555558
solana,2026-06-17,73.4631155495267,42612895578.23611,2333870477.2213845,293.31,0.500801,73.4631155495267,73.4631155495267,73.4631155495267,73.4631155495267
solana,2026-06-18,71.98435089991071,41754973369.46756,2718013844.532121,293.31,0.500801,71.98435089991071,71.98435089991071,71.98435089991071,71.98435089991071
solana,2026-06-19,69.64875448394535,40408399128.20716,2477277075.7462106,293.31,0.500801,69.64875448394535,69.64875448394535,69.64875448394535,69.64875448394535
solana,2026-06-20,69.67510636134296,40423637128.5939,1944665336.4723547,293.31,0.500801,69.67510636134296,69.67510636134296,69.67510636134296,69.67510636134296
solana,2026-06-21,73.18000530963474,42465706434.49679,2276338717.7167253,293.31,0.500801,73.18000530963474,73.18000530963474,73.18000530963474,73.18000530963474
solana,2026-06-22,72.42261496688492,42026125560.66186,2052347755.8736546,293.31,0.500801,72.42261496688492,72.42261496688492,72.42261496688492,72.42261496688492
solana,2026-06-23,71.84825365060954,41701275965.356384,2564318280.8954406,293.31,0.500801,71.84825365060954,71.84825365060954,71.84825365060954,71.84825365060954
solana,2026-06-24,69.6086375465547,40400963779.9402,2237316369.5899425,293.31,0.500801,69.6086375465547,69.6086375465547,69.6086375465547,69.6086375465547
solana,2026-06-25,67.94878023470052,39445550402.63168,3263229987.707027,293.31,0.500801,67.94878023470052,67.94878023470052,67.94878023470052,67.94878023470052
solana,2026-06-26,67.63197484567073,39261589126.28676,3481478952.3798857,293.31,0.500801,67.63197484567073,67.63197484567073,67.63197484567073,67.63197484567073
solana,2026-06-27,71.81424446301368,41697905662.04016,4562551012.342848,293.31,0.500801,71.81424446301368,71.81424446301368,71.81424446301368,71.81424446301368
solana,2026-06-28,70.40481823828176,40879492017.40393,1858983984.0053177,293.31,0.500801,70.40481823828176,70.40481823828176,70.40481823828176,70.40481823828176
solana,2026-06-29,71.2724585453322,41391613578.902794,1815015636.4389396,293.31,0.500801,71.2724585453322,71.2724585453322,71.2724585453322,71.2724585453322
solana,2026-06-30,75.01499688974292,43566231846.29124,4222616480.428232,293.31,0.500801,75.01499688974292,75.01499688974292,75.01499688974292,75.01499688974292
solana,2026-07-01,73.56481907476494,42732612580.56446,2690535956.3937716,293.31,0.500801,73.56481907476494,73.56481907476494,73.56481907476494,73.56481907476494
solana,2026-07-02,77.36147682738353,44939092000.96649,3754552448.9840846,293.31,0.500801,77.36147682738353,77.36147682738353,77.36147682738353,77.36147682738353
solana,2026-07-03,80.61965067731505,46841180219.067215,3887626249.521208,293.31,0.500801,80.61965067731505,80.61965067731505,80.61965067731505,80.61965067731505
solana,2026-07-04,82.29123076434712,47812330484.64846,2062341004.3981605,293.31,0.500801,82.29123076434712,82.29123076434712,82.29123076434712,82.29123076434712
solana,2026-07-05,81.70349684813986,47480391856.62143,2002372603.9912698,293.31,0.500801,81.70349684813986,81.70349684813986,81.70349684813986,81.70349684813986
solana,2026-07-06,81.51563065259701,47371157650.909485,1690405895.2732563,293.31,0.500801,81.51563065259701,81.51563065259701,81.51563065259701,81.51563065259701
solana,2026-07-07,81.88843062284806,47597380143.591705,2617314582.434274,293.31,0.500801,81.88843062284806,81.88843062284806,81.88843062284806,81.88843062284806
solana,2026-07-08,80.58601402999597,46877949813.676575,2163625524.631806,293.31,0.500801,80.58601402999597,80.58601402999597,80.58601402999597,80.58601402999597
solana,2026-07-09,77.78886312209272,45259937301.13004,2347806059.4267416,293.31,0.500801,77.78886312209272,77.78886312209272,77.78886312209272,77.78886312209272
solana,2026-07-10,77.99219264415099,45378842482.56204,1631018066.1333897,293.31,0.500801,77.99219264415099,77.99219264415099,77.99219264415099,77.99219264415099
solana,2026-07-11,78.06878587097549,45432531655.03275,1914269300.4583545,293.31,0.500801,78.06878587097549,78.06878587097549,78.06878587097549,78.06878587097549
solana,2026-07-12,76.71562325891836,44660479258.80964,1308043425.3729627,293.31,0.500801,76.71562325891836,76.71562325891836,76.71562325891836,76.71562325891836
solana,2026-07-13,76.86985248774823,44759250763.392586,1265493143.236287,293.31,0.500801,76.86985248774823,76.86985248774823,76.86985248774823,76.86985248774823
solana,2026-07-14,74.93128320593416,43630417252.56394,1783620278.6555724,293.31,0.500801,74.93128320593416,74.93128320593416,74.93128320593416,74.93128320593416
solana,2026-07-15,77.80864772344317,45316534903.23006,1989092377.0496368,293.31,0.500801,77.80864772344317,77.80864772344317,77.80864772344317,77.80864772344317
solana,2026-07-16,77.23864761387213,44984526776.86344,1999993344.3857157,293.31,0.500801,77.23864761387213,77.23864761387213,77.23864761387213,77.23864761387213
solana,2026-07-17,75.26924720120745,43845679077.281105,1729323923.3697355,293.31,0.500801,75.26924720120745,75.26924720120745,75.26924720120745,75.26924720120745
solana,2026-07-18,75.00200273777084,43689926142.810616,1610029431.7482316,293.31,0.500801,75.00200273777084,75.00200273777084,75.00200273777084,75.00200273777084
solana,2026-07-19,75.48105541148355,43977792651.52891,922299097.9510707,293.31,0.500801,75.48105541148355,75.48105541148355,75.48105541148355,75.48105541148355
solana,2026-07-20,76.311803624947,44461747413.47417,1278086721.6860094,293.31,0.500801,76.311803624947,76.311803624947,76.311803624947,76.311803624947
solana,2026-07-21,77.74886056354681,45308077986.08869,2112385884.318784,293.31,0.500801,77.74886056354681,77.74886056354681,77.74886056354681,77.74886056354681
solana,2026-07-22,78.08824475788602,45505856670.67133,1539454721.505869,293.31,0.500801,78.08824475788602,78.08824475788602,78.08824475788602,78.08824475788602
solana,2026-07-23,77.93926390412061,45428158754.7264,1650751334.383584,293.31,0.500801,77.93926390412061,77.93926390412061,77.93926390412061,77.93926390412061
solana,2026-07-24,75.7639067086523,44160145869.81374,1547170503.9589038,293.31,0.500801,75.7639067086523,75.7639067086523,75.7639067086523,75.7639067086523
solana,2026-07-25,73.92669024333507,43089086245.25302,1586542762.8682783,293.31,0.500801,73.92669024333507,73.92669024333507,73.92669024333507,73.92669024333507
solana,2026-07-26,74.46821345207313,43413401849.0589,926190926.4020247,293.31,0.500801,74.46821345207313,74.46821345207313,74.46821345207313,74.46821345207313
tron,2025-07-29,0.32197940740513614,30492009535.039345,2297951057.021685,0.431288,0.00180434,0.32197940740513614,0.32197940740513614,0.32197940740513614,0.32197940740513614
tron,2025-07-30,0.33799756736772685,32016131587.28207,3258556845.3555946,0.431288,0.00180434,0.33799756736772685,0.33799756736772685,0.33799756736772685,0.33799756736772685
tron,2025-07-31,0.32751523910284264,31036574886.56285,1770687063.9735205,0.431288,0.00180434,0.32751523910284264,0.32751523910284264,0.32751523910284264,0.32751523910284264
tron,2025-08-01,0.3247955372550193,30763861358.95923,1039134531.0819448,0.431288,0.00180434,0.3247955372550193,0.3247955372550193,0.3247955372550193,0.3247955372550193
tron,2025-08-02,0.3234221576608651,30642159429.356827,1820892646.87425,0.431288,0.00180434,0.3234221576608651,0.3234221576608651,0.3234221576608651,0.3234221576608651
tron,2025-08-03,0.32189344490959987,30485292892.07892,1393285883.579192,0.431288,0.00180434,0.32189344490959987,0.32189344490959987,0.32189344490959987,0.32189344490959987
tron,2025-08-04,0.3274240282477325,31016363293.804832,789729394.313689,0.431288,0.00180434,0.3274240282477325,0.3274240282477325,0.3274240282477325,0.3274240282477325
tron,2025-08-05,0.3328199881969316,31528718608.62242,669894147.1968697,0.431288,0.00180434,0.3328199881969316,0.3328199881969316,0.3328199881969316,0.3328199881969316
tron,2025-08-06,0.3335545412285529,31588595455.70108,924801657.6268024,0.431288,0.00180434,0.3335545412285529,0.3335545412285529,0.3335545412285529,0.3335545412285529
tron,2025-08-07,0.33695851078912514,31936188154.881474,873825846.0551761,0.431288,0.00180434,0.33695851078912514,0.33695851078912514,0.33695851078912514,0.33695851078912514
tron,2025-08-08,0.3384524110318897,32051558790.976185,922432662.5075548,0.431288,0.00180434,0.3384524110318897,0.3384524110318897,0.3384524110318897,0.3384524110318897
tron,2025-08-09,0.3378453800931156,31996581369.80685,1078240512.3171432,0.431288,0.00180434,0.3378453800931156,0.3378453800931156,0.3378453800931156,0.3378453800931156
tron,2025-08-10,0.3352125748574284,31744475585.247807,554813451.050687,0.431288,0.00180434,0.3352125748574284,0.3352125748574284,0.3352125748574284,0.3352125748574284
tron,2025-08-11,0.3382668572266807,32032956284.164062,802899240.6485897,0.431288,0.00180434,0.3382668572266807,0.3382668572266807,0.3382668572266807,0.3382668572266807
tron,2025-08-12,0.3450072605175481,32665818011.474407,939990570.3858368,0.431288,0.00180434,0.3450072605175481,0.3450072605175481,0.3450072605175481,0.3450072605175481
tron,2025-08-13,0.352320237711325,33365918599.05781,1236466989.0313585,0.431288,0.00180434,0.352320237711325,0.352320237711325,0.352320237711325,0.352320237711325
tron,2025-08-14,0.3621457559276987,34298609704.02087,1375391089.4180856,0.431288,0.00180434,0.3621457559276987,0.3621457559276987,0.3621457559276987,0.3621457559276987
tron,2025-08-15,0.35803146513980666,33924244276.489403,2464193299.284023,0.431288,0.00180434,0.35803146513980666,0.35803146513980666,0.35803146513980666,0.35803146513980666
tron,2025-08-16,0.3524498488564719,33370938774.824818,1794996043.4054768,0.431288,0.00180434,0.3524498488564719,0.3524498488564719,0.3524498488564719,0.3524498488564719
tron,2025-08-17,0.34805431297064693,32953954486.92327,1036273080.9655992,0.431288,0.00180434,0.34805431297064693,0.34805431297064693,0.34805431297064693,0.34805431297064693
tron,2025-08-18,0.3538145265927028,33503843070.782597,889950133.85987,0.431288,0.00180434,0.3538145265927028,0.3538145265927028,0.3538145265927028,0.3538145265927028
tron,2025-08-19,0.35075716463719236,33177350582.978912,1137435559.925202,0.431288,0.00180434,0.35075716463719236,0.35075716463719236,0.35075716463719236,0.35075716463719236
tron,2025-08-20,0.3476900528995899,32959646921.080605,1259374707.3639276,0.431288,0.00180434,0.3476900528995899,0.3476900528995899,0.3476900528995899,0.3476900528995899
tron,2025-08-21,0.35439335505376063,33543708030.71824,1179719173.1145988,0.431288,0.00180434,0.35439335505376063,0.35439335505376063,0.35439335505376063,0.35439335505376063
tron,2025-08-22,0.35360288998373557,33463035380.435135,1071419455.7904274,0.431288,0.00180434,0.35360288998373557,0.35360288998373557,0.35360288998373557,0.35360288998373557
tron,2025-08-23,0.3664488967483419,34691010992.40124,1388207541.91909,0.431288,0.00180434,0.3664488967483419,0.3664488967483419,0.3664488967483419,0.3664488967483419
tron,2025-08-24,0.3623777391862302,34305046638.937138,873989429.4942244,0.431288,0.00180434,0.3623777391862302,0.3623777391862302,0.3623777391862302,0.3623777391862302
tron,2025-08-25,0.3614487060113886,34226321021.183548,1122032347.602688,0.431288,0.00180434,0.3614487060113886,0.3614487060113886,0.3614487060113886,0.3614487060113886
tron,2025-08-26,0.3415195933836902,32373947158.429348,1614021068.290238,0.431288,0.00180434,0.3415195933836902,0.3415195933836902,0.3415195933836902,0.3415195933836902
tron,2025-08-27,0.35179775932491486,33306051275.83271,1248804193.1758049,0.431288,0.00180434,0.35179775932491486,0.35179775932491486,0.35179775932491486,0.35179775932491486
tron,2025-08-28,0.3451130798005594,32665415845.785473,953757234.5196098,0.431288,0.00180434,0.3451130798005594,0.3451130798005594,0.3451130798005594,0.3451130798005594
tron,2025-08-29,0.34490296054975794,32647362429.095173,721128476.1793143,0.431288,0.00180434,0.34490296054975794,0.34490296054975794,0.34490296054975794,0.34490296054975794
tron,2025-08-30,0.33869889542379933,32072710423.212452,1101719781.9732978,0.431288,0.00180434,0.33869889542379933,0.33869889542379933,0.33869889542379933,0.33869889542379933
tron,2025-08-31,0.339224711584193,32105094395.359325,483754243.6304631,0.431288,0.00180434,0.339224711584193,0.339224711584193,0.339224711584193,0.339224711584193
tron,2025-09-01,0.34074941937888786,32260403836.201893,461887955.3957068,0.431288,0.00180434,0.34074941937888786,0.34074941937888786,0.34074941937888786,0.34074941937888786
tron,2025-09-02,0.33719142832102955,31912675379.485,912740995.845853,0.431288,0.00180434,0.33719142832102955,0.33719142832102955,0.33719142832102955,0.33719142832102955
tron,2025-09-03,0.33784133748916706,31987953323.77521,874443240.453293,0.431288,0.00180434,0.33784133748916706,0.33784133748916706,0.33784133748916706,0.33784133748916706
tron,2025-09-04,0.3406847106676386,32249702914.084877,607980462.9191822,0.431288,0.00180434,0.3406847106676386,0.3406847106676386,0.3406847106676386,0.3406847106676386
tron,2025-09-05,0.33458979188921995,31674599108.62409,726361389.5271686,0.431288,0.00180434,0.33458979188921995,0.33458979188921995,0.33458979188921995,0.33458979188921995
tron,2025-09-06,0.33124872278348816,31355118336.024952,930135660.3942546,0.431288,0.00180434,0.33124872278348816,0.33124872278348816,0.33124872278348816,0.33124872278348816
tron,2025-09-07,0.31447283037643586,29787556080.784073,1249473661.7914877,0.431288,0.00180434,0.31447283037643586,0.31447283037643586,0.31447283037643586,0.31447283037643586
tron,2025-09-08,0.3309742533878931,31313726935.339016,1536001232.5896606,0.431288,0.00180434,0.3309742533878931,0.3309742533878931,0.3309742533878931,0.3309742533878931
tron,2025-09-09,0.3312789392534667,31357947470.295055,739130327.8834074,0.431288,0.00180434,0.3312789392534667,0.3312789392534667,0.3312789392534667,0.3312789392534667
tron,2025-09-10,0.3349885086692084,31712061103.887432,891735995.5802183,0.431288,0.00180434,0.3349885086692084,0.3349885086692084,0.3349885086692084,0.3349885086692084
tron,2025-09-11,0.33839662041682944,32052765745.56422,587646057.8595027,0.431288,0.00180434,0.33839662041682944,0.33839662041682944,0.33839662041682944,0.33839662041682944
tron,2025-09-12,0.3463473139045179,32786327800.003475,847465469.8802907,0.431288,0.00180434,0.3463473139045179,0.3463473139045179,0.3463473139045179,0.3463473139045179
tron,2025-09-13,0.3526064341959566,33372903841.60721,745441006.5378333,0.431288,0.00180434,0.3526064341959566,0.3526064341959566,0.3526064341959566,0.3526064341959566
tron,2025-09-14,0.34982644168837707,33115861525.09681,661273179.5090145,0.431288,0.00180434,0.34982644168837707,0.34982644168837707,0.34982644168837707,0.34982644168837707
tron,2025-09-15,0.3485180553724296,32982278451.149216,571292734.3663191,0.431288,0.00180434,0.3485180553724296,0.3485180553724296,0.3485180553724296,0.3485180553724296
tron,2025-09-16,0.34474316190393445,32633564966.934227,815120586.297047,0.431288,0.00180434,0.34474316190393445,0.34474316190393445,0.34474316190393445,0.34474316190393445
tron,2025-09-17,0.34236643629438024,32399750416.981144,722524922.9380345,0.431288,0.00180434,0.34236643629438024,0.34236643629438024,0.34236643629438024,0.34236643629438024
tron,2025-09-18,0.3433048043574571,32504212167.70783,872955115.277572,0.431288,0.00180434,0.3433048043574571,0.3433048043574571,0.3433048043574571,0.3433048043574571
tron,2025-09-19,0.35054627107007097,33180664213.449276,841857536.5565733,0.431288,0.00180434,0.35054627107007097,0.35054627107007097,0.35054627107007097,0.35054627107007097
tron,2025-09-20,0.3438398446249267,32546813148.452324,805021672.7639378,0.431288,0.00180434,0.3438398446249267,0.3438398446249267,0.3438398446249267,0.3438398446249267
tron,2025-09-21,0.3467582434531691,32825730260.330185,620833703.5914456,0.431288,0.00180434,0.3467582434531691,0.3467582434531691,0.3467582434531691,0.3467582434531691
tron,2025-09-22,0.3427021212157226,32441675209.435387,545692775.1296768,0.431288,0.00180434,0.3427021212157226,0.3427021212157226,0.3427021212157226,0.3427021212157226
tron,2025-09-23,0.3400797798565286,32184159088.127876,1189047576.8810525,0.431288,0.00180434,0.3400797798565286,0.3400797798565286,0.3400797798565286,0.3400797798565286
tron,2025-09-24,0.33605570384003874,31821116145.258877,741167477.4192152,0.431288,0.00180434,0.33605570384003874,0.33605570384003874,0.33605570384003874,0.33605570384003874
tron,2025-09-25,0.33823128867304963,32022580258.95423,590025216.959531,0.431288,0.00180434,0.33823128867304963,0.33823128867304963,0.33823128867304963,0.33823128867304963
tron,2025-09-26,0.3323954668119269,31421817426.056248,974615226.7639576,0.431288,0.00180434,0.3323954668119269,0.3323954668119269,0.3323954668119269,0.3323954668119269
tron,2025-09-27,0.33839102858223113,32038610717.639713,723728058.0703739,0.431288,0.00180434,0.33839102858223113,0.33839102858223113,0.33839102858223113,0.33839102858223113
tron,2025-09-28,0.33679618383552995,31883678661.910313,403135286.13582903,0.431288,0.00180434,0.33679618383552995,0.33679618383552995,0.33679618383552995,0.33679618383552995
tron,2025-09-29,0.3356183726581062,31780245072.81712,362602123.70920455,0.431288,0.00180434,0.3356183726581062,0.3356183726581062,0.3356183726581062,0.3356183726581062
tron,2025-09-30,0.33686051095659064,31901443549.995956,495388266.48076874,0.431288,0.00180434,0.33686051095659064,0.33686051095659064,0.33686051095659064,0.33686051095659064
tron,2025-10-01,0.3334952520389585,31574892099.050587,610595360.4242777,0.431288,0.00180434,0.3334952520389585,0.3334952520389585,0.3334952520389585,0.3334952520389585
tron,2025-10-02,0.34189004809511114,32356931979.31239,720021417.4712524,0.431288,0.00180434,0.34189004809511114,0.34189004809511114,0.34189004809511114,0.34189004809511114
tron,2025-10-03,0.3428064212134015,32476940790.737923,654859310.7828753,0.431288,0.00180434,0.3428064212134015,0.3428064212134015,0.3428064212134015,0.3428064212134015
tron,2025-10-04,0.34208592807205535,32383959926.481697,724409010.2048385,0.431288,0.00180434,0.34208592807205535,0.34208592807205535,0.34208592807205535,0.34208592807205535
tron,2025-10-05,0.34042509075949307,32230108327.225117,457886217.24804926,0.431288,0.00180434,0.34042509075949307,0.34042509075949307,0.34042509075949307,0.34042509075949307
tron,2025-10-06,0.34150612354725407,32316703384.28293,586740108.9498308,0.431288,0.00180434,0.34150612354725407,0.34150612354725407,0.34150612354725407,0.34150612354725407
tron,2025-10-07,0.3462146452187116,32776843562.926155,751716858.2509454,0.431288,0.00180434,0.3462146452187116,0.3462146452187116,0.3462146452187116,0.3462146452187116
tron,2025-10-08,0.3380184581819792,31997846544.851852,793311894.6458452,0.431288,0.00180434,0.3380184581819792,0.3380184581819792,0.3380184581819792,0.3380184581819792
tron,2025-10-09,0.3421465983089769,32389029377.33013,769453795.7696042,0.431288,0.00180434,0.3421465983089769,0.3421465983089769,0.3421465983089769,0.3421465983089769
tron,2025-10-10,0.3367636433634747,31848894640.62068,772329680.3147205,0.431288,0.00180434,0.3367636433634747,0.3367636433634747,0.3367636433634747,0.3367636433634747
tron,2025-10-11,0.3208053596232824,30383392489.19306,1535276051.3561127,0.431288,0.00180434,0.3208053596232824,0.3208053596232824,0.3208053596232824,0.3208053596232824
tron,2025-10-12,0.31457933942978245,29785512659.798264,1013015351.8122948,0.431288,0.00180434,0.31457933942978245,0.31457933942978245,0.31457933942978245,0.31457933942978245
tron,2025-10-13,0.3230383884051676,30574203126.666225,1007905978.8903648,0.431288,0.00180434,0.3230383884051676,0.3230383884051676,0.3230383884051676,0.3230383884051676
tron,2025-10-14,0.3228960320911472,30570220519.87979,805054217.6587402,0.431288,0.00180434,0.3228960320911472,0.3228960320911472,0.3228960320911472,0.3228960320911472
tron,2025-10-15,0.316964834120019,30003325835.50145,1364058070.2543523,0.431288,0.00180434,0.316964834120019,0.316964834120019,0.316964834120019,0.316964834120019
tron,2025-10-16,0.319400089531981,30235100226.7978,1021511114.9139588,0.431288,0.00180434,0.319400089531981,0.319400089531981,0.319400089531981,0.319400089531981
tron,2025-10-17,0.3157586034783986,29854457140.39254,1023022005.3807,0.431288,0.00180434,0.3157586034783986,0.3157586034783986,0.3157586034783986,0.3157586034783986
tron,2025-10-18,0.3091485920935105,29265097573.20476,1046453350.8102204,0.431288,0.00180434,0.3091485920935105,0.3091485920935105,0.3091485920935105,0.3091485920935105
tron,2025-10-19,0.3130988557888938,29640923106.030552,466935937.4444707,0.431288,0.00180434,0.3130988557888938,0.3130988557888938,0.3130988557888938,0.3130988557888938
tron,2025-10-20,0.3204496881304621,30329732658.29756,446457494.8692795,0.431288,0.00180434,0.3204496881304621,0.3204496881304621,0.3204496881304621,0.3204496881304621
tron,2025-10-21,0.3225931558853268,30547937263.061863,620909709.232884,0.431288,0.00180434,0.3225931558853268,0.3225931558853268,0.3225931558853268,0.3225931558853268
tron,2025-10-22,0.3218513900344061,30466322647.27376,782682318.0981947,0.431288,0.00180434,0.3218513900344061,0.3218513900344061,0.3218513900344061,0.3218513900344061
tron,2025-10-23,0.32234033526504524,30482019681.528233,1054002894.9138666,0.431288,0.00180434,0.32234033526504524,0.32234033526504524,0.32234033526504524,0.32234033526504524
tron,2025-10-24,0.3137340892622096,29699707874.60289,774233597.0121162,0.431288,0.00180434,0.3137340892622096,0.3137340892622096,0.3137340892622096,0.3137340892622096
tron,2025-10-25,0.3038302412372745,28763775380.25702,968339320.0054648,0.431288,0.00180434,0.3038302412372745,0.3038302412372745,0.3038302412372745,0.3038302412372745
tron,2025-10-26,0.29708802393862,28117426032.356476,995244249.4571848,0.431288,0.00180434,0.29708802393862,0.29708802393862,0.29708802393862,0.29708802393862
tron,2025-10-27,0.3003635869161707,28451493179.2515,820626821.3408931,0.431288,0.00180434,0.3003635869161707,0.3003635869161707,0.3003635869161707,0.3003635869161707
tron,2025-10-28,0.2982459420007514,28235900163.86895,697810561.6825838,0.431288,0.00180434,0.2982459420007514,0.2982459420007514,0.2982459420007514,0.2982459420007514
tron,2025-10-29,0.2955880757498277,27997469588.195793,726263032.198568,0.431288,0.00180434,0.2955880757498277,0.2955880757498277,0.2955880757498277,0.2955880757498277
tron,2025-10-30,0.29607512482468534,28029142872.408512,834951874.8842402,0.431288,0.00180434,0.29607512482468534,0.29607512482468534,0.29607512482468534,0.29607512482468534
tron,2025-10-31,0.29242022973708676,27682080539.70656,1211938822.6830332,0.431288,0.00180434,0.29242022973708676,0.29242022973708676,0.29242022973708676,0.29242022973708676
tron,2025-11-01,0.29615492703307233,28038666695.660934,575959750.5938338,0.431288,0.00180434,0.29615492703307233,0.29615492703307233,0.29615492703307233,0.29615492703307233
tron,2025-11-02,0.29737163648193055,28152711210.983273,382024357.1654334,0.431288,0.00180434,0.29737163648193055,0.29737163648193055,0.29737163648193055,0.29737163648193055
tron,2025-11-03,0.2982243373672422,28233766840.785007,377267959.87456113,0.431288,0.00180434,0.2982243373672422,0.2982243373672422,0.2982243373672422,0.2982243373672422
tron,2025-11-04,0.2811207600270551,26605685599.110924,1521897188.128692,0.431288,0.00180434,0.2811207600270551,0.2811207600270551,0.2811207600270551,0.2811207600270551
tron,2025-11-05,0.285414773626943,27018395062.59914,1634315574.1620724,0.431288,0.00180434,0.285414773626943,0.285414773626943,0.285414773626943,0.285414773626943
tron,2025-11-06,0.2889971223885519,27358226318.878803,750861229.1245133,0.431288,0.00180434,0.2889971223885519,0.2889971223885519,0.2889971223885519,0.2889971223885519
tron,2025-11-07,0.2836536585241238,26844778965.918953,585967116.8572886,0.431288,0.00180434,0.2836536585241238,0.2836536585241238,0.2836536585241238,0.2836536585241238
tron,2025-11-08,0.29231366908017803,27654481978.49301,877529873.4714915,0.431288,0.00180434,0.29231366908017803,0.29231366908017803,0.29231366908017803,0.29231366908017803
tron,2025-11-09,0.29137451628248545,27578532946.849133,482270101.0296146,0.431288,0.00180434,0.29137451628248545,0.29137451628248545,0.29137451628248545,0.29137451628248545
tron,2025-11-10,0.2906506991979647,27521919505.30884,414248357.24183726,0.431288,0.00180434,0.2906506991979647,0.2906506991979647,0.2906506991979647,0.2906506991979647
tron,2025-11-11,0.29626213987956695,28037850601.1374,583796739.8671433,0.431288,0.00180434,0.29626213987956695,0.29626213987956695,0.29626213987956695,0.29626213987956695
tron,2025-11-12,0.29679744191141433,28107278096.216457,726188359.2969676,0.431288,0.00180434,0.29679744191141433,0.29679744191141433,0.29679744191141433,0.29679744191141433
tron,2025-11-13,0.29454871379994685,27881867556.661015,704549843.1180321,0.431288,0.00180434,0.29454871379994685,0.29454871379994685,0.29454871379994685,0.29454871379994685
tron,2025-11-14,0.29288903753976253,27748445391.892467,905569661.7173704,0.431288,0.00180434,0.29288903753976253,0.29288903753976253,0.29288903753976253,0.29288903753976253
tron,2025-11-15,0.29248063308059746,27693108626.753048,1219167131.2517457,0.431288,0.00180434,0.29248063308059746,0.29248063308059746,0.29248063308059746,0.29248063308059746
tron,2025-11-16,0.29451410760942165,27872913501.29623,532317566.2558142,0.431288,0.00180434,0.29451410760942165,0.29451410760942165,0.29451410760942165,0.29451410760942165
tron,2025-11-17,0.2921342111589114,27668195926.767757,939850663.901021,0.431288,0.00180434,0.2921342111589114,0.2921342111589114,0.2921342111589114,0.2921342111589114
tron,2025-11-18,0.2913861051753425,27576191042.6036,987562334.2827448,0.431288,0.00180434,0.2913861051753425,0.2913861051753425,0.2913861051753425,0.2913861051753425
tron,2025-11-19,0.2902348759669711,27473583529.92256,1030198090.513372,0.431288,0.00180434,0.2902348759669711,0.2902348759669711,0.2902348759669711,0.2902348759669711
tron,2025-11-20,0.2865662719888252,27123948086.886288,897771453.8324037,0.431288,0.00180434,0.2865662719888252,0.2865662719888252,0.2865662719888252,0.2865662719888252
tron,2025-11-21,0.2803035750708333,26548204789.50137,878697491.1996183,0.431288,0.00180434,0.2803035750708333,0.2803035750708333,0.2803035750708333,0.2803035750708333
tron,2025-11-22,0.27635099818289915,26159746559.9678,1496010397.689249,0.431288,0.00180434,0.27635099818289915,0.27635099818289915,0.27635099818289915,0.27635099818289915
tron,2025-11-23,0.2740810568979634,25954049085.47716,739722600.2963942,0.431288,0.00180434,0.2740810568979634,0.2740810568979634,0.2740810568979634,0.2740810568979634
tron,2025-11-24,0.2750414724621079,26042841615.13398,502965480.09669733,0.431288,0.00180434,0.2750414724621079,0.2750414724621079,0.2750414724621079,0.2750414724621079
tron,2025-11-25,0.2747533047924865,26014007265.54192,737844569.8355856,0.431288,0.00180434,0.2747533047924865,0.2747533047924865,0.2747533047924865,0.2747533047924865
tron,2025-11-26,0.27434108935006035,25964803984.16672,698075990.591251,0.431288,0.00180434,0.27434108935006035,0.27434108935006035,0.27434108935006035,0.27434108935006035
tron,2025-11-27,0.2765167848357446,26178011188.64035,518290483.9570749,0.431288,0.00180434,0.2765167848357446,0.2765167848357446,0.2765167848357446,0.2765167848357446
tron,2025-11-28,0.28016584290436214,26526598365.024525,501398600.7844755,0.431288,0.00180434,0.28016584290436214,0.28016584290436214,0.28016584290436214,0.28016584290436214
tron,2025-11-29,0.28108384523311164,26613764352.857315,595800430.4548988,0.431288,0.00180434,0.28108384523311164,0.28108384523311164,0.28108384523311164,0.28108384523311164
tron,2025-11-30,0.2809560740096079,26602928317.919964,344888273.9537213,0.431288,0.00180434,0.2809560740096079,0.2809560740096079,0.2809560740096079,0.2809560740096079
tron,2025-12-01,0.28160580292975623,26663318768.795937,396119880.99738944,0.431288,0.00180434,0.28160580292975623,0.28160580292975623,0.28160580292975623,0.28160580292975623
tron,2025-12-02,0.27691348502746854,26237093210.1331,958654107.7122296,0.431288,0.00180434,0.27691348502746854,0.27691348502746854,0.27691348502746854,0.27691348502746854
tron,2025-12-03,0.2810715476553008,26617070526.83186,680686364.074242,0.431288,0.00180434,0.2810715476553008,0.2810715476553008,0.2810715476553008,0.2810715476553008
tron,2025-12-04,0.28051295571930324,26564456659.143948,602473144.314139,0.431288,0.00180434,0.28051295571930324,0.28051295571930324,0.28051295571930324,0.28051295571930324
tron,2025-12-05,0.2862081334531306,27079904728.261597,623642776.3496556,0.431288,0.00180434,0.2862081334531306,0.2862081334531306,0.2862081334531306,0.2862081334531306
tron,2025-12-06,0.2855997793075,27032391152.29834,763399814.875876,0.431288,0.00180434,0.2855997793075,0.2855997793075,0.2855997793075,0.2855997793075
tron,2025-12-07,0.28728546229416596,27206814119.651382,533579010.1862153,0.431288,0.00180434,0.28728546229416596,0.28728546229416596,0.28728546229416596,0.28728546229416596
tron,2025-12-08,0.2868515966957127,27159044341.73292,562191966.6472211,0.431288,0.00180434,0.2868515966957127,0.2868515966957127,0.2868515966957127,0.2868515966957127
tron,2025-12-09,0.28137658467422977,26644688510.25362,547690289.0565615,0.431288,0.00180434,0.28137658467422977,0.28137658467422977,0.28137658467422977,0.28137658467422977
tron,2025-12-10,0.2822693901146785,26726574496.449173,662148000.3052839,0.431288,0.00180434,0.2822693901146785,0.2822693901146785,0.2822693901146785,0.2822693901146785
tron,2025-12-11,0.2801473280595632,26526418603.85611,658239366.7686647,0.431288,0.00180434,0.2801473280595632,0.2801473280595632,0.2801473280595632,0.2801473280595632
tron,2025-12-12,0.2805475783268791,26564871640.38648,597224627.2919354,0.431288,0.00180434,0.2805475783268791,0.2805475783268791,0.2805475783268791,0.2805475783268791
tron,2025-12-13,0.27376898973297215,25916965904.67623,537779952.0010937,0.431288,0.00180434,0.27376898973297215,0.27376898973297215,0.27376898973297215,0.27376898973297215
tron,2025-12-14,0.2709980075656636,25659840641.725967,408809507.86327815,0.431288,0.00180434,0.2709980075656636,0.2709980075656636,0.2709980075656636,0.2709980075656636
tron,2025-12-15,0.27720772107892827,26243077960.42429,545100518.8668572,0.431288,0.00180434,0.27720772107892827,0.27720772107892827,0.27720772107892827,0.27720772107892827
tron,2025-12-16,0.27823808770283026,26333344588.00359,834760397.8668019,0.431288,0.00180434,0.27823808770283026,0.27823808770283026,0.27823808770283026,0.27823808770283026
tron,2025-12-17,0.2802127587632835,26538220906.762093,575360519.1112351,0.431288,0.00180434,0.2802127587632835,0.2802127587632835,0.2802127587632835,0.2802127587632835
tron,2025-12-18,0.2794314654848354,26453424095.685673,610062846.4462385,0.431288,0.00180434,0.2794314654848354,0.2794314654848354,0.2794314654848354,0.2794314654848354
tron,2025-12-19,0.27928679305273724,26455200545.81399,616333986.3187443,0.431288,0.00180434,0.27928679305273724,0.27928679305273724,0.27928679305273724,0.27928679305273724
tron,2025-12-20,0.2799536389787057,26505573931.898792,574058430.6428788,0.431288,0.00180434,0.2799536389787057,0.2799536389787057,0.2799536389787057,0.2799536389787057
tron,2025-12-21,0.28166213748226965,26645676140.18211,427065279.0867726,0.431288,0.00180434,0.28166213748226965,0.28166213748226965,0.28166213748226965,0.28166213748226965
tron,2025-12-22,0.28822459919094945,27290435190.022,581238952.8938236,0.431288,0.00180434,0.28822459919094945,0.28822459919094945,0.28822459919094945,0.28822459919094945
tron,2025-12-23,0.2842490121319759,26919549690.317986,645372511.0965238,0.431288,0.00180434,0.2842490121319759,0.2842490121319759,0.2842490121319759,0.2842490121319759
tron,2025-12-24,0.28345719031905153,26831349805.488132,451287848.59138507,0.431288,0.00180434,0.28345719031905153,0.28345719031905153,0.28345719031905153,0.28345719031905153
tron,2025-12-25,0.2801563041063665,26528223044.893867,550902853.8588445,0.431288,0.00180434,0.2801563041063665,0.2801563041063665,0.2801563041063665,0.2801563041063665
tron,2025-12-26,0.2786469337181949,26383230347.46752,420540410.52578497,0.431288,0.00180434,0.2786469337181949,0.2786469337181949,0.2786469337181949,0.2786469337181949
tron,2025-12-27,0.27949117482170155,26469895835.189144,440903571.1033015,0.431288,0.00180434,0.27949117482170155,0.27949117482170155,0.27949117482170155,0.27949117482170155
tron,2025-12-28,0.28459992996439676,26942775363.649666,425881139.6123801,0.431288,0.00180434,0.28459992996439676,0.28459992996439676,0.28459992996439676,0.28459992996439676
tron,2025-12-29,0.28479703628894765,26969839374.805058,435160011.0763293,0.431288,0.00180434,0.28479703628894765,0.28479703628894765,0.28479703628894765,0.28479703628894765
tron,2025-12-30,0.28465406966611195,26945399118.305943,599557143.551376,0.431288,0.00180434,0.28465406966611195,0.28465406966611195,0.28465406966611195,0.28465406966611195
tron,2025-12-31,0.28610372210028645,27090895887.959915,480237015.6704226,0.431288,0.00180434,0.28610372210028645,0.28610372210028645,0.28610372210028645,0.28610372210028645
tron,2026-01-01,0.2843595400725013,26926828401.286983,504564117.30254763,0.431288,0.00180434,0.2843595400725013,0.2843595400725013,0.2843595400725013,0.2843595400725013
tron,2026-01-02,0.2869900852618737,27176364562.206535,415110065.1811173,0.431288,0.00180434,0.2869900852618737,0.2869900852618737,0.2869900852618737,0.2869900852618737
tron,2026-01-03,0.2888954663347564,27357080392.753136,512439869.5268387,0.431288,0.00180434,0.2888954663347564,0.2888954663347564,0.2888954663347564,0.2888954663347564
tron,2026-01-04,0.29554394655756333,27987121523.947685,487454503.81649005,0.431288,0.00180434,0.29554394655756333,0.29554394655756333,0.29554394655756333,0.29554394655756333
tron,2026-01-05,0.29390203026294714,27832114065.99024,485272666.5392075,0.431288,0.00180434,0.29390203026294714,0.29390203026294714,0.29390203026294714,0.29390203026294714
tron,2026-01-06,0.29203325415863796,27655170708.781124,572822756.4911804,0.431288,0.00180434,0.29203325415863796,0.29203325415863796,0.29203325415863796,0.29203325415863796
tron,2026-01-07,0.2940699071307225,27848116281.648045,566846180.3824067,0.431288,0.00180434,0.2940699071307225,0.2940699071307225,0.2940699071307225,0.2940699071307225
tron,2026-01-08,0.29810794030342935,28230673671.341957,660415547.3482283,0.431288,0.00180434,0.29810794030342935,0.29810794030342935,0.29810794030342935,0.29810794030342935
tron,2026-01-09,0.29469732260387305,27907881619.21684,610299122.3920575,0.431288,0.00180434,0.29469732260387305,0.29469732260387305,0.29469732260387305,0.29469732260387305
tron,2026-01-10,0.2982357227426203,28243202065.839798,639421179.0931406,0.431288,0.00180434,0.2982357227426203,0.2982357227426203,0.2982357227426203,0.2982357227426203
tron,2026-01-11,0.30198633028372884,28598836567.15075,511277252.62321454,0.431288,0.00180434,0.30198633028372884,0.30198633028372884,0.30198633028372884,0.30198633028372884
tron,2026-01-12,0.29916399018102363,28332102685.39379,579176734.7863986,0.431288,0.00180434,0.29916399018102363,0.29916399018102363,0.29916399018102363,0.29916399018102363
tron,2026-01-13,0.2996295309666388,28376275935.748814,525076489.40280515,0.431288,0.00180434,0.2996295309666388,0.2996295309666388,0.2996295309666388,0.2996295309666388
tron,2026-01-14,0.30703812871379776,29078024172.34007,748379213.1285864,0.431288,0.00180434,0.30703812871379776,0.30703812871379776,0.30703812871379776,0.30703812871379776
tron,2026-01-15,0.30419827700609725,28809189152.580482,689025484.1283987,0.431288,0.00180434,0.30419827700609725,0.30419827700609725,0.30419827700609725,0.30419827700609725
tron,2026-01-16,0.31235774754445017,29581946457.1831,835175320.1796024,0.431288,0.00180434,0.31235774754445017,0.31235774754445017,0.31235774754445017,0.31235774754445017
tron,2026-01-17,0.3088170738066887,29246736998.268127,5236882233.0969515,0.431288,0.00180434,0.3088170738066887,0.3088170738066887,0.3088170738066887,0.3088170738066887
tron,2026-01-18,0.31867208822637166,30181052358.340622,525321164.114017,0.431288,0.00180434,0.31867208822637166,0.31867208822637166,0.31867208822637166,0.31867208822637166
tron,2026-01-19,0.3170732982744232,30029666848.73548,639719586.0036901,0.431288,0.00180434,0.3170732982744232,0.3170732982744232,0.3170732982744232,0.3170732982744232
tron,2026-01-20,0.31183035830833317,29533295965.806202,817067925.5090955,0.431288,0.00180434,0.31183035830833317,0.31183035830833317,0.31183035830833317,0.31183035830833317
tron,2026-01-21,0.29693713452163395,28122832905.53975,825386857.98753,0.431288,0.00180434,0.29693713452163395,0.29693713452163395,0.29693713452163395,0.29693713452163395
tron,2026-01-22,0.2992145732687577,28338669734.186344,745616198.0035008,0.431288,0.00180434,0.2992145732687577,0.2992145732687577,0.2992145732687577,0.2992145732687577
tron,2026-01-23,0.30526058323391636,28911524480.501873,672712726.350782,0.431288,0.00180434,0.30526058323391636,0.30526058323391636,0.30526058323391636,0.30526058323391636
tron,2026-01-24,0.2974355135646317,28170650839.276398,715703601.1719753,0.431288,0.00180434,0.2974355135646317,0.2974355135646317,0.2974355135646317,0.2974355135646317
tron,2026-01-25,0.2952080021611011,27960197916.69453,482767772.4723284,0.431288,0.00180434,0.2952080021611011,0.2952080021611011,0.2952080021611011,0.2952080021611011
tron,2026-01-26,0.29563578016637804,28001248614.15232,520192944.96894765,0.431288,0.00180434,0.29563578016637804,0.29563578016637804,0.29563578016637804,0.29563578016637804
tron,2026-01-27,0.2964923025235176,28082496664.106304,475479095.7028139,0.431288,0.00180434,0.2964923025235176,0.2964923025235176,0.2964923025235176,0.2964923025235176
tron,2026-01-28,0.29427345138723404,27872454634.642857,463015640.23813224,0.431288,0.00180434,0.29427345138723404,0.29427345138723404,0.29427345138723404,0.29427345138723404
tron,2026-01-29,0.2952561847318004,27965602805.28258,608294814.8636326,0.431288,0.00180434,0.2952561847318004,0.2952561847318004,0.2952561847318004,0.2952561847318004
tron,2026-01-30,0.29479739132012595,27922092671.231846,709083153.8364271,0.431288,0.00180434,0.29479739132012595,0.29479739132012595,0.29479739132012595,0.29479739132012595
tron,2026-01-31,0.294101753630644,27856130201.13486,925602926.136496,0.431288,0.00180434,0.294101753630644,0.294101753630644,0.294101753630644,0.294101753630644
tron,2026-02-01,0.2862380397201572,27111595326.426853,906554383.1305237,0.431288,0.00180434,0.2862380397201572,0.2862380397201572,0.2862380397201572,0.2862380397201572
tron,2026-02-02,0.2846649426595124,26962960473.8397,674034039.4918267,0.431288,0.00180434,0.2846649426595124,0.2846649426595124,0.2846649426595124,0.2846649426595124
tron,2026-02-03,0.28329135661449645,26832699867.830353,908834250.1345011,0.431288,0.00180434,0.28329135661449645,0.28329135661449645,0.28329135661449645,0.28329135661449645
tron,2026-02-04,0.28584876411592813,27074920037.59747,757629293.2827225,0.431288,0.00180434,0.28584876411592813,0.28584876411592813,0.28584876411592813,0.28584876411592813
tron,2026-02-05,0.28297881817637954,26803144641.960148,752401713.8423864,0.431288,0.00180434,0.28297881817637954,0.28297881817637954,0.28297881817637954,0.28297881817637954
tron,2026-02-06,0.26927295576111904,25504898220.535503,1225744629.019939,0.431288,0.00180434,0.26927295576111904,0.26927295576111904,0.26927295576111904,0.26927295576111904
tron,2026-02-07,0.2737934162613598,25933053939.98675,1155587932.354957,0.431288,0.00180434,0.2737934162613598,0.2737934162613598,0.2737934162613598,0.2737934162613598
tron,2026-02-08,0.2780795990948686,26339403817.44605,761829678.5039711,0.431288,0.00180434,0.2780795990948686,0.2780795990948686,0.2780795990948686,0.2780795990948686
tron,2026-02-09,0.27801275594389085,26333539789.226917,538428584.7895479,0.431288,0.00180434,0.27801275594389085,0.27801275594389085,0.27801275594389085,0.27801275594389085
tron,2026-02-10,0.284392954042498,26937909444.254723,687026546.2306454,0.431288,0.00180434,0.284392954042498,0.284392954042498,0.284392954042498,0.284392954042498
tron,2026-02-11,0.28428941755219295,26929550017.52141,599324776.6439469,0.431288,0.00180434,0.28428941755219295,0.28428941755219295,0.28428941755219295,0.28428941755219295
tron,2026-02-12,0.27828195920109006,26359254441.173134,639690689.9888048,0.431288,0.00180434,0.27828195920109006,0.27828195920109006,0.27828195920109006,0.27828195920109006
tron,2026-02-13,0.28011090178949494,26532643449.423725,565064065.3797629,0.431288,0.00180434,0.28011090178949494,0.28011090178949494,0.28011090178949494,0.28011090178949494
tron,2026-02-14,0.28212228921927035,26723297335.753773,617048680.4415611,0.431288,0.00180434,0.28212228921927035,0.28212228921927035,0.28212228921927035,0.28212228921927035
tron,2026-02-15,0.28246897672914323,26756534216.22599,454511579.46449447,0.431288,0.00180434,0.28246897672914323,0.28246897672914323,0.28246897672914323,0.28246897672914323
tron,2026-02-16,0.2805867938063481,26578671423.541916,468315176.1823322,0.431288,0.00180434,0.2805867938063481,0.2805867938063481,0.2805867938063481,0.2805867938063481
tron,2026-02-17,0.28445641113124104,26945468976.971607,566955385.2821437,0.431288,0.00180434,0.28445641113124104,0.28445641113124104,0.28445641113124104,0.28445641113124104
tron,2026-02-18,0.2821556140974357,26727854674.19558,555514983.8532565,0.431288,0.00180434,0.2821556140974357,0.2821556140974357,0.2821556140974357,0.2821556140974357
tron,2026-02-19,0.27871911655605136,26402680646.92417,460268742.1173799,0.431288,0.00180434,0.27871911655605136,0.27871911655605136,0.27871911655605136,0.27871911655605136
tron,2026-02-20,0.2850770120156951,27005325468.661236,609055004.8569704,0.431288,0.00180434,0.2850770120156951,0.2850770120156951,0.2850770120156951,0.2850770120156951
tron,2026-02-21,0.28535307309295316,27031803133.01533,607007080.6673144,0.431288,0.00180434,0.28535307309295316,0.28535307309295316,0.28535307309295316,0.28535307309295316
tron,2026-02-22,0.289117978131382,27388990522.676083,400828554.6301071,0.431288,0.00180434,0.289117978131382,0.289117978131382,0.289117978131382,0.289117978131382
tron,2026-02-23,0.28812491812868274,27295499442.781757,436471785.24274427,0.431288,0.00180434,0.28812491812868274,0.28812491812868274,0.28812491812868274,0.28812491812868274
tron,2026-02-24,0.28173217565317304,26690178895.74018,552272786.3167809,0.431288,0.00180434,0.28173217565317304,0.28173217565317304,0.28173217565317304,0.28173217565317304
tron,2026-02-25,0.284089722823636,26913750292.270172,495886825.68576145,0.431288,0.00180434,0.284089722823636,0.284089722823636,0.284089722823636,0.284089722823636
tron,2026-02-26,0.28526979080938314,27025762992.00649,582534532.7506635,0.431288,0.00180434,0.28526979080938314,0.28526979080938314,0.28526979080938314,0.28526979080938314
tron,2026-02-27,0.28578788242069614,27075078477.692806,450067752.21991855,0.431288,0.00180434,0.28578788242069614,0.28578788242069614,0.28578788242069614,0.28578788242069614
tron,2026-02-28,0.28299102682901783,26810255982.362785,442216709.4785002,0.431288,0.00180434,0.28299102682901783,0.28299102682901783,0.28299102682901783,0.28299102682901783
tron,2026-03-01,0.2820234777729078,26718891666.25392,454775642.2876173,0.431288,0.00180434,0.2820234777729078,0.2820234777729078,0.2820234777729078,0.2820234777729078
tron,2026-03-02,0.2808720149324316,26610227641.564583,397340916.1400484,0.431288,0.00180434,0.2808720149324316,0.2808720149324316,0.2808720149324316,0.2808720149324316
tron,2026-03-03,0.28332566736632003,26842707821.017853,421429841.8398129,0.431288,0.00180434,0.28332566736632003,0.28332566736632003,0.28332566736632003,0.28332566736632003
tron,2026-03-04,0.28038614778567866,26564161341.565487,416089671.57514775,0.431288,0.00180434,0.28038614778567866,0.28038614778567866,0.28038614778567866,0.28038614778567866
tron,2026-03-05,0.2871164752991742,27201913531.98528,681771579.5145977,0.431288,0.00180434,0.2871164752991742,0.2871164752991742,0.2871164752991742,0.2871164752991742
tron,2026-03-06,0.2852072331267691,27021090365.016876,584567381.1147851,0.431288,0.00180434,0.2852072331267691,0.2852072331267691,0.2852072331267691,0.2852072331267691
tron,2026-03-07,0.28457104331818633,26960923858.771057,407866548.3061539,0.431288,0.00180434,0.28457104331818633,0.28457104331818633,0.28457104331818633,0.28457104331818633
tron,2026-03-08,0.28672284813724735,27165231901.508835,329392254.9974054,0.431288,0.00180434,0.28672284813724735,0.28672284813724735,0.28672284813724735,0.28672284813724735
tron,2026-03-09,0.2894436409376274,27423500300.128468,450283666.50871176,0.431288,0.00180434,0.2894436409376274,0.2894436409376274,0.2894436409376274,0.2894436409376274
tron,2026-03-10,0.28556107584231655,27055753528.70162,495890236.5934695,0.431288,0.00180434,0.28556107584231655,0.28556107584231655,0.28556107584231655,0.28556107584231655
tron,2026-03-11,0.2856845327344564,27067392186.367496,381982663.78685415,0.431288,0.00180434,0.2856845327344564,0.2856845327344564,0.2856845327344564,0.2856845327344564
tron,2026-03-12,0.2913408590373311,27603486493.687874,464916731.3290502,0.431288,0.00180434,0.2913408590373311,0.2913408590373311,0.2913408590373311,0.2913408590373311
tron,2026-03-13,0.28907387274628754,27388801246.043816,364837108.64438087,0.431288,0.00180434,0.28907387274628754,0.28907387274628754,0.28907387274628754,0.28907387274628754
tron,2026-03-14,0.2934661895884261,27805156968.106686,448640151.19601494,0.431288,0.00180434,0.2934661895884261,0.2934661895884261,0.2934661895884261,0.2934661895884261
tron,2026-03-15,0.2977655987671489,28212979217.83469,489618402.556129,0.431288,0.00180434,0.2977655987671489,0.2977655987671489,0.2977655987671489,0.2977655987671489
tron,2026-03-16,0.29856410376733145,28288928772.663647,347277932.8065247,0.431288,0.00180434,0.29856410376733145,0.29856410376733145,0.29856410376733145,0.29856410376733145
tron,2026-03-17,0.29541382175472375,27990528430.90408,410814894.2226964,0.431288,0.00180434,0.29541382175472375,0.29541382175472375,0.29541382175472375,0.29541382175472375
tron,2026-03-18,0.3070078543404028,29089185270.32484,612487330.0838809,0.431288,0.00180434,0.3070078543404028,0.3070078543404028,0.3070078543404028,0.3070078543404028
tron,2026-03-19,0.3044233784490378,28844439160.70334,575705598.4369063,0.431288,0.00180434,0.3044233784490378,0.3044233784490378,0.3044233784490378,0.3044233784490378
tron,2026-03-20,0.30351065621639056,28757964843.49092,532869746.97473633,0.431288,0.00180434,0.30351065621639056,0.30351065621639056,0.30351065621639056,0.30351065621639056
tron,2026-03-21,0.30969090709316266,29343867435.03304,481807841.1622857,0.431288,0.00180434,0.30969090709316266,0.30969090709316266,0.30969090709316266,0.30969090709316266
tron,2026-03-22,0.3110336120770314,29471626963.968525,535862596.9045132,0.431288,0.00180434,0.3110336120770314,0.3110336120770314,0.3110336120770314,0.3110336120770314
tron,2026-03-23,0.31072941200819504,29442802841.420193,735080946.9405704,0.431288,0.00180434,0.31072941200819504,0.31072941200819504,0.31072941200819504,0.31072941200819504
tron,2026-03-24,0.3074640382459632,29133968609.262505,608170413.2354108,0.431288,0.00180434,0.3074640382459632,0.3074640382459632,0.3074640382459632,0.3074640382459632
tron,2026-03-25,0.30614375389209203,29009035743.61305,456704093.39622617,0.431288,0.00180434,0.30614375389209203,0.30614375389209203,0.30614375389209203,0.30614375389209203
tron,2026-03-26,0.31465627977587063,29816052669.47829,438469161.2649386,0.431288,0.00180434,0.31465627977587063,0.31465627977587063,0.31465627977587063,0.31465627977587063
tron,2026-03-27,0.31146179214099273,29513539933.475597,513828197.93930626,0.431288,0.00180434,0.31146179214099273,0.31146179214099273,0.31146179214099273,0.31146179214099273
tron,2026-03-28,0.3108635477284236,29456981528.306602,748750756.5019999,0.431288,0.00180434,0.3108635477284236,0.3108635477284236,0.3108635477284236,0.3108635477284236
tron,2026-03-29,0.3168463241005258,30024560134.100975,519711408.39648056,0.431288,0.00180434,0.3168463241005258,0.3168463241005258,0.3168463241005258,0.3168463241005258
tron,2026-03-30,0.32164951195804287,30480331392.40846,531257667.86636734,0.431288,0.00180434,0.32164951195804287,0.32164951195804287,0.32164951195804287,0.32164951195804287
tron,2026-03-31,0.31978295171296045,30303606130.27474,626620453.6889595,0.431288,0.00180434,0.31978295171296045,0.31978295171296045,0.31978295171296045,0.31978295171296045
tron,2026-04-01,0.31316671609250907,29676735945.713326,628893012.4026881,0.431288,0.00180434,0.31316671609250907,0.31316671609250907,0.31316671609250907,0.31316671609250907
tron,2026-04-02,0.3251607146370156,30813291051.73429,1592622958.427429,0.431288,0.00180434,0.3251607146370156,0.3251607146370156,0.3251607146370156,0.3251607146370156
tron,2026-04-03,0.3237765472072503,30682230314.183468,1623657595.9057174,0.431288,0.00180434,0.3237765472072503,0.3237765472072503,0.3237765472072503,0.3237765472072503
tron,2026-04-04,0.32618416742372547,30910673327.217922,1410471162.7530403,0.431288,0.00180434,0.32618416742372547,0.32618416742372547,0.32618416742372547,0.32618416742372547
tron,2026-04-05,0.3270774031826613,30995320350.299175,1351448667.0569863,0.431288,0.00180434,0.3270774031826613,0.3270774031826613,0.3270774031826613,0.3270774031826613
tron,2026-04-06,0.32744767783627027,31030409235.665543,1429468158.1667678,0.431288,0.00180434,0.32744767783627027,0.32744767783627027,0.32744767783627027,0.32744767783627027
tron,2026-04-07,0.3257820185054835,30873881287.730244,1422895002.7895858,0.431288,0.00180434,0.3257820185054835,0.3257820185054835,0.3257820185054835,0.3257820185054835
tron,2026-04-08,0.3255927636291134,30856003675.83187,1441292104.8041105,0.431288,0.00180434,0.3255927636291134,0.3255927636291134,0.3255927636291134,0.3255927636291134
tron,2026-04-09,0.32996062793820824,31270039384.00428,1488835362.5607622,0.431288,0.00180434,0.32996062793820824,0.32996062793820824,0.32996062793820824,0.32996062793820824
tron,2026-04-10,0.33111540558648483,31379662684.733486,1513725105.8794317,0.431288,0.00180434,0.33111540558648483,0.33111540558648483,0.33111540558648483,0.33111540558648483
tron,2026-04-11,0.3193011716788978,30260154184.47577,440609663.4575685,0.431288,0.00180434,0.3193011716788978,0.3193011716788978,0.3193011716788978,0.3193011716788978
tron,2026-04-12,0.3190017494465563,30231777956.260654,402695796.8820418,0.431288,0.00180434,0.3190017494465563,0.3190017494465563,0.3190017494465563,0.3190017494465563
tron,2026-04-13,0.32125869177436445,30445668254.45732,478972673.4873125,0.431288,0.00180434,0.32125869177436445,0.32125869177436445,0.32125869177436445,0.32125869177436445
tron,2026-04-14,0.3204681212169237,30371976909.802216,506053468.7629573,0.431288,0.00180434,0.3204681212169237,0.3204681212169237,0.3204681212169237,0.3204681212169237
tron,2026-04-15,0.32385301145267725,30692857144.714546,501085361.8640739,0.431288,0.00180434,0.32385301145267725,0.32385301145267725,0.32385301145267725,0.32385301145267725
tron,2026-04-16,0.32714588570214975,31004932970.617702,628838336.2339481,0.431288,0.00180434,0.32714588570214975,0.32714588570214975,0.32714588570214975,0.32714588570214975
tron,2026-04-17,0.3269918758809208,30990430215.79911,519221160.88889736,0.431288,0.00180434,0.3269918758809208,0.3269918758809208,0.3269918758809208,0.3269918758809208
tron,2026-04-18,0.3278262042421464,31069609519.80351,577435099.8088685,0.431288,0.00180434,0.3278262042421464,0.3278262042421464,0.3278262042421464,0.3278262042421464
tron,2026-04-19,0.32950086685658075,31228325061.253803,489924677.58090466,0.431288,0.00180434,0.32950086685658075,0.32950086685658075,0.32950086685658075,0.32950086685658075
tron,2026-04-20,0.3291303515069992,31193209603.47884,778130265.4163879,0.431288,0.00180434,0.3291303515069992,0.3291303515069992,0.3291303515069992,0.3291303515069992
tron,2026-04-21,0.32900286699800674,31182323486.75683,599094067.6606877,0.431288,0.00180434,0.32900286699800674,0.32900286699800674,0.32900286699800674,0.32900286699800674
tron,2026-04-22,0.332972567254329,31558702297.934994,510696389.8989396,0.431288,0.00180434,0.332972567254329,0.332972567254329,0.332972567254329,0.332972567254329
tron,2026-04-23,0.3296696960587235,31245896842.517418,641241300.0558426,0.431288,0.00180434,0.3296696960587235,0.3296696960587235,0.3296696960587235,0.3296696960587235
tron,2026-04-24,0.3288613948743078,31169504118.707623,502489832.9029484,0.431288,0.00180434,0.3288613948743078,0.3288613948743078,0.3288613948743078,0.3288613948743078
tron,2026-04-25,0.3233805325566996,30650128326.02119,633325626.4783707,0.431288,0.00180434,0.3233805325566996,0.3233805325566996,0.3233805325566996,0.3233805325566996
tron,2026-04-26,0.32403619812662354,30712272554.983395,384666394.4292425,0.431288,0.00180434,0.32403619812662354,0.32403619812662354,0.32403619812662354,0.32403619812662354
tron,2026-04-27,0.32356194088304185,30668156777.706993,344132756.3335489,0.431288,0.00180434,0.32356194088304185,0.32356194088304185,0.32356194088304185,0.32356194088304185
tron,2026-04-28,0.32531230221313917,30834350885.968456,476599941.1671861,0.431288,0.00180434,0.32531230221313917,0.32531230221313917,0.32531230221313917,0.32531230221313917
tron,2026-04-29,0.3230866118973128,30623616124.956856,399955828.5318755,0.431288,0.00180434,0.3230866118973128,0.3230866118973128,0.3230866118973128,0.3230866118973128
tron,2026-04-30,0.3230656334014304,30621897247.632763,467505618.02752715,0.431288,0.00180434,0.3230656334014304,0.3230656334014304,0.3230656334014304,0.3230656334014304
tron,2026-05-01,0.3266063272441348,30957694933.486256,438981630.9950561,0.431288,0.00180434,0.3266063272441348,0.3266063272441348,0.3266063272441348,0.3266063272441348
tron,2026-05-02,0.32691593036038297,30987387668.155415,414202649.23678607,0.431288,0.00180434,0.32691593036038297,0.32691593036038297,0.32691593036038297,0.32691593036038297
tron,2026-05-03,0.32995993347414493,31275919659.989624,523182255.75996685,0.431288,0.00180434,0.32995993347414493,0.32995993347414493,0.32995993347414493,0.32995993347414493
tron,2026-05-04,0.3382174852055166,32058628402.28856,706868974.2439847,0.431288,0.00180434,0.3382174852055166,0.3382174852055166,0.3382174852055166,0.3382174852055166
tron,2026-05-05,0.3408626397772563,32310832640.095432,595643882.4265381,0.431288,0.00180434,0.3408626397772563,0.3408626397772563,0.3408626397772563,0.3408626397772563
tron,2026-05-06,0.34468901853353945,32673769120.739807,580857273.3355378,0.431288,0.00180434,0.34468901853353945,0.34468901853353945,0.34468901853353945,0.34468901853353945
tron,2026-05-07,0.3462086046985346,32817970637.535587,548464949.3954512,0.431288,0.00180434,0.3462086046985346,0.3462086046985346,0.3462086046985346,0.3462086046985346
tron,2026-05-08,0.3489678068232581,33079742025.89745,445967398.078703,0.431288,0.00180434,0.3489678068232581,0.3489678068232581,0.3489678068232581,0.3489678068232581
tron,2026-05-09,0.3501997668886633,33196799479.746723,539405329.0421952,0.431288,0.00180434,0.3501997668886633,0.3501997668886633,0.3501997668886633,0.3501997668886633
tron,2026-05-10,0.35010169795260815,33187503143.446053,478793490.2571076,0.431288,0.00180434,0.35010169795260815,0.35010169795260815,0.35010169795260815,0.35010169795260815
tron,2026-05-11,0.35061421804303594,33236086918.422356,384063750.2004903,0.431288,0.00180434,0.35061421804303594,0.35061421804303594,0.35061421804303594,0.35061421804303594
tron,2026-05-12,0.35098621575343186,33272671940.22369,435304410.98508424,0.431288,0.00180434,0.35098621575343186,0.35098621575343186,0.35098621575343186,0.35098621575343186
tron,2026-05-13,0.34896701687700177,33081322634.219894,512349470.4958678,0.431288,0.00180434,0.34896701687700177,0.34896701687700177,0.34896701687700177,0.34896701687700177
tron,2026-05-14,0.3494534600968379,33127596343.01501,446617108.2065928,0.431288,0.00180434,0.3494534600968379,0.3494534600968379,0.3494534600968379,0.3494534600968379
tron,2026-05-15,0.35359302258299424,33520238348.855442,515787057.0413229,0.431288,0.00180434,0.35359302258299424,0.35359302258299424,0.35359302258299424,0.35359302258299424
tron,2026-05-16,0.35199618903609703,33368899788.783764,521466166.5393686,0.431288,0.00180434,0.35199618903609703,0.35199618903609703,0.35199618903609703,0.35199618903609703
tron,2026-05-17,0.3550016502167436,33653814614.795677,480715932.4517638,0.431288,0.00180434,0.3550016502167436,0.3550016502167436,0.3550016502167436,0.3550016502167436
tron,2026-05-18,0.35530754426231037,33682813075.774628,426109861.76737714,0.431288,0.00180434,0.35530754426231037,0.35530754426231037,0.35530754426231037,0.35530754426231037
tron,2026-05-19,0.35543835654923417,33696310230.435295,575592052.8692966,0.431288,0.00180434,0.35543835654923417,0.35543835654923417,0.35543835654923417,0.35543835654923417
tron,2026-05-20,0.35596538807247285,33746411834.46493,464323986.2614719,0.431288,0.00180434,0.35596538807247285,0.35596538807247285,0.35596538807247285,0.35596538807247285
tron,2026-05-21,0.35891449777820633,34026193697.037395,495538012.5521474,0.431288,0.00180434,0.35891449777820633,0.35891449777820633,0.35891449777820633,0.35891449777820633
tron,2026-05-22,0.36496144670339076,34599744200.341835,572774704.9665557,0.431288,0.00180434,0.36496144670339076,0.36496144670339076,0.36496144670339076,0.36496144670339076
tron,2026-05-23,0.3618946466044412,34309321743.2056,581862609.2400465,0.431288,0.00180434,0.3618946466044412,0.3618946466044412,0.3618946466044412,0.3618946466044412
tron,2026-05-24,0.3626477720972142,34380721596.96692,511557318.73054063,0.431288,0.00180434,0.3626477720972142,0.3626477720972142,0.3626477720972142,0.3626477720972142
tron,2026-05-25,0.3652836518428822,34630615446.23783,462727331.4193073,0.431288,0.00180434,0.3652836518428822,0.3652836518428822,0.3652836518428822,0.3652836518428822
tron,2026-05-26,0.3714448936848992,35216324043.63096,687916441.6405368,0.431288,0.00180434,0.3714448936848992,0.3714448936848992,0.3714448936848992,0.3714448936848992
tron,2026-05-27,0.37505487752025024,35558864932.8791,687570388.9205695,0.431288,0.00180434,0.37505487752025024,0.37505487752025024,0.37505487752025024,0.37505487752025024
tron,2026-05-28,0.3676562136736335,34857759657.15631,553049997.5624382,0.431288,0.00180434,0.3676562136736335,0.3676562136736335,0.3676562136736335,0.3676562136736335
tron,2026-05-29,0.3525365688178781,33424560463.04539,896656081.6392354,0.431288,0.00180434,0.3525365688178781,0.3525365688178781,0.3525365688178781,0.3525365688178781
tron,2026-05-30,0.344005522370364,32615994855.957294,716589585.7346181,0.431288,0.00180434,0.344005522370364,0.344005522370364,0.344005522370364,0.344005522370364
tron,2026-05-31,0.3477350084255553,32969596441.05197,504324173.2922418,0.431288,0.00180434,0.3477350084255553,0.3477350084255553,0.3477350084255553,0.3477350084255553
tron,2026-06-01,0.35105487143047276,33284360674.907185,442183211.0053429,0.431288,0.00180434,0.35105487143047276,0.35105487143047276,0.35105487143047276,0.35105487143047276
tron,2026-06-02,0.343290209972402,32549430636.885998,548639245.551662,0.431288,0.00180434,0.343290209972402,0.343290209972402,0.343290209972402,0.343290209972402
tron,2026-06-03,0.3323341852201307,31510685784.17416,669572051.7010506,0.431288,0.00180434,0.3323341852201307,0.3323341852201307,0.3323341852201307,0.3323341852201307
tron,2026-06-04,0.33286777891048197,31561561788.832645,608650532.8586001,0.431288,0.00180434,0.33286777891048197,0.33286777891048197,0.33286777891048197,0.33286777891048197
tron,2026-06-05,0.3322241028188934,31500856286.930958,867188496.769318,0.431288,0.00180434,0.3322241028188934,0.3322241028188934,0.3322241028188934,0.3322241028188934
tron,2026-06-06,0.32014601258777226,30355874373.588158,1034140716.2315859,0.431288,0.00180434,0.32014601258777226,0.32014601258777226,0.32014601258777226,0.32014601258777226
tron,2026-06-07,0.32406470243784896,30727440009.644207,596073752.3432997,0.431288,0.00180434,0.32406470243784896,0.32406470243784896,0.32406470243784896,0.32406470243784896
tron,2026-06-08,0.3266629837323283,30973806034.711708,523003800.0686591,0.431288,0.00180434,0.3266629837323283,0.3266629837323283,0.3266629837323283,0.3266629837323283
tron,2026-06-09,0.32661548296810106,30970787398.14518,481956578.20956767,0.431288,0.00180434,0.32661548296810106,0.32661548296810106,0.32661548296810106,0.32661548296810106
tron,2026-06-10,0.3227196485775606,30601642153.398052,496416538.49105465,0.431288,0.00180434,0.3227196485775606,0.3227196485775606,0.3227196485775606,0.3227196485775606
tron,2026-06-11,0.32089740638158765,30429058502.077316,441904426.5765693,0.431288,0.00180434,0.32089740638158765,0.32089740638158765,0.32089740638158765,0.32089740638158765
tron,2026-06-12,0.3165843124611876,30020340396.584923,691230393.7802134,0.431288,0.00180434,0.3165843124611876,0.3165843124611876,0.3165843124611876,0.3165843124611876
tron,2026-06-13,0.31520836023398074,29890197149.639038,563897876.2226471,0.431288,0.00180434,0.31520836023398074,0.31520836023398074,0.31520836023398074,0.31520836023398074
tron,2026-06-14,0.31705347205881534,30065163182.15955,378451825.3100601,0.431288,0.00180434,0.31705347205881534,0.31705347205881534,0.31705347205881534,0.31705347205881534
tron,2026-06-15,0.32151012565117854,30487773338.833378,496768930.9310694,0.431288,0.00180434,0.32151012565117854,0.32151012565117854,0.32151012565117854,0.32151012565117854
tron,2026-06-16,0.3182180659790366,30176795492.21328,604893906.7458961,0.431288,0.00180434,0.3182180659790366,0.3182180659790366,0.3182180659790366,0.3182180659790366
tron,2026-06-17,0.31670147948215566,30033200208.78185,551349934.0676054,0.431288,0.00180434,0.31670147948215566,0.31670147948215566,0.31670147948215566,0.31670147948215566
tron,2026-06-18,0.3215018870633772,30488757661.051636,599745144.8254323,0.431288,0.00180434,0.3215018870633772,0.3215018870633772,0.3215018870633772,0.3215018870633772
tron,2026-06-19,0.3204959763775471,30393665175.546062,489271132.72429854,0.431288,0.00180434,0.3204959763775471,0.3204959763775471,0.3204959763775471,0.3204959763775471
tron,2026-06-20,0.32358063639094947,30686586761.897446,587930809.6777894,0.431288,0.00180434,0.32358063639094947,0.32358063639094947,0.32358063639094947,0.32358063639094947
tron,2026-06-21,0.3264235162711804,30956189668.5218,639925397.4997606,0.431288,0.00180434,0.3264235162711804,0.3264235162711804,0.3264235162711804,0.3264235162711804
tron,2026-06-22,0.3273694970376364,31045901219.83313,371580233.6487032,0.431288,0.00180434,0.3273694970376364,0.3273694970376364,0.3273694970376364,0.3273694970376364
tron,2026-06-23,0.3336742605776403,31645543632.15635,592887977.0496812,0.431288,0.00180434,0.3336742605776403,0.3336742605776403,0.3336742605776403,0.3336742605776403
tron,2026-06-24,0.3289315398232175,31196075451.03148,503038170.2187263,0.431288,0.00180434,0.3289315398232175,0.3289315398232175,0.3289315398232175,0.3289315398232175
tron,2026-06-25,0.3269378503364282,31007403920.174103,702426153.8279305,0.431288,0.00180434,0.3269378503364282,0.3269378503364282,0.3269378503364282,0.3269378503364282
tron,2026-06-26,0.3235205829389456,30683685268.10162,716323257.0276875,0.431288,0.00180434,0.3235205829389456,0.3235205829389456,0.3235205829389456,0.3235205829389456
tron,2026-06-27,0.32021167590692945,30370290876.321777,543152578.8245013,0.431288,0.00180434,0.32021167590692945,0.32021167590692945,0.32021167590692945,0.32021167590692945
tron,2026-06-28,0.3209694091478663,30442445387.05561,368533111.33640563,0.431288,0.00180434,0.3209694091478663,0.3209694091478663,0.3209694091478663,0.3209694091478663
tron,2026-06-29,0.3218498247211545,30525948681.27575,469899063.8286276,0.431288,0.00180434,0.3218498247211545,0.3218498247211545,0.3218498247211545,0.3218498247211545
tron,2026-06-30,0.3210027320081194,30446783361.6297,549696166.1580274,0.431288,0.00180434,0.3210027320081194,0.3210027320081194,0.3210027320081194,0.3210027320081194
tron,2026-07-01,0.3150467400904058,29882141758.819096,530812012.5846043,0.431288,0.00180434,0.3150467400904058,0.3150467400904058,0.3150467400904058,0.3150467400904058
tron,2026-07-02,0.3157441039368279,29948530514.43644,470331380.76644355,0.431288,0.00180434,0.3157441039368279,0.3157441039368279,0.3157441039368279,0.3157441039368279
tron,2026-07-03,0.3172706099160161,30093607157.34546,381087180.9165856,0.431288,0.00180434,0.3172706099160161,0.3172706099160161,0.3172706099160161,0.3172706099160161
tron,2026-07-04,0.3231213476444479,30648926004.143864,461834004.77758473,0.431288,0.00180434,0.3231213476444479,0.3231213476444479,0.3231213476444479,0.3231213476444479
tron,2026-07-05,0.3250639392226808,30833186022.77639,349259154.2242507,0.431288,0.00180434,0.3250639392226808,0.3250639392226808,0.3250639392226808,0.3250639392226808
tron,2026-07-06,0.32902309356062304,31209880516.11152,439358990.7958276,0.431288,0.00180434,0.32902309356062304,0.32902309356062304,0.32902309356062304,0.32902309356062304
tron,2026-07-07,0.3294660715810809,31252393811.42806,484947726.65213084,0.431288,0.00180434,0.3294660715810809,0.3294660715810809,0.3294660715810809,0.3294660715810809
tron,2026-07-08,0.33145365400189114,31441272277.48705,394523588.0744924,0.431288,0.00180434,0.33145365400189114,0.33145365400189114,0.33145365400189114,0.33145365400189114
tron,2026-07-09,0.32824097208793257,31136860791.42927,440225394.7305717,0.431288,0.00180434,0.32824097208793257,0.32824097208793257,0.32824097208793257,0.32824097208793257
tron,2026-07-10,0.3319716000638488,31491050701.874935,373062438.8233739,0.431288,0.00180434,0.3319716000638488,0.3319716000638488,0.3319716000638488,0.3319716000638488
tron,2026-07-11,0.3302389262053864,31326951698.062584,372049241.5388548,0.431288,0.00180434,0.3302389262053864,0.3302389262053864,0.3302389262053864,0.3302389262053864
tron,2026-07-12,0.3296584253132556,31271884527.09815,283536316.1964161,0.431288,0.00180434,0.3296584253132556,0.3296584253132556,0.3296584253132556,0.3296584253132556
tron,2026-07-13,0.331333508273943,31430785367.779373,294948807.5365651,0.431288,0.00180434,0.331333508273943,0.331333508273943,0.331333508273943,0.331333508273943
tron,2026-07-14,0.3241850193170108,30754133311.041798,443287990.67298466,0.431288,0.00180434,0.3241850193170108,0.3241850193170108,0.3241850193170108,0.3241850193170108
tron,2026-07-15,0.3257106930900173,30899122474.74149,378418326.335145,0.431288,0.00180434,0.3257106930900173,0.3257106930900173,0.3257106930900173,0.3257106930900173
tron,2026-07-16,0.3243314121284,30768461335.324554,419092215.06473345,0.431288,0.00180434,0.3243314121284,0.3243314121284,0.3243314121284,0.3243314121284
tron,2026-07-17,0.32304898579215596,30647097096.257034,322261050.90230966,0.431288,0.00180434,0.32304898579215596,0.32304898579215596,0.32304898579215596,0.32304898579215596
tron,2026-07-18,0.32256822275880787,30601824816.192894,333901771.6124988,0.431288,0.00180434,0.32256822275880787,0.32256822275880787,0.32256822275880787,0.32256822275880787
tron,2026-07-19,0.3256318700488089,30892470921.582253,317996122.53550106,0.431288,0.00180434,0.3256318700488089,0.3256318700488089,0.3256318700488089,0.3256318700488089
tron,2026-07-20,0.32671095226218805,30994842706.917072,270348597.38803613,0.431288,0.00180434,0.32671095226218805,0.32671095226218805,0.32671095226218805,0.32671095226218805
tron,2026-07-21,0.32666215382358943,30991782833.637573,352582690.585362,0.431288,0.00180434,0.32666215382358943,0.32666215382358943,0.32666215382358943,0.32666215382358943
tron,2026-07-22,0.32943744569339517,31255417799.68577,350026533.3131987,0.431288,0.00180434,0.32943744569339517,0.32943744569339517,0.32943744569339517,0.32943744569339517
tron,2026-07-23,0.3287571731287957,31191262767.40121,304462711.6014426,0.431288,0.00180434,0.3287571731287957,0.3287571731287957,0.3287571731287957,0.3287571731287957
tron,2026-07-24,0.3286965172917358,31185910727.258995,349231732.5730805,0.431288,0.00180434,0.3286965172917358,0.3286965172917358,0.3286965172917358,0.3286965172917358
tron,2026-07-25,0.3305595919230067,31363255120.1144,361804347.8343006,0.431288,0.00180434,0.3305595919230067,0.3305595919230067,0.3305595919230067,0.3305595919230067
tron,2026-07-26,0.3313062541069707,31434097888.366783,299046152.1455851,0.431288,0.00180434,0.3313062541069707,0.3313062541069707,0.3313062541069707,0.3313062541069707
figure-heloc,2025-08-26,0.9963328,0.0,24561674.948169015,,,0.9963328,0.9963328,0.9963328,0.9963328
figure-heloc,2025-08-27,0.9963328,0.0,24561674.948169015,,,0.9963328,0.9963328,0.9963328,0.9963328
figure-heloc,2025-08-28,1.027829,0.0,44119466.35375767,,,1.027829,1.027829,1.027829,1.027829
figure-heloc,2025-08-29,1.0002922,0.0,907510245.1461282,,,1.0002922,1.0002922,1.0002922,1.0002922
figure-heloc,2025-08-30,1.0561336,0.0,169415213.1324254,,,1.0561336,1.0561336,1.0561336,1.0561336
figure-heloc,2025-08-31,1.0,0.0,475031.0,,,1.0,1.0,1.0,1.0
figure-heloc,2025-09-02,0.9879486,12190871639.657,80629.98000505613,,,0.9879486,0.9879486,0.9879486,0.9879486
figure-heloc,2025-09-03,1.0067018,12256109807.88786,13855609.18334009,,,1.0067018,1.0067018,1.0067018,1.0067018
figure-heloc,2025-09-04,0.9969653,12216018143.8496,33095148.51253635,,,0.9969653,0.9969653,0.9969653,0.9969653
figure-heloc,2025-09-05,1.0337352,12658508663.59381,215620101.4482644,,,1.0337352,1.0337352,1.0337352,1.0337352
figure-heloc,2025-09-06,1.0042326,12297237307.352345,27867114.90826798,,,1.0042326,1.0042326,1.0042326,1.0042326
figure-heloc,2025-09-07,1.0,12245407396.008,501484.35,,,1.0,1.0,1.0,1.0
figure-heloc,2025-09-08,1.000098,12312684309.368,312120.00002237165,,,1.000098,1.000098,1.000098,1.000098
figure-heloc,2025-09-09,0.9957785,12252877582.945795,10354758.487943126,,,0.9957785,0.9957785,0.9957785,0.9957785
figure-heloc,2025-09-10,0.9974067,12318969266.778831,19219169.46678908,,,0.9974067,0.9974067,0.9974067,0.9974067
figure-heloc,2025-09-11,0.9925529,12259019987.28523,22399365.610615987,,,0.9925529,0.9925529,0.9925529,0.9925529
figure-heloc,2025-09-12,1.0361964,12829509664.652971,41642955.336604126,,,1.0361964,1.0361964,1.0361964,1.0361964
figure-heloc,2025-09-13,1.0109149,12516490580.059622,29673999.921824303,,,1.0109149,1.0109149,1.0109149,1.0109149
figure-heloc,2025-09-14,1.0,12381349389.607,539696.29,,,1.0,1.0,1.0,1.0
figure-heloc,2025-09-15,0.9980371,12439777892.641,1871519.7550121504,,,0.9980371,0.9980371,0.9980371,0.9980371
figure-heloc,2025-09-16,0.9956035,12369407615.656546,11819223.148008993,,,0.9956035,0.9956035,0.9956035,0.9956035
figure-heloc,2025-09-17,0.9972857,12460007409.727127,25219156.632602043,,,0.9972857,0.9972857,0.9972857,0.9972857
figure-heloc,2025-09-18,1.0247849,12806287473.7567,73434460.55382496,,,1.0247849,1.0247849,1.0247849,1.0247849
figure-heloc,2025-09-19,1.0359037,12953118528.640133,233326938.30367655,,,1.0359037,1.0359037,1.0359037,1.0359037
figure-heloc,2025-09-20,0.9974495,12525837975.301332,19697016.66800253,,,0.9974495,0.9974495,0.9974495,0.9974495
figure-heloc,2025-09-21,1.0,12582021563.482,510170.0,,,1.0,1.0,1.0,1.0
figure-heloc,2025-09-22,0.9873458,12419501824.173756,336418.9398001262,,,0.9873458,0.9873458,0.9873458,0.9873458
figure-heloc,2025-09-23,0.9970039,12532064842.243576,10440473.50277677,,,0.9970039,0.9970039,0.9970039,0.9970039
figure-heloc,2025-09-24,0.99701,12596423092.67929,29432185.9191596,,,0.99701,0.99701,0.99701,0.99701
figure-heloc,2025-09-25,0.9998565,12628967366.7087,157323548.69183677,,,0.9998565,0.9998565,0.9998565,0.9998565
figure-heloc,2025-09-26,1.0066126,12764285085.692226,19726395.839715328,,,1.0066126,1.0066126,1.0066126,1.0066126
figure-heloc,2025-09-27,1.0251967,12999939547.459358,45124211.27457144,,,1.0251967,1.0251967,1.0251967,1.0251967
figure-heloc,2025-09-28,1.0,12680434444.882,838193.0,,,1.0,1.0,1.0,1.0
figure-heloc,2025-09-29,0.9804031,12479823430.76566,277092.69000888854,,,0.9804031,0.9804031,0.9804031,0.9804031
figure-heloc,2025-09-30,1.0461777,13317086587.34813,56595165.07762864,,,1.0461777,1.0461777,1.0461777,1.0461777
figure-heloc,2025-10-01,1.0359783,13206692886.92109,184419843.4059693,,,1.0359783,1.0359783,1.0359783,1.0359783
figure-heloc,2025-10-02,1.0265476,13089255315.03786,72879200.90596998,,,1.0265476,1.0265476,1.0265476,1.0265476
figure-heloc,2025-10-03,1.0078931,12918447257.707024,48817110.54580413,,,1.0078931,1.0078931,1.0078931,1.0078931
figure-heloc,2025-10-04,1.0085216,12943375108.261536,16699332.149926811,,,1.0085216,1.0085216,1.0085216,1.0085216
figure-heloc,2025-10-05,1.0,12834008818.712,754002.0,,,1.0,1.0,1.0,1.0
figure-heloc,2025-10-06,0.9754688,12846283608.342,76517.21759735524,,,0.9754688,0.9754688,0.9754688,0.9754688
figure-heloc,2025-10-07,0.9975792,12812851360.514969,10282543.03382113,,,0.9975792,0.9975792,0.9975792,0.9975792
figure-heloc,2025-10-08,0.9966629,12863570992.46928,28046251.45806028,,,0.9966629,0.9966629,0.9966629,0.9966629
figure-heloc,2025-10-09,1.0170958,13143419145.750986,17291943.716665138,,,1.0170958,1.0170958,1.0170958,1.0170958
figure-heloc,2025-10-10,1.0300279,13341026580.352184,122082234.07274982,,,1.0300279,1.0300279,1.0300279,1.0300279
figure-heloc,2025-10-11,1.035177,13407718249.543758,61440288.230907105,,,1.035177,1.035177,1.035177,1.035177
figure-heloc,2025-10-12,1.0,12952102152.138,603543.0,,,1.0,1.0,1.0,1.0
figure-heloc,2025-10-13,0.9754261,12669916949.605452,389493.1097862995,,,0.9754261,0.9754261,0.9754261,0.9754261
figure-heloc,2025-10-14,0.9984536,12966409292.453016,6332459.989789955,,,0.9984536,0.9984536,0.9984536,0.9984536
figure-heloc,2025-10-15,0.9911608,12859165702.323864,5821840.824150176,,,0.9911608,0.9911608,0.9911608,0.9911608
figure-heloc,2025-10-16,1.023089,13305078315.64038,73548928.18972512,,,1.023089,1.023089,1.023089,1.023089
figure-heloc,2025-10-17,1.0429057,13611900866.322647,125088951.14719774,,,1.0429057,1.0429057,1.0429057,1.0429057
figure-heloc,2025-10-18,0.9996274,13078156437.92207,104874703.69419956,,,0.9996274,0.9996274,0.9996274,0.9996274
figure-heloc,2025-10-19,1.0,13083031175.338,718799.79,,,1.0,1.0,1.0,1.0
figure-heloc,2025-10-20,0.9715211,13132045320.788,204000.000011054,,,0.9715211,0.9715211,0.9715211,0.9715211
figure-heloc,2025-10-21,0.9967829,13088500620.589563,18432799.834144372,,,0.9967829,0.9967829,0.9967829,0.9967829
figure-heloc,2025-10-22,1.020207,13434811299.837946,44613238.74164547,,,1.020207,1.020207,1.020207,1.020207
figure-heloc,2025-10-23,1.0004296,13199109699.954144,608944295.8650364,,,1.0004296,1.0004296,1.0004296,1.0004296
figure-heloc,2025-10-24,1.0092475,13339888589.445168,21246371.38764456,,,1.0092475,1.0092475,1.0092475,1.0092475
figure-heloc,2025-10-25,0.498796,6601909734.459495,15100445.6741288,,,0.498796,0.498796,0.498796,0.498796
figure-heloc,2025-10-26,0.9992996,13226420734.89258,1162831.33999507,,,0.9992996,0.9992996,0.9992996,0.9992996
figure-heloc,2025-10-27,0.9808635,13000872472.381643,30600.0000008862,,,0.9808635,0.9808635,0.9808635,0.9808635
figure-heloc,2025-10-28,0.9972013,13208312097.480309,10969282.161826884,,,0.9972013,0.9972013,0.9972013,0.9972013
figure-heloc,2025-10-29,1.0298624,13699201191.25492,64123209.54655461,,,1.0298624,1.0298624,1.0298624,1.0298624
figure-heloc,2025-10-30,0.9991034,13324040297.191822,32268258.37232195,,,0.9991034,0.9991034,0.9991034,0.9991034
figure-heloc,2025-10-31,0.2340344,3125308780.3634634,28778082.380990528,,,0.2340344,0.2340344,0.2340344,0.2340344
figure-heloc,2025-11-01,1.044208,13970691852.538015,175553692.90114024,,,1.044208,1.044208,1.044208,1.044208
figure-heloc,2025-11-02,1.0169749,13617887337.321474,529122.5004975564,,,1.0169749,1.0169749,1.0169749,1.0169749
figure-heloc,2025-11-03,1.0099029,13521102838.973269,403959.8199700696,,,1.0099029,1.0099029,1.0099029,1.0099029
figure-heloc,2025-11-04,1.00542,13461083453.033457,12529923.053922256,,,1.00542,1.00542,1.00542,1.00542
figure-heloc,2025-11-05,1.0333763,13890293672.636765,24365591.8388614,,,1.0333763,1.0333763,1.0333763,1.0333763
figure-heloc,2025-11-06,1.0312779,13881193366.30185,13173370.791810228,,,1.0312779,1.0312779,1.0312779,1.0312779
figure-heloc,2025-11-07,1.0304729,13897920501.59518,15535189.725446971,,,1.0304729,1.0304729,1.0304729,1.0304729
figure-heloc,2025-11-08,1.0287934,13892008294.64598,12764427.130911252,,,1.0287934,1.0287934,1.0287934,1.0287934
figure-heloc,2025-11-09,1.046765,14158285932.04561,78296100.84079255,,,1.046765,1.046765,1.046765,1.046765
figure-heloc,2025-11-10,1.0130197,13701855304.09888,234199.25313909276,,,1.0130197,1.0130197,1.0130197,1.0130197
figure-heloc,2025-11-11,1.0310212,13945339165.525007,9686806.268951438,,,1.0310212,1.0310212,1.0310212,1.0310212
figure-heloc,2025-11-12,1.0373879,14023565575.067083,17018611.508782007,,,1.0373879,1.0373879,1.0373879,1.0373879
figure-heloc,2025-11-13,1.0169999,13798738137.54935,6094146.3567297235,,,1.0169999,1.0169999,1.0169999,1.0169999
figure-heloc,2025-11-14,1.0378869,14068602692.538515,52575702.83784043,,,1.0378869,1.0378869,1.0378869,1.0378869
figure-heloc,2025-11-15,1.0376511,14107556198.5863,223032842.16531897,,,1.0376511,1.0376511,1.0376511,1.0376511
figure-heloc,2025-11-16,1.02654,13984297001.329098,109521577.4833296,,,1.02654,1.02654,1.02654,1.02654
figure-heloc,2025-11-17,1.02,13909066076.769,217098.18741284136,,,1.02,1.02,1.02,1.02
figure-heloc,2025-11-18,1.0287422,14028277682.118343,13751317.648680368,,,1.0287422,1.0287422,1.0287422,1.0287422
figure-heloc,2025-11-19,1.0314033,14139746999.13529,36963580.67377403,,,1.0314033,1.0314033,1.0314033,1.0314033
figure-heloc,2025-11-20,1.0347975,14219413242.88838,21746659.340203498,,,1.0347975,1.0347975,1.0347975,1.0347975
figure-heloc,2025-11-21,1.0172543,14009223435.97972,28730574.884189583,,,1.0172543,1.0172543,1.0172543,1.0172543
figure-heloc,2025-11-22,1.0298158,14204428116.256542,21411061.798093036,,,1.0298158,1.0298158,1.0298158,1.0298158
figure-heloc,2025-11-23,1.02621,14170843837.96877,7264132.5791661,,,1.02621,1.02621,1.02621,1.02621
figure-heloc,2025-11-24,1.0220372,14167446314.206694,192167.7693717869,,,1.0220372,1.0220372,1.0220372,1.0220372
figure-heloc,2025-11-25,1.0310968,14231902443.103146,18840167.08982876,,,1.0310968,1.0310968,1.0310968,1.0310968
figure-heloc,2025-11-26,1.0059241,13949095683.232878,778255602.0238465,,,1.0059241,1.0059241,1.0059241,1.0059241
figure-heloc,2025-11-27,1.0360244,14366494933.130571,67457885.14636596,,,1.0360244,1.0360244,1.0360244,1.0360244
figure-heloc,2025-11-28,1.0462745,14570619922.90696,395944.6910001443,,,1.0462745,1.0462745,1.0462745,1.0462745
figure-heloc,2025-11-29,1.0397093,14476305353.954624,14897486.784285467,,,1.0397093,1.0397093,1.0397093,1.0397093
figure-heloc,2025-11-30,1.0249049,14288575001.39299,146770.66648418247,,,1.0249049,1.0249049,1.0249049,1.0249049
figure-heloc,2025-12-01,1.0188424,14281293121.300566,243476.21150530947,,,1.0188424,1.0188424,1.0188424,1.0188424
figure-heloc,2025-12-02,1.0311473,14366803139.952652,24948607.88817753,,,1.0311473,1.0311473,1.0311473,1.0311473
figure-heloc,2025-12-03,1.034684,14471421101.184189,22514903.939029437,,,1.034684,1.034684,1.034684,1.034684
figure-heloc,2025-12-04,1.0017172,14047443465.58643,387788917.34718245,,,1.0017172,1.0017172,1.0017172,1.0017172
figure-heloc,2025-12-05,1.001318,14044096701.847645,465289189.9224462,,,1.001318,1.001318,1.001318,1.001318
figure-heloc,2025-12-06,1.0391568,14574808989.33461,292869584.7260512,,,1.0391568,1.0391568,1.0391568,1.0391568
figure-heloc,2025-12-07,1.0285794,14469471305.539268,96951.2014019314,,,1.0285794,1.0285794,1.0285794,1.0285794
figure-heloc,2025-12-08,1.0197505,14343239874.950388,764812.907625,,,1.0197505,1.0197505,1.0197505,1.0197505
figure-heloc,2025-12-09,1.0302163,14489184585.178305,11942256.68322762,,,1.0302163,1.0302163,1.0302163,1.0302163
figure-heloc,2025-12-10,1.0332595,14558626248.72926,20897522.575891305,,,1.0332595,1.0332595,1.0332595,1.0332595
figure-heloc,2025-12-11,1.0205235,14420114241.621658,19645312.52251741,,,1.0205235,1.0205235,1.0205235,1.0205235
figure-heloc,2025-12-12,1.0309078,14589683867.573374,221787599.18325055,,,1.0309078,1.0309078,1.0309078,1.0309078
figure-heloc,2025-12-13,1.0314235,14596982192.38041,12473906.514016677,,,1.0314235,1.0314235,1.0314235,1.0314235
figure-heloc,2025-12-14,1.0,14152268386.73,742053.62,,,1.0,1.0,1.0,1.0
figure-heloc,2025-12-15,1.0124723,14189381098.29,158135.05713619702,,,1.0124723,1.0124723,1.0124723,1.0124723
figure-heloc,2025-12-16,1.0314763,14634010907.396612,12111588.651780896,,,1.0314763,1.0314763,1.0314763,1.0314763
figure-heloc,2025-12-17,1.0331295,14713120306.993973,26140188.383997776,,,1.0331295,1.0331295,1.0331295,1.0331295
figure-heloc,2025-12-18,1.001266,14282775361.241806,374611400.61144376,,,1.001266,1.001266,1.001266,1.001266
figure-heloc,2025-12-19,1.0123518,14440911152.429815,401500511.5703746,,,1.0123518,1.0123518,1.0123518,1.0123518
figure-heloc,2025-12-20,1.0017211,14289267233.598305,255443509.0611651,,,1.0017211,1.0017211,1.0017211,1.0017211
figure-heloc,2025-12-21,1.0206502,14559285473.596949,237970.33563996552,,,1.0206502,1.0206502,1.0206502,1.0206502
figure-heloc,2025-12-22,1.0394336,14885044772.56939,963457.9119919722,,,1.0394336,1.0394336,1.0394336,1.0394336
figure-heloc,2025-12-23,1.0356124,14818159589.646303,40833245.21195993,,,1.0356124,1.0356124,1.0356124,1.0356124
figure-heloc,2025-12-24,1.0267446,14683352778.579803,41704007.92441519,,,1.0267446,1.0267446,1.0267446,1.0267446
figure-heloc,2025-12-25,1.0397183,14906294968.65512,67004532.50004985,,,1.0397183,1.0397183,1.0397183,1.0397183
figure-heloc,2025-12-26,1.0389991,14924929393.375898,223095.4552000802,,,1.0389991,1.0389991,1.0389991,1.0389991
figure-heloc,2025-12-27,1.025905,14734694024.897455,5752163.090418612,,,1.025905,1.025905,1.025905,1.025905
figure-heloc,2025-12-28,1.02033,14668507311.229303,870976.4999325707,,,1.02033,1.02033,1.02033,1.02033
figure-heloc,2025-12-29,1.0194978,14665412711.26321,383171.1030482275,,,1.0194978,1.0194978,1.0194978,1.0194978
figure-heloc,2025-12-30,1.035325,14878241978.942986,20018475.10575208,,,1.035325,1.035325,1.035325,1.035325
figure-heloc,2025-12-31,1.0414937,15008878408.745598,306261881.9050355,,,1.0414937,1.0414937,1.0414937,1.0414937
figure-heloc,2026-01-01,1.0294309849140382,14828373657.208525,6597253.184229473,,,1.0294309849140382,1.0294309849140382,1.0294309849140382,1.0294309849140382
figure-heloc,2026-01-02,1.0415030155019744,14985421333.073689,2156271.0501358523,,,1.0415030155019744,1.0415030155019744,1.0415030155019744,1.0415030155019744
figure-heloc,2026-01-03,1.033111115506149,14864676452.5014,6152922.413104512,,,1.033111115506149,1.033111115506149,1.033111115506149,1.033111115506149
figure-heloc,2026-01-05,1.0187418076643193,14657927044.1277,160776.8642808656,,,1.0187418076643193,1.0187418076643193,1.0187418076643193,1.0187418076643193
figure-heloc,2026-01-06,1.0322403167604184,14852147169.429861,12950840.773155168,,,1.0322403167604184,1.0322403167604184,1.0322403167604184,1.0322403167604184
figure-heloc,2026-01-07,1.034719338534476,14929122014.73981,16411556.064891944,,,1.034719338534476,1.034719338534476,1.034719338534476,1.034719338534476
figure-heloc,2026-01-08,1.0342753552144426,14957567400.160652,7477730.351577784,,,1.0342753552144426,1.0342753552144426,1.0342753552144426,1.0342753552144426
figure-heloc,2026-01-09,1.0351882251449294,14991598400.934029,12107039.829244679,,,1.0351882251449294,1.0351882251449294,1.0351882251449294,1.0351882251449294
figure-heloc,2026-01-10,1.0345475224343872,15002136393.816898,19742990.198436044,,,1.0345475224343872,1.0345475224343872,1.0345475224343872,1.0345475224343872
figure-heloc,2026-01-12,1.01712379974912,14761807188.372946,37507.96580144842,,,1.01712379974912,1.01712379974912,1.01712379974912,1.01712379974912
figure-heloc,2026-01-13,1.0389392251093252,15078420665.492567,41037537.83477779,,,1.0389392251093252,1.0389392251093252,1.0389392251093252,1.0389392251093252
figure-heloc,2026-01-14,1.0337076301787602,15060995575.890972,23719486.47937811,,,1.0337076301787602,1.0337076301787602,1.0337076301787602,1.0337076301787602
figure-heloc,2026-01-15,1.0376188359150638,15145504680.780312,17967252.29627506,,,1.0376188359150638,1.0376188359150638,1.0376188359150638,1.0376188359150638
figure-heloc,2026-01-16,1.0302992759709275,15062928509.471457,142707475.6860381,,,1.0302992759709275,1.0302992759709275,1.0302992759709275,1.0302992759709275
figure-heloc,2026-01-17,1.0317454722990984,15098025288.437973,13048557.220667213,,,1.0317454722990984,1.0317454722990984,1.0317454722990984,1.0317454722990984
figure-heloc,2026-01-20,1.0007981065866232,14659032759.076315,1754035.7911336594,,,1.0007981065866232,1.0007981065866232,1.0007981065866232,1.0007981065866232
figure-heloc,2026-01-21,1.027151096380809,15034129574.338123,9408380.757312136,,,1.027151096380809,1.027151096380809,1.027151096380809,1.027151096380809
figure-heloc,2026-01-22,1.0340030762377797,15134420128.837282,23115775.797910772,,,1.0340030762377797,1.0340030762377797,1.0340030762377797,1.0340030762377797
figure-heloc,2026-01-23,1.0456684925078412,15363582728.51843,64185562.94613251,,,1.0456684925078412,1.0456684925078412,1.0456684925078412,1.0456684925078412
figure-heloc,2026-01-24,1.0235491277659152,15060630352.526188,21437620.48872102,,,1.0235491277659152,1.0235491277659152,1.0235491277659152,1.0235491277659152
figure-heloc,2026-01-26,1.02082311027646,15089960744.653137,229775.92036201377,,,1.02082311027646,1.02082311027646,1.02082311027646,1.02082311027646
figure-heloc,2026-01-27,1.0322638910026647,15259080086.0049,17518545.55998482,,,1.0322638910026647,1.0322638910026647,1.0322638910026647,1.0322638910026647
figure-heloc,2026-01-28,1.0336046638411172,15327155464.908329,24653325.96382758,,,1.0336046638411172,1.0336046638411172,1.0336046638411172,1.0336046638411172
figure-heloc,2026-01-29,1.030814287040187,15211925788.250147,77343631.05486362,,,1.030814287040187,1.030814287040187,1.030814287040187,1.030814287040187
figure-heloc,2026-01-30,1.038966057292253,15366726423.58339,130807986.46768285,,,1.038966057292253,1.038966057292253,1.038966057292253,1.038966057292253
figure-heloc,2026-01-31,1.0429857029716814,15533693076.473312,127070713.36099781,,,1.0429857029716814,1.0429857029716814,1.0429857029716814,1.0429857029716814
figure-heloc,2026-02-02,1.0205807912091878,15191135861.135036,590045.641048755,,,1.0205807912091878,1.0205807912091878,1.0205807912091878,1.0205807912091878
figure-heloc,2026-02-03,1.0333535663554405,15371756325.276983,8268368.9406713545,,,1.0333535663554405,1.0333535663554405,1.0333535663554405,1.0333535663554405
figure-heloc,2026-02-04,1.0366525304051617,15495149621.11473,26852993.715798512,,,1.0366525304051617,1.0366525304051617,1.0366525304051617,1.0366525304051617
figure-heloc,2026-02-05,1.0056220214100497,15052605474.013248,387425518.8843267,,,1.0056220214100497,1.0056220214100497,1.0056220214100497,1.0056220214100497
figure-heloc,2026-02-06,1.0024252340427855,15026876176.98093,424675695.87738746,,,1.0024252340427855,1.0024252340427855,1.0024252340427855,1.0024252340427855
figure-heloc,2026-02-07,1.0288241415077244,15427348409.20269,149085956.70004877,,,1.0288241415077244,1.0288241415077244,1.0288241415077244,1.0288241415077244
figure-heloc,2026-02-08,1.033576075743755,15515075406.979599,4962972.154287486,,,1.033576075743755,1.033576075743755,1.033576075743755,1.033576075743755
figure-heloc,2026-02-09,1.0206875565915643,15315366982.09176,408275.02263662574,,,1.0206875565915643,1.0206875565915643,1.0206875565915643,1.0206875565915643
figure-heloc,2026-02-10,1.0340480527861176,15512607945.04742,9742682.63404173,,,1.0340480527861176,1.0340480527861176,1.0340480527861176,1.0340480527861176
figure-heloc,2026-02-11,1.0326734577013965,15655675078.072472,28747400.573738627,,,1.0326734577013965,1.0326734577013965,1.0326734577013965,1.0326734577013965
figure-heloc,2026-02-12,1.045350562415912,15773134434.508415,45067850.622525394,,,1.045350562415912,1.045350562415912,1.045350562415912,1.045350562415912
figure-heloc,2026-02-13,1.0411847466148534,15740310319.957375,133080984.94130594,,,1.0411847466148534,1.0411847466148534,1.0411847466148534,1.0411847466148534
figure-heloc,2026-02-14,1.033918358114894,15657793782.500711,14379051.894942753,,,1.033918358114894,1.033918358114894,1.033918358114894,1.033918358114894
figure-heloc,2026-02-17,1.0177156600493271,15424502932.287842,117404.51307013162,,,1.0177156600493271,1.0177156600493271,1.0177156600493271,1.0177156600493271
figure-heloc,2026-02-18,1.0317588475096764,15633545149.182138,11284796.423976377,,,1.0317588475096764,1.0317588475096764,1.0317588475096764,1.0317588475096764
figure-heloc,2026-02-19,1.0321048196378386,15712767549.01449,31449691.392791234,,,1.0321048196378386,1.0321048196378386,1.0321048196378386,1.0321048196378386
figure-heloc,2026-02-20,1.0292686082312181,15669589056.186863,83887055.04389085,,,1.0292686082312181,1.0292686082312181,1.0292686082312181,1.0292686082312181
figure-heloc,2026-02-21,1.0354021000518046,15762965358.09627,15790420.47629813,,,1.0354021000518046,1.0354021000518046,1.0354021000518046,1.0354021000518046
figure-heloc,2026-02-23,1.0162236549163681,15470992639.210623,79826.61394795809,,,1.0162236549163681,1.0162236549163681,1.0162236549163681,1.0162236549163681
figure-heloc,2026-02-24,1.0316309243868427,15705552965.98009,22221496.00786154,,,1.0316309243868427,1.0316309243868427,1.0316309243868427,1.0316309243868427
figure-heloc,2026-02-25,1.0339091416364659,15898364554.509556,30868448.073632017,,,1.0339091416364659,1.0339091416364659,1.0339091416364659,1.0339091416364659
figure-heloc,2026-02-26,1.0312795473791394,15883371837.390417,16399215.864123922,,,1.0312795473791394,1.0312795473791394,1.0312795473791394,1.0312795473791394
figure-heloc,2026-02-27,1.021488726295313,15762189312.30548,30206625.665314086,,,1.021488726295313,1.021488726295313,1.021488726295313,1.021488726295313
figure-heloc,2026-02-28,1.04869915501466,16189919856.806395,176603635.96544665,,,1.04869915501466,1.04869915501466,1.04869915501466,1.04869915501466
figure-heloc,2026-03-02,1.0278238894622982,15884666599.066084,971024.6556994328,,,1.0278238894622982,1.0278238894622982,1.0278238894622982,1.0278238894622982
figure-heloc,2026-03-03,1.0306036658372597,15927627091.995787,12234667.752836011,,,1.0306036658372597,1.0306036658372597,1.0306036658372597,1.0306036658372597
figure-heloc,2026-03-04,1.0330801085630976,16045512587.96632,34685782.76738562,,,1.0330801085630976,1.0330801085630976,1.0330801085630976,1.0330801085630976
figure-heloc,2026-03-05,1.0225388095922259,15909937446.529116,22825607.157237217,,,1.0225388095922259,1.0225388095922259,1.0225388095922259,1.0225388095922259
figure-heloc,2026-03-06,1.0167436589810477,15864010499.948456,37318559.645602964,,,1.0167436589810477,1.0167436589810477,1.0167436589810477,1.0167436589810477
figure-heloc,2026-03-07,1.0365909688132202,16209221617.836018,222208806.6929723,,,1.0365909688132202,1.0365909688132202,1.0365909688132202,1.0365909688132202
figure-heloc,2026-03-09,1.0496117893493024,16428788186.31236,365533.1834669149,,,1.0496117893493024,1.0496117893493024,1.0496117893493024,1.0496117893493024
figure-heloc,2026-03-10,1.0414802955436913,16301511996.461716,61373777.72546274,,,1.0414802955436913,1.0414802955436913,1.0414802955436913,1.0414802955436913
figure-heloc,2026-03-11,1.0359584635739534,16291203882.19473,43728178.066048674,,,1.0359584635739534,1.0359584635739534,1.0359584635739534,1.0359584635739534
figure-heloc,2026-03-12,1.0268018544860196,16179823835.773827,19582930.632038135,,,1.0268018544860196,1.0268018544860196,1.0268018544860196,1.0268018544860196
figure-heloc,2026-03-13,1.0080993568231307,15923897660.522503,1013990127.4893376,,,1.0080993568231307,1.0080993568231307,1.0080993568231307,1.0080993568231307
figure-heloc,2026-03-14,1.022165716477409,16177780806.754757,24657028.16214406,,,1.022165716477409,1.022165716477409,1.022165716477409,1.022165716477409
figure-heloc,2026-03-16,1.017255352548492,16120758768.683315,218360.23961559427,,,1.017255352548492,1.017255352548492,1.017255352548492,1.017255352548492
figure-heloc,2026-03-17,1.0266529320092175,16265818758.748625,13791602.324007638,,,1.0266529320092175,1.0266529320092175,1.0266529320092175,1.0266529320092175
figure-heloc,2026-03-18,1.0315022469269508,16342649082.898752,38828529.661342196,,,1.0315022469269508,1.0315022469269508,1.0315022469269508,1.0315022469269508
figure-heloc,2026-03-19,1.025085373346247,16240983077.370222,41737861.18281873,,,1.025085373346247,1.025085373346247,1.025085373346247,1.025085373346247
figure-heloc,2026-03-20,1.0155676479999565,16090188596.926542,37629978.51768944,,,1.0155676479999565,1.0155676479999565,1.0155676479999565,1.0155676479999565
figure-heloc,2026-03-21,1.0030413211541063,15891727212.524033,327647568.78095627,,,1.0030413211541063,1.0030413211541063,1.0030413211541063,1.0030413211541063
figure-heloc,2026-03-22,1.0001329243581492,15845647905.98664,296346270.47238016,,,1.0001329243581492,1.0001329243581492,1.0001329243581492,1.0001329243581492
figure-heloc,2026-03-23,1.0189491873381298,16143764157.162523,107397.64173562195,,,1.0189491873381298,1.0189491873381298,1.0189491873381298,1.0189491873381298
figure-heloc,2026-03-24,1.029542319583715,16311596891.88908,18952906.704391018,,,1.029542319583715,1.029542319583715,1.029542319583715,1.029542319583715
figure-heloc,2026-03-25,1.0338732026959747,16667863332.194569,42970996.24690542,,,1.0338732026959747,1.0338732026959747,1.0338732026959747,1.0338732026959747
figure-heloc,2026-03-26,1.0242685717317785,16548968331.489042,27949731.57029634,,,1.0242685717317785,1.0242685717317785,1.0242685717317785,1.0242685717317785
figure-heloc,2026-03-27,1.0188654570268334,16507304522.063215,25704036.865104612,,,1.0188654570268334,1.0188654570268334,1.0188654570268334,1.0188654570268334
figure-heloc,2026-03-28,1.0322327188191782,16756869513.26118,64945609.355929784,,,1.0322327188191782,1.0322327188191782,1.0322327188191782,1.0322327188191782
figure-heloc,2026-03-30,1.00060940058516,16263350627.518982,26210307.699079476,,,1.00060940058516,1.00060940058516,1.00060940058516,1.00060940058516
figure-heloc,2026-03-31,1.0042577061752425,16322648164.57305,644960955.79174,,,1.0042577061752425,1.0042577061752425,1.0042577061752425,1.0042577061752425
figure-heloc,2026-04-01,1.0325110031350047,16810617709.522375,379747934.57504374,,,1.0325110031350047,1.0325110031350047,1.0325110031350047,1.0325110031350047
figure-heloc,2026-04-02,1.0253194189761874,16710409830.440952,14733750.673594061,,,1.0253194189761874,1.0253194189761874,1.0253194189761874,1.0253194189761874
figure-heloc,2026-04-03,1.033939404928606,16972564256.323511,42533859.40474938,,,1.033939404928606,1.033939404928606,1.033939404928606,1.033939404928606
figure-heloc,2026-04-04,1.0316607374696933,16958969599.921438,42288553.82231544,,,1.0316607374696933,1.0316607374696933,1.0316607374696933,1.0316607374696933
figure-heloc,2026-04-06,1.0318160929071023,16988380009.839691,216577.38276648737,,,1.0318160929071023,1.0318160929071023,1.0318160929071023,1.0318160929071023
figure-heloc,2026-04-07,1.0195399068217914,16786258221.158163,24255827.024361525,,,1.0195399068217914,1.0195399068217914,1.0195399068217914,1.0195399068217914
figure-heloc,2026-04-08,1.0330799272615627,17079736723.49359,34612126.748892695,,,1.0330799272615627,1.0330799272615627,1.0330799272615627,1.0330799272615627
figure-heloc,2026-04-09,1.0322478722027348,17105233344.397905,19059631.099990867,,,1.0322478722027348,1.0322478722027348,1.0322478722027348,1.0322478722027348
figure-heloc,2026-04-10,1.0340945675923858,17166899162.580557,18482226.771518726,,,1.0340945675923858,1.0340945675923858,1.0340945675923858,1.0340945675923858
figure-heloc,2026-04-11,1.0211482592367338,16976427284.76973,23092499.77491814,,,1.0211482592367338,1.0211482592367338,1.0211482592367338,1.0211482592367338
figure-heloc,2026-04-13,1.0194392467313642,16967876710.921827,323346.20922030765,,,1.0194392467313642,1.0194392467313642,1.0194392467313642,1.0194392467313642
figure-heloc,2026-04-14,1.0266752723332668,17088315462.602055,14799188.256002719,,,1.0266752723332668,1.0266752723332668,1.0266752723332668,1.0266752723332668
figure-heloc,2026-04-15,1.0274078393568333,17187938297.815025,73007817.13883927,,,1.0274078393568333,1.0274078393568333,1.0274078393568333,1.0274078393568333
figure-heloc,2026-04-16,1.0332667376287175,17334390291.340004,152071193.43444222,,,1.0332667376287175,1.0332667376287175,1.0332667376287175,1.0332667376287175
figure-heloc,2026-04-17,1.0232583903627674,17203318953.10416,98082169.32531416,,,1.0232583903627674,1.0232583903627674,1.0232583903627674,1.0232583903627674
figure-heloc,2026-04-18,1.0213541489854043,17077509851.381615,29204308.408374958,,,1.0213541489854043,1.0213541489854043,1.0213541489854043,1.0213541489854043
figure-heloc,2026-04-20,1.0167564273724747,17159526158.179613,615748.3431408842,,,1.0167564273724747,1.0167564273724747,1.0167564273724747,1.0167564273724747
figure-heloc,2026-04-21,1.0303405868079356,17386438028.67315,16933625.546416894,,,1.0303405868079356,1.0303405868079356,1.0303405868079356,1.0303405868079356
figure-heloc,2026-04-22,1.0340342102710762,17524455040.39509,33081100.04147602,,,1.0340342102710762,1.0340342102710762,1.0340342102710762,1.0340342102710762
figure-heloc,2026-04-23,1.0359452594402982,17604758424.47157,103539128.13935465,,,1.0359452594402982,1.0359452594402982,1.0359452594402982,1.0359452594402982
figure-heloc,2026-04-24,1.0311367119384311,17565443471.43813,320300297.96983373,,,1.0311367119384311,1.0311367119384311,1.0311367119384311,1.0311367119384311
figure-heloc,2026-04-25,1.0255518571209137,17498017751.398815,25613353.429955382,,,1.0255518571209137,1.0255518571209137,1.0255518571209137,1.0255518571209137
figure-heloc,2026-04-27,1.0181143607848755,17416229928.77564,160633.31906942918,,,1.0181143607848755,1.0181143607848755,1.0181143607848755,1.0181143607848755
figure-heloc,2026-04-28,1.0307769039254295,17629831581.01918,23766597.96408325,,,1.0307769039254295,1.0307769039254295,1.0307769039254295,1.0307769039254295
figure-heloc,2026-04-29,1.040656229103013,17879171143.88326,85196738.12877707,,,1.040656229103013,1.040656229103013,1.040656229103013,1.040656229103013
figure-heloc,2026-04-30,1.0343822314020963,17811314139.59719,70358614.87589464,,,1.0343822314020963,1.0343822314020963,1.0343822314020963,1.0343822314020963
figure-heloc,2026-05-01,1.0319200571071636,17808653482.995266,116847665.22208512,,,1.0319200571071636,1.0319200571071636,1.0319200571071636,1.0319200571071636
figure-heloc,2026-05-02,1.035030793459208,17885569587.236626,178836948.75460315,,,1.035030793459208,1.035030793459208,1.035030793459208,1.035030793459208
figure-heloc,2026-05-04,1.038181654930934,17707143766.31284,11775106.13180064,,,1.038181654930934,1.038181654930934,1.038181654930934,1.038181654930934
figure-heloc,2026-05-05,1.0296180555394823,17561083695.93755,20925351.03930389,,,1.0296180555394823,1.0296180555394823,1.0296180555394823,1.0296180555394823
figure-heloc,2026-05-06,1.0336388352580164,17705832029.548416,38051779.237270065,,,1.0336388352580164,1.0336388352580164,1.0336388352580164,1.0336388352580164
figure-heloc,2026-05-07,1.0198924986916087,17796548082.507004,30367438.83301927,,,1.0198924986916087,1.0198924986916087,1.0198924986916087,1.0198924986916087
figure-heloc,2026-05-08,1.0028799898022835,17542418767.871265,825343345.8890439,,,1.0028799898022835,1.0028799898022835,1.0028799898022835,1.0028799898022835
figure-heloc,2026-05-09,1.0282167519247514,18030486006.04453,157150382.1641756,,,1.0282167519247514,1.0282167519247514,1.0282167519247514,1.0282167519247514
figure-heloc,2026-05-10,1.000192101174296,17571650199.425003,242668.557961505,,,1.000192101174296,1.000192101174296,1.000192101174296,1.000192101174296
figure-heloc,2026-05-11,1.0059941758105815,17673582644.02246,407123.70018294785,,,1.0059941758105815,1.0059941758105815,1.0059941758105815,1.0059941758105815
figure-heloc,2026-05-12,1.030082206598326,18093813730.405632,17451857.90566193,,,1.030082206598326,1.030082206598326,1.030082206598326,1.030082206598326
figure-heloc,2026-05-13,1.0376358774942973,18320818293.947636,86171956.04404564,,,1.0376358774942973,1.0376358774942973,1.0376358774942973,1.0376358774942973
figure-heloc,2026-05-14,1.0442346197940136,18488604749.772797,60705240.672768444,,,1.0442346197940136,1.0442346197940136,1.0442346197940136,1.0442346197940136
figure-heloc,2026-05-15,1.0331196479455815,18353302903.222668,20882315.62818816,,,1.0331196479455815,1.0331196479455815,1.0331196479455815,1.0331196479455815
figure-heloc,2026-05-16,1.018429510430082,18118303143.522675,84542902.49444488,,,1.018429510430082,1.018429510430082,1.018429510430082,1.018429510430082
figure-heloc,2026-05-17,1.0357730875904823,18471391283.095673,338527114.7607074,,,1.0357730875904823,1.0357730875904823,1.0357730875904823,1.0357730875904823
figure-heloc,2026-05-18,1.0146593019664736,18090993243.93881,95488.16638504209,,,1.0146593019664736,1.0146593019664736,1.0146593019664736,1.0146593019664736
figure-heloc,2026-05-19,1.0370615715426887,18487629478.52924,13184837.828302475,,,1.0370615715426887,1.0370615715426887,1.0370615715426887,1.0370615715426887
figure-heloc,2026-05-20,1.0330834832595854,18501266673.475708,83576912.70171456,,,1.0330834832595854,1.0330834832595854,1.0330834832595854,1.0330834832595854
figure-heloc,2026-05-21,1.0360858906361383,18611428384.357887,22013345.958153747,,,1.0360858906361383,1.0360858906361383,1.0360858906361383,1.0360858906361383
figure-heloc,2026-05-22,1.0232347067643952,18401182347.79383,41923105.07088396,,,1.0232347067643952,1.0232347067643952,1.0232347067643952,1.0232347067643952
figure-heloc,2026-05-23,1.033430941579709,18614942369.4832,100977029.02886398,,,1.033430941579709,1.033430941579709,1.033430941579709,1.033430941579709
figure-heloc,2026-05-26,1.0162021164274668,18369802382.843937,489538.8664665614,,,1.0162021164274668,1.0162021164274668,1.0162021164274668,1.0162021164274668
figure-heloc,2026-05-27,1.027392329383042,18568789350.382065,21464980.723616913,,,1.027392329383042,1.027392329383042,1.027392329383042,1.027392329383042
figure-heloc,2026-05-28,1.0340426689639513,18756637143.088474,99423818.62078267,,,1.0340426689639513,1.0340426689639513,1.0340426689639513,1.0340426689639513
figure-heloc,2026-05-29,1.0221432686926681,18622692958.30107,57118412.81545355,,,1.0221432686926681,1.0221432686926681,1.0221432686926681,1.0221432686926681
figure-heloc,2026-05-30,1.0351138372136492,18906741594.1992,436587330.88592476,,,1.0351138372136492,1.0351138372136492,1.0351138372136492,1.0351138372136492
figure-heloc,2026-05-31,1.0183257249042987,18621272861.71165,8395325.930886546,,,1.0183257249042987,1.0183257249042987,1.0183257249042987,1.0183257249042987
figure-heloc,2026-06-01,1.018052661992451,18612982164.17138,16786149.467129543,,,1.018052661992451,1.018052661992451,1.018052661992451,1.018052661992451
figure-heloc,2026-06-02,1.0429269684414142,19066273226.31853,80915014.56505895,,,1.0429269684414142,1.0429269684414142,1.0429269684414142,1.0429269684414142
figure-heloc,2026-06-03,1.0363305053413028,19047310940.867893,62449835.435080975,,,1.0363305053413028,1.0363305053413028,1.0363305053413028,1.0363305053413028
figure-heloc,2026-06-04,1.0019378860044872,18475735010.499043,750652810.3624189,,,1.0019378860044872,1.0019378860044872,1.0019378860044872,1.0019378860044872
figure-heloc,2026-06-05,1.0195488995087303,18849388592.833626,42258276.47937957,,,1.0195488995087303,1.0195488995087303,1.0195488995087303,1.0195488995087303
figure-heloc,2026-06-06,1.028923886130435,19055189781.075737,105449256.76343773,,,1.028923886130435,1.028923886130435,1.028923886130435,1.028923886130435
figure-heloc,2026-06-07,1.033772361471567,19190667170.4662,77556509.64953011,,,1.033772361471567,1.033772361471567,1.033772361471567,1.033772361471567
figure-heloc,2026-06-08,1.005617232368467,18663681062.592754,235182.00264089066,,,1.005617232368467,1.005617232368467,1.005617232368467,1.005617232368467
figure-heloc,2026-06-09,1.027418247571774,19063231462.459663,19001602.86908593,,,1.027418247571774,1.027418247571774,1.027418247571774,1.027418247571774
figure-heloc,2026-06-10,1.0331460316396286,19260075262.03217,37546273.87071799,,,1.0331460316396286,1.0331460316396286,1.0331460316396286,1.0331460316396286
figure-heloc,2026-06-11,1.0251816614058384,19165361667.587833,29044253.078668226,,,1.0251816614058384,1.0251816614058384,1.0251816614058384,1.0251816614058384
figure-heloc,2026-06-12,1.0311539269601304,19331658163.765354,103114466.79196739,,,1.0311539269601304,1.0311539269601304,1.0311539269601304,1.0311539269601304
figure-heloc,2026-06-13,1.0356342089795523,19461210844.979218,113878514.9096118,,,1.0356342089795523,1.0356342089795523,1.0356342089795523,1.0356342089795523
figure-heloc,2026-06-15,1.0147682775776383,19103155163.22824,79582.01489014152,,,1.0147682775776383,1.0147682775776383,1.0147682775776383,1.0147682775776383
figure-heloc,2026-06-16,1.0277245128920633,19343033675.20986,19441037.446962625,,,1.0277245128920633,1.0277245128920633,1.0277245128920633,1.0277245128920633
figure-heloc,2026-06-17,1.0357539426865885,19560907427.606644,32568033.763887987,,,1.0357539426865885,1.0357539426865885,1.0357539426865885,1.0357539426865885
figure-heloc,2026-06-18,1.0223432173419467,19362746211.563732,34102631.609135196,,,1.0223432173419467,1.0223432173419467,1.0223432173419467,1.0223432173419467
figure-heloc,2026-06-19,1.0042932190072118,19087836395.593227,450708306.04540557,,,1.0042932190072118,1.0042932190072118,1.0042932190072118,1.0042932190072118
figure-heloc,2026-06-20,1.0376865465788292,19753932216.7061,182060972.38784146,,,1.0376865465788292,1.0376865465788292,1.0376865465788292,1.0376865465788292
figure-heloc,2026-06-22,1.0209456851594645,19428578241.82432,79044.45317405049,,,1.0209456851594645,1.0209456851594645,1.0209456851594645,1.0209456851594645
figure-heloc,2026-06-23,1.0361701210333893,19716647582.21488,15504372.987604233,,,1.0361701210333893,1.0361701210333893,1.0361701210333893,1.0361701210333893
figure-heloc,2026-06-24,1.0345140161769475,19769891692.17875,39947544.04197905,,,1.0345140161769475,1.0345140161769475,1.0345140161769475,1.0345140161769475
figure-heloc,2026-06-25,1.028118714512038,19704367981.84679,40125324.65929151,,,1.028118714512038,1.028118714512038,1.028118714512038,1.028118714512038
figure-heloc,2026-06-26,1.0342449099189068,19884136953.80974,32120605.70492363,,,1.0342449099189068,1.0342449099189068,1.0342449099189068,1.0342449099189068
figure-heloc,2026-06-27,1.020434015726947,19669338302.037884,224101706.67756146,,,1.020434015726947,1.020434015726947,1.020434015726947,1.020434015726947
figure-heloc,2026-06-28,1.0449933814906953,20189114069.64208,129730436.07765512,,,1.0449933814906953,1.0449933814906953,1.0449933814906953,1.0449933814906953
figure-heloc,2026-06-29,1.0198695201936225,19699670419.99543,404293.299427044,,,1.0198695201936225,1.0198695201936225,1.0198695201936225,1.0198695201936225
figure-heloc,2026-06-30,1.0463811121247155,20207319031.777225,60130800.63532845,,,1.0463811121247155,1.0463811121247155,1.0463811121247155,1.0463811121247155
figure-heloc,2026-07-01,1.0157042563025989,19680318941.77506,1037392505.0307593,,,1.0157042563025989,1.0157042563025989,1.0157042563025989,1.0157042563025989
figure-heloc,2026-07-02,1.028677375499358,19956699924.04698,66539636.14110938,,,1.028677375499358,1.028677375499358,1.028677375499358,1.028677375499358
figure-heloc,2026-07-03,1.0396554720604152,20277079363.92422,69557901.99297561,,,1.0396554720604152,1.0396554720604152,1.0396554720604152,1.0396554720604152
figure-heloc,2026-07-04,1.009395155987632,19715793132.32422,286246.9027623782,,,1.009395155987632,1.009395155987632,1.009395155987632,1.009395155987632
figure-heloc,2026-07-06,1.0358819819251717,20222354652.341618,560906.0089564007,,,1.0358819819251717,1.0358819819251717,1.0358819819251717,1.0358819819251717
figure-heloc,2026-07-07,1.0356001933284127,20216853611.64386,41571483.11394358,,,1.0356001933284127,1.0356001933284127,1.0356001933284127,1.0356001933284127
figure-heloc,2026-07-08,1.0260050611039924,20098695591.68735,43445517.337338485,,,1.0260050611039924,1.0260050611039924,1.0260050611039924,1.0260050611039924
figure-heloc,2026-07-09,1.0348754363953834,20351593401.367577,20423586.451680213,,,1.0348754363953834,1.0348754363953834,1.0348754363953834,1.0348754363953834
figure-heloc,2026-07-10,1.0030348329074912,19802934507.12029,339191012.83916295,,,1.0030348329074912,1.0030348329074912,1.0030348329074912,1.0030348329074912
figure-heloc,2026-07-11,1.0335158432197034,20486869721.27339,154012356.08787066,,,1.0335158432197034,1.0335158432197034,1.0335158432197034,1.0335158432197034
figure-heloc,2026-07-13,1.0138240452581573,20141742811.108326,214257.22441970478,,,1.0138240452581573,1.0138240452581573,1.0138240452581573,1.0138240452581573
figure-heloc,2026-07-14,1.0334836767017217,20505886604.425842,15032475.19283325,,,1.0334836767017217,1.0334836767017217,1.0334836767017217,1.0334836767017217
figure-heloc,2026-07-15,1.0369467231848442,20650571748.03696,36053454.60594575,,,1.0369467231848442,1.0369467231848442,1.0369467231848442,1.0369467231848442
figure-heloc,2026-07-16,1.0374695720241875,20731532029.105255,28274991.562684823,,,1.0374695720241875,1.0374695720241875,1.0374695720241875,1.0374695720241875
figure-heloc,2026-07-17,1.0027213601487552,20096465667.531696,15226642.137672987,,,1.0027213601487552,1.0027213601487552,1.0027213601487552,1.0027213601487552
figure-heloc,2026-07-18,1.0279178952582275,20643437685.94397,179233243.32798165,,,1.0279178952582275,1.0279178952582275,1.0279178952582275,1.0279178952582275
figure-heloc,2026-07-20,1.0187662638908308,20490958847.333885,183737.1037343469,,,1.0187662638908308,1.0187662638908308,1.0187662638908308,1.0187662638908308
figure-heloc,2026-07-21,1.0013869356644247,20137350915.25169,28964040.87348438,,,1.0013869356644247,1.0013869356644247,1.0013869356644247,1.0013869356644247
figure-heloc,2026-07-22,1.005957231657069,20325719795.092793,55120072.05765368,,,1.005957231657069,1.005957231657069,1.005957231657069,1.005957231657069
figure-heloc,2026-07-23,1.0085417408736463,20497390007.20027,32049836.595134873,,,1.0085417408736463,1.0085417408736463,1.0085417408736463,1.0085417408736463
figure-heloc,2026-07-24,1.0399258436830472,21239823119.72861,170889142.7538646,,,1.0399258436830472,1.0399258436830472,1.0399258436830472,1.0399258436830472
figure-heloc,2026-07-25,1.0172255770827017,20821606930.765495,448754542.27405405,,,1.0172255770827017,1.0172255770827017,1.0172255770827017,1.0172255770827017
whitebit,2025-07-29,44.12695720904452,6360631566.200414,56394049.39667814,64.11,3.06,44.12695720904452,44.12695720904452,44.12695720904452,44.12695720904452
whitebit,2025-07-30,44.02785136782017,6345228650.588458,45789185.99136953,64.11,3.06,44.02785136782017,44.02785136782017,44.02785136782017,44.02785136782017
whitebit,2025-07-31,44.17850106454714,6362598528.122657,34522707.49498705,64.11,3.06,44.17850106454714,44.17850106454714,44.17850106454714,44.17850106454714
whitebit,2025-08-01,43.16023880149971,6230479814.221274,57955039.89384332,64.11,3.06,43.16023880149971,43.16023880149971,43.16023880149971,43.16023880149971
whitebit,2025-08-02,42.23913380241811,6087401779.035636,108090430.2682893,64.11,3.06,42.23913380241811,42.23913380241811,42.23913380241811,42.23913380241811
whitebit,2025-08-03,41.86756248900991,6033891020.849087,39883190.21004625,64.11,3.06,41.86756248900991,41.86756248900991,41.86756248900991,41.86756248900991
whitebit,2025-08-04,42.59900004889072,6140638034.460816,30659010.682528216,64.11,3.06,42.59900004889072,42.59900004889072,42.59900004889072,42.59900004889072
whitebit,2025-08-05,43.25279194582594,6233528236.019946,38627233.29628274,64.11,3.06,43.25279194582594,43.25279194582594,43.25279194582594,43.25279194582594
whitebit,2025-08-06,42.87869446785316,6181829032.592967,46578930.92095258,64.11,3.06,42.87869446785316,42.87869446785316,42.87869446785316,42.87869446785316
whitebit,2025-08-07,43.123155834504296,6217087469.657742,36509561.106635205,64.11,3.06,43.123155834504296,43.123155834504296,43.123155834504296,43.123155834504296
whitebit,2025-08-08,44.189220513023315,6374955965.57579,32003374.78158311,64.11,3.06,44.189220513023315,44.189220513023315,44.189220513023315,44.189220513023315
whitebit,2025-08-09,44.17129248478553,6365901171.657843,34456346.11306471,64.11,3.06,44.17129248478553,44.17129248478553,44.17129248478553,44.17129248478553
whitebit,2025-08-10,44.63676446257615,6434154486.975845,22503338.475174215,64.11,3.06,44.63676446257615,44.63676446257615,44.63676446257615,44.63676446257615
whitebit,2025-08-11,45.24189509193805,6520194831.812788,28309543.848963905,64.11,3.06,45.24189509193805,45.24189509193805,45.24189509193805,45.24189509193805
whitebit,2025-08-12,44.90681359903637,6470978003.007884,63769217.92835894,64.11,3.06,44.90681359903637,44.90681359903637,44.90681359903637,44.90681359903637
whitebit,2025-08-13,46.014148997441986,6631490919.504994,45388990.14271768,64.11,3.06,46.014148997441986,46.014148997441986,46.014148997441986,46.014148997441986
whitebit,2025-08-14,47.07254063178848,6784024752.366688,70291041.86106622,64.11,3.06,47.07254063178848,47.07254063178848,47.07254063178848,47.07254063178848
whitebit,2025-08-15,45.50267978794131,6559301756.86152,88873829.70578691,64.11,3.06,45.50267978794131,45.50267978794131,45.50267978794131,45.50267978794131
whitebit,2025-08-16,44.828000121977425,6449360679.9628525,50805539.7433433,64.11,3.06,44.828000121977425,44.828000121977425,44.828000121977425,44.828000121977425
whitebit,2025-08-17,44.811130140119914,6459170578.800408,18964001.34900636,64.11,3.06,44.811130140119914,44.811130140119914,44.811130140119914,44.811130140119914
whitebit,2025-08-18,44.962807650203175,6479770380.514665,29808341.765593603,64.11,3.06,44.962807650203175,44.962807650203175,44.962807650203175,44.962807650203175
whitebit,2025-08-19,44.14966189122583,6362794593.697438,60767055.960246,64.11,3.06,44.14966189122583,44.14966189122583,44.14966189122583,44.14966189122583
whitebit,2025-08-20,42.685846225499816,6151820859.52573,53423783.19257715,64.11,3.06,42.685846225499816,42.685846225499816,42.685846225499816,42.685846225499816
whitebit,2025-08-21,43.44001291579263,6262429590.027368,53399048.07407722,64.11,3.06,43.44001291579263,43.44001291579263,43.44001291579263,43.44001291579263
whitebit,2025-08-22,42.68724280171592,6151649455.156792,31306735.936914552,64.11,3.06,42.68724280171592,42.68724280171592,42.68724280171592,42.68724280171592
whitebit,2025-08-23,44.76030479266766,6451896138.864206,72635107.15532659,64.11,3.06,44.76030479266766,44.76030479266766,44.76030479266766,44.76030479266766
whitebit,2025-08-24,44.253276486046694,6377716584.346194,33511891.56809031,64.11,3.06,44.253276486046694,44.253276486046694,44.253276486046694,44.253276486046694
whitebit,2025-08-25,44.13808375215116,6361115178.355536,53813043.20261656,64.11,3.06,44.13808375215116,44.13808375215116,44.13808375215116,44.13808375215116
whitebit,2025-08-26,42.74126733805907,6160146655.882129,90919888.4697516,64.11,3.06,42.74126733805907,42.74126733805907,42.74126733805907,42.74126733805907
whitebit,2025-08-27,43.57359457295921,6280826791.175638,88275916.58951135,64.11,3.06,43.57359457295921,43.57359457295921,43.57359457295921,43.57359457295921
whitebit,2025-08-28,43.1349540390818,6216354824.320405,70380493.00366583,64.11,3.06,43.1349540390818,43.1349540390818,43.1349540390818,43.1349540390818
whitebit,2025-08-29,43.480478462991805,6266288009.544668,54542053.554232135,64.11,3.06,43.480478462991805,43.480478462991805,43.480478462991805,43.480478462991805
whitebit,2025-08-30,42.238643708956715,6097492859.373617,111183084.11653864,64.11,3.06,42.238643708956715,42.238643708956715,42.238643708956715,42.238643708956715
whitebit,2025-08-31,42.261496424762136,6087644776.508976,58702434.22373505,64.11,3.06,42.261496424762136,42.261496424762136,42.261496424762136,42.261496424762136
whitebit,2025-09-01,42.20062316084351,6080326946.37774,45155033.64731804,64.11,3.06,42.20062316084351,42.20062316084351,42.20062316084351,42.20062316084351
whitebit,2025-09-02,42.34619689334287,6102871101.438498,63294904.365860015,64.11,3.06,42.34619689334287,42.34619689334287,42.34619689334287,42.34619689334287
whitebit,2025-09-03,42.75750563406731,6162301106.458657,69245751.00676265,64.11,3.06,42.75750563406731,42.75750563406731,42.75750563406731,42.75750563406731
whitebit,2025-09-04,42.87949591047368,6194402843.105759,65540760.221646465,64.11,3.06,42.87949591047368,42.87949591047368,42.87949591047368,42.87949591047368
whitebit,2025-09-05,42.213293412541006,6083020845.846025,44697493.97816595,64.11,3.06,42.213293412541006,42.213293412541006,42.213293412541006,42.213293412541006
whitebit,2025-09-06,42.40887312739881,6111903907.348563,66100144.3208509,64.11,3.06,42.40887312739881,42.40887312739881,42.40887312739881,42.40887312739881
whitebit,2025-09-07,42.11735102411491,6067228989.123553,18344092.533053514,64.11,3.06,42.11735102411491,42.11735102411491,42.11735102411491,42.11735102411491
whitebit,2025-09-08,42.26908465539102,6107651952.448061,23167671.634129133,64.11,3.06,42.26908465539102,42.26908465539102,42.26908465539102,42.26908465539102
whitebit,2025-09-09,42.562804679634006,6134160177.110414,27274540.429188553,64.11,3.06,42.562804679634006,42.562804679634006,42.562804679634006,42.562804679634006
whitebit,2025-09-10,42.4702450885691,6120659882.04916,28931222.337644413,64.11,3.06,42.4702450885691,42.4702450885691,42.4702450885691,42.4702450885691
whitebit,2025-09-11,43.19182161193988,6225803733.979506,30566639.69118368,64.11,3.06,43.19182161193988,43.19182161193988,43.19182161193988,43.19182161193988
whitebit,2025-09-12,43.74452622521907,6311893720.185056,47892494.438927606,64.11,3.06,43.74452622521907,43.74452622521907,43.74452622521907,43.74452622521907
whitebit,2025-09-13,44.38712095214239,6397371632.510754,38906449.5790454,64.11,3.06,44.38712095214239,44.38712095214239,44.38712095214239,44.38712095214239
whitebit,2025-09-14,44.25434358475663,6378634158.865104,25928976.84488624,64.11,3.06,44.25434358475663,44.25434358475663,44.25434358475663,44.25434358475663
whitebit,2025-09-15,43.89184165511876,6326055422.470305,38572145.36123686,64.11,3.06,43.89184165511876,43.89184165511876,43.89184165511876,43.89184165511876
whitebit,2025-09-16,43.66000488164507,6291337704.918878,55056692.213697955,64.11,3.06,43.66000488164507,43.66000488164507,43.66000488164507,43.66000488164507
whitebit,2025-09-17,43.950819930385485,6333937111.020047,28974952.485598676,64.11,3.06,43.950819930385485,43.950819930385485,43.950819930385485,43.950819930385485
whitebit,2025-09-18,43.861837838209574,6322765709.643123,94734384.77035137,64.11,3.06,43.861837838209574,43.861837838209574,43.861837838209574,43.861837838209574
whitebit,2025-09-19,43.95879045021401,6334701293.739352,83095438.24648719,64.11,3.06,43.95879045021401,43.95879045021401,43.95879045021401,43.95879045021401
whitebit,2025-09-20,43.31921356560351,6242877172.294472,61068659.32767864,64.11,3.06,43.31921356560351,43.31921356560351,43.31921356560351,43.31921356560351
whitebit,2025-09-21,43.36561403608759,6249779115.861034,22164505.03209232,64.11,3.06,43.36561403608759,43.36561403608759,43.36561403608759,43.36561403608759
whitebit,2025-09-22,43.12194090120053,6215071146.712134,15873932.0591027,64.11,3.06,43.12194090120053,43.12194090120053,43.12194090120053,43.12194090120053
whitebit,2025-09-23,42.235207446301125,6086165144.480832,92624927.84805626,64.11,3.06,42.235207446301125,42.235207446301125,42.235207446301125,42.235207446301125
whitebit,2025-09-24,41.81680125454689,6026883677.099468,67317747.81102972,64.11,3.06,41.81680125454689,41.81680125454689,41.81680125454689,41.81680125454689
whitebit,2025-09-25,42.16735122419173,6076960277.093591,66998163.55635568,64.11,3.06,42.16735122419173,42.16735122419173,42.16735122419173,42.16735122419173
whitebit,2025-09-26,40.499818343616134,5834760888.5428915,112703855.34595564,64.11,3.06,40.499818343616134,40.499818343616134,40.499818343616134,40.499818343616134
whitebit,2025-09-27,40.947607150042266,5904684038.356119,48349975.22928417,64.11,3.06,40.947607150042266,40.947607150042266,40.947607150042266,40.947607150042266
whitebit,2025-09-28,40.75467361043106,5873403796.216611,25210472.85881264,64.11,3.06,40.75467361043106,40.75467361043106,40.75467361043106,40.75467361043106
whitebit,2025-09-29,41.601637529586704,5996496459.211092,38924169.811392345,64.11,3.06,41.601637529586704,41.601637529586704,41.601637529586704,41.601637529586704
whitebit,2025-09-30,42.09605212341564,6080182718.051784,42469159.03383248,64.11,3.06,42.09605212341564,42.09605212341564,42.09605212341564,42.09605212341564
whitebit,2025-10-01,41.92044376273581,6042269202.0622225,71713173.3503232,64.11,3.06,41.92044376273581,41.92044376273581,41.92044376273581,41.92044376273581
whitebit,2025-10-02,43.20456080124807,6225426606.904914,84331601.38900469,64.11,3.06,43.20456080124807,43.20456080124807,43.20456080124807,43.20456080124807
whitebit,2025-10-03,43.85841212602735,6321642380.197335,84167036.12552106,64.11,3.06,43.85841212602735,43.85841212602735,43.85841212602735,43.85841212602735
whitebit,2025-10-04,44.32663860785852,6383051172.257372,89296368.29144984,64.11,3.06,44.32663860785852,44.32663860785852,44.32663860785852,44.32663860785852
whitebit,2025-10-05,44.191076753317155,6368764692.222001,36663558.007970266,64.11,3.06,44.191076753317155,44.191076753317155,44.191076753317155,44.191076753317155
whitebit,2025-10-06,44.37126475039829,6401540356.666409,81912953.63743882,64.11,3.06,44.37126475039829,44.37126475039829,44.37126475039829,44.37126475039829
whitebit,2025-10-07,44.951095500344465,6477435721.345608,92379573.86227962,64.11,3.06,44.951095500344465,44.951095500344465,44.951095500344465,44.951095500344465
whitebit,2025-10-08,43.9354485100339,6320841377.104686,54636381.24220679,64.11,3.06,43.9354485100339,43.9354485100339,43.9354485100339,43.9354485100339
whitebit,2025-10-09,44.42476171257427,6403401660.631475,48255201.84373997,64.11,3.06,44.42476171257427,44.42476171257427,44.42476171257427,44.42476171257427
whitebit,2025-10-10,43.488282011301166,6267352792.380301,103048094.1286428,64.11,3.06,43.488282011301166,43.488282011301166,43.488282011301166,43.488282011301166
whitebit,2025-10-11,42.374050445208766,6125421020.002001,224496726.80885005,64.11,3.06,42.374050445208766,42.374050445208766,42.374050445208766,42.374050445208766
whitebit,2025-10-12,41.78468808129761,6021730331.984652,103901796.96450342,64.11,3.06,41.78468808129761,41.78468808129761,41.78468808129761,41.78468808129761
whitebit,2025-10-13,43.36381186319878,6259978397.228105,82278474.28996557,64.11,3.06,43.36381186319878,43.36381186319878,43.36381186319878,43.36381186319878
whitebit,2025-10-14,43.510688339874974,6270344421.076232,125125104.31943192,64.11,3.06,43.510688339874974,43.510688339874974,43.510688339874974,43.510688339874974
whitebit,2025-10-15,42.98518488270986,6195093642.068092,229614148.03552452,64.11,3.06,42.98518488270986,42.98518488270986,42.98518488270986,42.98518488270986
whitebit,2025-10-16,42.06107683374024,6061268762.527344,136850975.63437304,64.11,3.06,42.06107683374024,42.06107683374024,42.06107683374024,42.06107683374024
whitebit,2025-10-17,41.34781779480923,5958074379.28131,137946254.57782805,64.11,3.06,41.34781779480923,41.34781779480923,41.34781779480923,41.34781779480923
whitebit,2025-10-18,40.685899930046205,5865284509.229336,193582940.17788476,64.11,3.06,40.685899930046205,40.685899930046205,40.685899930046205,40.685899930046205
whitebit,2025-10-19,41.02051924322989,5911610538.922992,62187624.32858214,64.11,3.06,41.02051924322989,41.02051924322989,41.02051924322989,41.02051924322989
whitebit,2025-10-20,41.44246491754966,5978017172.6104,78816509.75622603,64.11,3.06,41.44246491754966,41.44246491754966,41.44246491754966,41.44246491754966
whitebit,2025-10-21,41.87745391374348,6035800396.173145,135111586.52347913,64.11,3.06,41.87745391374348,41.87745391374348,41.87745391374348,41.87745391374348
whitebit,2025-10-22,41.285595949324154,5956060823.685414,153297166.31029576,64.11,3.06,41.285595949324154,41.285595949324154,41.285595949324154,41.285595949324154
whitebit,2025-10-23,41.16974572323726,5931519225.252864,120889815.2098852,64.11,3.06,41.16974572323726,41.16974572323726,41.16974572323726,41.16974572323726
whitebit,2025-10-24,41.87938574016272,6035031051.429282,80892281.50581445,64.11,3.06,41.87938574016272,41.87938574016272,41.87938574016272,41.87938574016272
whitebit,2025-10-25,42.25328595560052,6088243287.8769865,63727340.465681806,64.11,3.06,42.25328595560052,42.25328595560052,42.25328595560052,42.25328595560052
whitebit,2025-10-26,42.433372887179225,6116574124.160506,22222913.96154837,64.11,3.06,42.433372887179225,42.433372887179225,42.433372887179225,42.433372887179225
whitebit,2025-10-27,43.24122710062024,6233354339.469226,39453394.954638526,64.11,3.06,43.24122710062024,43.24122710062024,43.24122710062024,43.24122710062024
whitebit,2025-10-28,42.99065659905171,6196506228.979733,71529506.50007623,64.11,3.06,42.99065659905171,42.99065659905171,42.99065659905171,42.99065659905171
whitebit,2025-10-29,42.49113062232547,6124469887.500714,100209670.04535846,64.11,3.06,42.49113062232547,42.49113062232547,42.49113062232547,42.49113062232547
whitebit,2025-10-30,41.905517441983605,6039484655.41338,112247532.5410328,64.11,3.06,41.905517441983605,41.905517441983605,41.905517441983605,41.905517441983605
whitebit,2025-10-31,42.229343997578795,6086237686.608788,119623411.2420665,64.11,3.06,42.229343997578795,42.229343997578795,42.229343997578795,42.229343997578795
whitebit,2025-11-01,47.08686434034905,6781788404.43361,93126749.62710622,64.11,3.06,47.08686434034905,47.08686434034905,47.08686434034905,47.08686434034905
whitebit,2025-11-02,50.52175328485422,7281655651.840996,95795494.73680706,64.11,3.06,50.52175328485422,50.52175328485422,50.52175328485422,50.52175328485422
whitebit,2025-11-03,55.28936402614101,7968591062.413212,111016669.9027608,64.11,3.06,55.28936402614101,55.28936402614101,55.28936402614101,55.28936402614101
whitebit,2025-11-04,53.92931508265705,7771366033.523855,210000290.9823441,64.11,3.06,53.92931508265705,53.92931508265705,53.92931508265705,53.92931508265705
whitebit,2025-11-05,51.91187350043822,7494990227.074492,279032691.63423896,64.11,3.06,51.91187350043822,51.91187350043822,51.91187350043822,51.91187350043822
whitebit,2025-11-06,52.7158166521701,11330744711.393513,137102133.50788045,64.11,3.06,52.7158166521701,52.7158166521701,52.7158166521701,52.7158166521701
whitebit,2025-11-07,51.50381182185492,11077519473.59393,105240873.00706547,64.11,3.06,51.50381182185492,51.50381182185492,51.50381182185492,51.50381182185492
whitebit,2025-11-08,54.01659645038169,11612251151.256556,147878610.64409497,64.11,3.06,54.01659645038169,54.01659645038169,54.01659645038169,54.01659645038169
whitebit,2025-11-09,53.50156579403328,11490798338.356491,68091928.96586815,64.11,3.06,53.50156579403328,53.50156579403328,53.50156579403328,53.50156579403328
whitebit,2025-11-10,54.54035605967576,11713707284.993162,76008113.84286088,64.11,3.06,54.54035605967576,54.54035605967576,54.54035605967576,54.54035605967576
whitebit,2025-11-11,55.12186102181288,11846039278.451712,93503284.88268922,64.11,3.06,55.12186102181288,55.12186102181288,55.12186102181288,55.12186102181288
whitebit,2025-11-12,53.99301958025825,11590351190.59602,97317161.62131466,64.11,3.06,53.99301958025825,53.99301958025825,53.99301958025825,53.99301958025825
whitebit,2025-11-13,54.24458246399818,11645056023.413872,100239408.4974982,64.11,3.06,54.24458246399818,54.24458246399818,54.24458246399818,54.24458246399818
whitebit,2025-11-14,53.685205356527405,11533973383.118229,169426297.6049688,64.11,3.06,53.685205356527405,53.685205356527405,53.685205356527405,53.685205356527405
whitebit,2025-11-15,52.34298614109714,11219421244.888285,207944655.2582793,64.11,3.06,52.34298614109714,52.34298614109714,52.34298614109714,52.34298614109714
whitebit,2025-11-16,52.847827262467234,11336351363.021732,88236892.02386256,64.11,3.06,52.847827262467234,52.847827262467234,52.847827262467234,52.847827262467234
whitebit,2025-11-17,52.373106522322466,11243325425.337038,118451514.2424718,64.11,3.06,52.373106522322466,52.373106522322466,52.373106522322466,52.373106522322466
whitebit,2025-11-18,51.08881177411155,10972742838.674911,144534141.4954768,64.11,3.06,51.08881177411155,51.08881177411155,51.08881177411155,51.08881177411155
whitebit,2025-11-19,61.38742243822891,13162957465.644983,261503768.31614769,64.11,3.06,61.38742243822891,61.38742243822891,61.38742243822891,61.38742243822891
whitebit,2025-11-20,60.19913928964862,12923226315.985855,194074026.4208719,64.11,3.06,60.19913928964862,60.19913928964862,60.19913928964862,60.19913928964862
whitebit,2025-11-21,56.98715038655253,12227343150.356075,211720849.07066473,64.11,3.06,56.98715038655253,56.98715038655253,56.98715038655253,56.98715038655253
whitebit,2025-11-22,57.09665482676989,12250302382.008686,316744648.453866,64.11,3.06,57.09665482676989,57.09665482676989,57.09665482676989,57.09665482676989
whitebit,2025-11-23,56.44749998511179,12120230545.413948,97629705.01440744,64.11,3.06,56.44749998511179,56.44749998511179,56.44749998511179,56.44749998511179
whitebit,2025-11-24,56.9990499907029,12234542784.459362,111430273.80079453,64.11,3.06,56.9990499907029,56.9990499907029,56.9990499907029,56.9990499907029
whitebit,2025-11-25,58.33072819339483,12514151358.766352,148571011.98240688,64.11,3.06,58.33072819339483,58.33072819339483,58.33072819339483,58.33072819339483
whitebit,2025-11-26,58.07832950765448,12454589727.829948,124814361.1542079,64.11,3.06,58.07832950765448,58.07832950765448,58.07832950765448,58.07832950765448
whitebit,2025-11-27,58.71404361218306,12597230221.272432,106204514.33451658,64.11,3.06,58.71404361218306,58.71404361218306,58.71404361218306,58.71404361218306
whitebit,2025-11-28,59.39420225998464,12737941476.012632,73080851.44917817,64.11,3.06,59.39420225998464,59.39420225998464,59.39420225998464,59.39420225998464
whitebit,2025-11-29,58.79930907038642,12610160833.801044,75933598.80596535,64.11,3.06,58.79930907038642,58.79930907038642,58.79930907038642,58.79930907038642
whitebit,2025-11-30,58.49963880796181,12546975492.657146,54840168.80188815,64.11,3.06,58.49963880796181,58.49963880796181,58.49963880796181,58.49963880796181
whitebit,2025-12-01,57.97789118954702,12458265485.606344,50324132.30323878,64.11,3.06,57.97789118954702,57.97789118954702,57.97789118954702,57.97789118954702
whitebit,2025-12-02,57.88191967919747,12408308909.358397,217095679.5638633,64.11,3.06,57.88191967919747,57.88191967919747,57.88191967919747,57.88191967919747
whitebit,2025-12-03,61.53095657861254,13190081603.323051,166624843.6930438,64.11,3.06,61.53095657861254,61.53095657861254,61.53095657861254,61.53095657861254
whitebit,2025-12-04,62.88506072933149,13479590777.596916,165534868.67068088,64.11,3.06,62.88506072933149,62.88506072933149,62.88506072933149,62.88506072933149
whitebit,2025-12-05,62.10055377986834,13310353197.62677,134089144.4771721,64.11,3.06,62.10055377986834,62.10055377986834,62.10055377986834,62.10055377986834
whitebit,2025-12-06,60.60192776345773,12991268696.79871,139696059.6131891,64.11,3.06,60.60192776345773,60.60192776345773,60.60192776345773,60.60192776345773
whitebit,2025-12-07,60.44789674903925,12958652462.972843,53332716.65721325,64.11,3.06,60.44789674903925,60.44789674903925,60.44789674903925,60.44789674903925
whitebit,2025-12-08,60.721707675789354,12998916560.70468,95670886.26973276,64.11,3.06,60.721707675789354,60.721707675789354,60.721707675789354,60.721707675789354
whitebit,2025-12-09,61.10025361288178,13092994538.343355,126214307.36941186,64.11,3.06,61.10025361288178,61.10025361288178,61.10025361288178,61.10025361288178
whitebit,2025-12-10,61.75124908305676,13237772608.11754,88947629.44109997,64.11,3.06,61.75124908305676,61.75124908305676,61.75124908305676,61.75124908305676
whitebit,2025-12-11,62.88368034750831,13480534783.71288,127145003.02088386,64.11,3.06,62.88368034750831,62.88368034750831,62.88368034750831,62.88368034750831
whitebit,2025-12-12,61.72008190200683,13232187609.740032,154135004.93415,64.11,3.06,61.72008190200683,61.72008190200683,61.72008190200683,61.72008190200683
whitebit,2025-12-13,60.37823865723187,12938192489.366816,95753505.13243076,64.11,3.06,60.37823865723187,60.37823865723187,60.37823865723187,60.37823865723187
whitebit,2025-12-14,60.40004466962466,12943100533.00644,27234728.09595003,64.11,3.06,60.40004466962466,60.40004466962466,60.40004466962466,60.40004466962466
whitebit,2025-12-15,59.37707446503865,12730122198.989883,39021320.93651645,64.11,3.06,59.37707446503865,59.37707446503865,59.37707446503865,59.37707446503865
whitebit,2025-12-16,57.98632692211368,12421650872.474487,81781013.04924795,64.11,3.06,57.98632692211368,57.98632692211368,57.98632692211368,57.98632692211368
whitebit,2025-12-17,57.9815474520754,12424710891.64962,97813741.64254932,64.11,3.06,57.9815474520754,57.9815474520754,57.9815474520754,57.9815474520754
whitebit,2025-12-18,57.99772125710796,12422055422.421513,119029019.08828025,64.11,3.06,57.99772125710796,57.99772125710796,57.99772125710796,57.99772125710796
whitebit,2025-12-19,56.95934524505112,12200682808.872473,150373921.9757835,64.11,3.06,56.95934524505112,56.95934524505112,56.95934524505112,56.95934524505112
whitebit,2025-12-20,57.705068729588255,12362212454.626429,112387254.88479345,64.11,3.06,57.705068729588255,57.705068729588255,57.705068729588255,57.705068729588255
whitebit,2025-12-21,57.52577884364412,12322280741.670568,21607842.443501137,64.11,3.06,57.52577884364412,57.52577884364412,57.52577884364412,57.52577884364412
whitebit,2025-12-22,57.727756076348456,12359956904.762535,38632398.43931168,64.11,3.06,57.727756076348456,57.727756076348456,57.727756076348456,57.727756076348456
whitebit,2025-12-23,57.602502883095106,12341940766.55934,103298913.7986868,64.11,3.06,57.602502883095106,57.602502883095106,57.602502883095106,57.602502883095106
whitebit,2025-12-24,56.67947865099983,12140727081.84818,60279766.99383082,64.11,3.06,56.67947865099983,56.67947865099983,56.67947865099983,56.67947865099983
whitebit,2025-12-25,56.72058380904062,12145213431.6281,42347151.333750576,64.11,3.06,56.72058380904062,56.72058380904062,56.72058380904062,56.72058380904062
whitebit,2025-12-26,56.20127052129219,12030750595.889448,24571214.93528072,64.11,3.06,56.20127052129219,56.20127052129219,56.20127052129219,56.20127052129219
whitebit,2025-12-27,56.06516115974741,12004736733.915342,42597683.414869994,64.11,3.06,56.06516115974741,56.06516115974741,56.06516115974741,56.06516115974741
whitebit,2025-12-28,56.249570424079515,12043388821.100847,11499421.908580009,64.11,3.06,56.249570424079515,56.249570424079515,56.249570424079515,56.249570424079515
whitebit,2025-12-29,56.00476734653571,11990989364.332209,6875050.509703845,64.11,3.06,56.00476734653571,56.00476734653571,56.00476734653571,56.00476734653571
whitebit,2025-12-30,56.58546863395973,12117296965.86645,85007221.92299926,64.11,3.06,56.58546863395973,56.58546863395973,56.58546863395973,56.58546863395973
whitebit,2025-12-31,56.97856661352387,12204554334.42818,84820747.41544764,64.11,3.06,56.97856661352387,56.97856661352387,56.97856661352387,56.97856661352387
whitebit,2026-01-01,56.15969154072069,11414649265.551067,52042900.749558404,64.11,3.06,56.15969154072069,56.15969154072069,56.15969154072069,56.15969154072069
whitebit,2026-01-02,56.84643127632456,11554231464.163244,19919826.057110276,64.11,3.06,56.84643127632456,56.84643127632456,56.84643127632456,56.84643127632456
whitebit,2026-01-03,57.14113145155297,11614130282.095491,83628280.14206432,64.11,3.06,57.14113145155297,57.14113145155297,57.14113145155297,57.14113145155297
whitebit,2026-01-04,57.36430577130922,11659491225.41991,23576961.598583512,64.11,3.06,57.36430577130922,57.36430577130922,57.36430577130922,57.36430577130922
whitebit,2026-01-05,57.69992394271741,11727706765.937834,39029687.445424914,64.11,3.06,57.69992394271741,57.69992394271741,57.69992394271741,57.69992394271741
whitebit,2026-01-06,58.367462851527485,11863386330.873669,94554487.01997805,64.11,3.06,58.367462851527485,58.367462851527485,58.367462851527485,58.367462851527485
whitebit,2026-01-07,58.020584942060154,11792882210.108223,75848760.08390722,64.11,3.06,58.020584942060154,58.020584942060154,58.020584942060154,58.020584942060154
whitebit,2026-01-08,56.37702324560077,11458822677.431217,76097895.51701063,64.11,3.06,56.37702324560077,56.37702324560077,56.37702324560077,56.37702324560077
whitebit,2026-01-09,55.73915985376822,11329174762.75519,82061644.3518073,64.11,3.06,55.73915985376822,55.73915985376822,55.73915985376822,55.73915985376822
whitebit,2026-01-10,53.743021318377664,10919912084.689157,89569643.63689482,64.11,3.06,53.743021318377664,53.743021318377664,53.743021318377664,53.743021318377664
whitebit,2026-01-11,54.684108843543385,11111129340.189701,25921639.61668044,64.11,3.06,54.684108843543385,54.684108843543385,54.684108843543385,54.684108843543385
whitebit,2026-01-12,54.92706579968324,11160495165.488096,31490546.82611776,64.11,3.06,54.92706579968324,54.92706579968324,54.92706579968324,54.92706579968324
whitebit,2026-01-13,53.40074072382114,10846736780.897326,79778249.88093671,64.11,3.06,53.40074072382114,53.40074072382114,53.40074072382114,53.40074072382114
whitebit,2026-01-14,54.970364706787315,11165558167.21984,58395795.802042775,64.11,3.06,54.970364706787315,54.970364706787315,54.970364706787315,54.970364706787315
whitebit,2026-01-15,56.45378042655932,11466868966.113585,93867090.40383403,64.11,3.06,56.45378042655932,56.45378042655932,56.45378042655932,56.45378042655932
whitebit,2026-01-16,55.79989741252364,11334052513.70844,79848528.71126744,64.11,3.06,55.79989741252364,55.79989741252364,55.79989741252364,55.79989741252364
whitebit,2026-01-17,55.24161241706366,11220653892.033937,60204846.55865805,64.11,3.06,55.24161241706366,55.24161241706366,55.24161241706366,55.24161241706366
whitebit,2026-01-18,56.91198709968481,11559939719.57648,16064356.150028538,64.11,3.06,56.91198709968481,56.91198709968481,56.91198709968481,56.91198709968481
whitebit,2026-01-19,53.297648317045464,10825796693.077417,38725353.82984233,64.11,3.06,53.297648317045464,53.297648317045464,53.297648317045464,53.297648317045464
whitebit,2026-01-20,54.41431429924619,11052613434.136414,80082653.68708517,64.11,3.06,54.41431429924619,54.41431429924619,54.41431429924619,54.41431429924619
whitebit,2026-01-21,52.616856151861896,10684275476.382324,128780148.71097478,64.11,3.06,52.616856151861896,52.616856151861896,52.616856151861896,52.616856151861896
whitebit,2026-01-22,53.07118026169308,10776529637.88123,149066647.70299104,64.11,3.06,53.07118026169308,53.07118026169308,53.07118026169308,53.07118026169308
whitebit,2026-01-23,52.90412516156983,10742607757.328352,64815798.21788194,64.11,3.06,52.90412516156983,52.90412516156983,52.90412516156983,52.90412516156983
whitebit,2026-01-24,52.975951060932545,10757192583.394646,71398219.51030655,64.11,3.06,52.975951060932545,52.975951060932545,52.975951060932545,52.975951060932545
whitebit,2026-01-25,49.89696601398285,10131979926.554668,22099121.913580712,64.11,3.06,49.89696601398285,49.89696601398285,49.89696601398285,49.89696601398285
whitebit,2026-01-26,51.46115165373812,10449600390.67195,72589547.97770001,64.11,3.06,51.46115165373812,51.46115165373812,51.46115165373812,51.46115165373812
whitebit,2026-01-27,52.420193927284586,10644341631.282995,80905491.50478214,64.11,3.06,52.420193927284586,52.420193927284586,52.420193927284586,52.420193927284586
whitebit,2026-01-28,52.81604169855392,10724721702.314735,67444900.42881773,64.11,3.06,52.81604169855392,52.81604169855392,52.81604169855392,52.81604169855392
whitebit,2026-01-29,52.9860185464518,10755796644.006569,77985403.38152614,64.11,3.06,52.9860185464518,52.9860185464518,52.9860185464518,52.9860185464518
whitebit,2026-01-30,50.82029763640268,10316170223.015156,108301916.66166,64.11,3.06,50.82029763640268,50.82029763640268,50.82029763640268,50.82029763640268
whitebit,2026-01-31,50.64118122782748,10279810826.34619,172498081.24001387,64.11,3.06,50.64118122782748,50.64118122782748,50.64118122782748,50.64118122782748
whitebit,2026-02-01,48.89863947420732,9926086858.028059,181892927.6992748,64.11,3.06,48.89863947420732,48.89863947420732,48.89863947420732,48.89863947420732
whitebit,2026-02-02,48.577334357949034,9860864133.506432,132108446.36114866,64.11,3.06,48.577334357949034,48.577334357949034,48.577334357949034,48.577334357949034
whitebit,2026-02-03,51.063342456153336,10362274847.684923,200124123.2560746,64.11,3.06,51.063342456153336,51.063342456153336,51.063342456153336,51.063342456153336
whitebit,2026-02-04,48.53785661819176,9849778463.427176,163270708.22702664,64.11,3.06,48.53785661819176,48.53785661819176,48.53785661819176,48.53785661819176
whitebit,2026-02-05,51.756639471348464,10502965485.566692,184265933.937508,64.11,3.06,51.756639471348464,51.756639471348464,51.756639471348464,51.756639471348464
whitebit,2026-02-06,47.34907437396052,9608539097.646343,245917638.13482726,64.11,3.06,47.34907437396052,47.34907437396052,47.34907437396052,47.34907437396052
whitebit,2026-02-07,52.403598617462436,10634252788.057968,174512929.76317543,64.11,3.06,52.403598617462436,52.403598617462436,52.403598617462436,52.403598617462436
whitebit,2026-02-08,51.38720268170227,10427995744.671894,65009405.67405614,64.11,3.06,51.38720268170227,51.38720268170227,51.38720268170227,51.38720268170227
whitebit,2026-02-09,51.704122751362064,10492308277.079699,51034717.31631467,64.11,3.06,51.704122751362064,51.704122751362064,51.704122751362064,51.704122751362064
whitebit,2026-02-10,52.80946046291834,16911163965.527996,122527116.91451302,64.11,3.06,52.80946046291834,52.80946046291834,52.80946046291834,52.80946046291834
whitebit,2026-02-11,51.516041072647994,16493753786.044415,103396484.23355047,64.11,3.06,51.516041072647994,51.516041072647994,51.516041072647994,51.516041072647994
whitebit,2026-02-12,49.64819644690851,10075099524.017242,125760375.65291303,64.11,3.06,49.64819644690851,49.64819644690851,49.64819644690851,49.64819644690851
whitebit,2026-02-13,49.37352679665442,10016276003.622425,103701198.9616104,64.11,3.06,49.37352679665442,49.37352679665442,49.37352679665442,49.37352679665442
whitebit,2026-02-14,50.56641616845941,10258274296.330902,71376781.73268119,64.11,3.06,50.56641616845941,50.56641616845941,50.56641616845941,50.56641616845941
whitebit,2026-02-15,50.64325404496395,10273862191.8801,48961195.75014936,64.11,3.06,50.64325404496395,50.64325404496395,50.64325404496395,50.64325404496395
whitebit,2026-02-16,50.20731802831251,10185425012.160614,64960427.69326736,64.11,3.06,50.20731802831251,50.20731802831251,50.20731802831251,50.20731802831251
whitebit,2026-02-17,51.82227196860896,10513046420.810783,48383177.77068705,64.11,3.06,51.82227196860896,51.82227196860896,51.82227196860896,51.82227196860896
whitebit,2026-02-18,49.96248462160425,10132704002.306421,60278191.77457526,64.11,3.06,49.96248462160425,49.96248462160425,49.96248462160425,49.96248462160425
whitebit,2026-02-19,49.09982350683349,9957750939.093626,52031307.21154315,64.11,3.06,49.09982350683349,49.09982350683349,49.09982350683349,49.09982350683349
whitebit,2026-02-20,49.12357613021126,9962568119.499846,50763592.716591954,64.11,3.06,49.12357613021126,49.12357613021126,49.12357613021126,49.12357613021126
whitebit,2026-02-21,49.83645326218727,10107144055.285126,68349762.15445417,64.11,3.06,49.83645326218727,49.83645326218727,49.83645326218727,49.83645326218727
whitebit,2026-02-22,48.4049810280101,9816832543.632128,27013545.316022396,64.11,3.06,48.4049810280101,48.4049810280101,48.4049810280101,48.4049810280101
whitebit,2026-02-23,48.75507629226213,9887834050.30542,28934240.1235919,64.11,3.06,48.75507629226213,48.75507629226213,48.75507629226213,48.75507629226213
whitebit,2026-02-24,47.819746415577484,9698143308.206875,79927823.53411126,64.11,3.06,47.819746415577484,47.819746415577484,47.819746415577484,47.819746415577484
whitebit,2026-02-25,47.44799249018321,9619828960.70815,69363977.48235746,64.11,3.06,47.44799249018321,47.44799249018321,47.44799249018321,47.44799249018321
whitebit,2026-02-26,50.0453683545507,10146433148.80012,108035665.91489771,64.11,3.06,50.0453683545507,50.0453683545507,50.0453683545507,50.0453683545507
whitebit,2026-02-27,49.52304721260092,10040535306.037683,70513083.82263786,64.11,3.06,49.52304721260092,49.52304721260092,49.52304721260092,49.52304721260092
whitebit,2026-02-28,48.53594345231033,9840405251.16904,77908850.0415436,64.11,3.06,48.53594345231033,48.53594345231033,48.53594345231033,48.53594345231033
whitebit,2026-03-01,49.1246359817069,9959759540.908768,75663373.96251602,64.11,3.06,49.1246359817069,49.1246359817069,49.1246359817069,49.1246359817069
whitebit,2026-03-02,47.87593554566938,9706592146.728119,74558726.28526306,64.11,3.06,47.87593554566938,47.87593554566938,47.87593554566938,47.87593554566938
whitebit,2026-03-03,49.4979827751539,10035453624.209173,95435701.48007078,64.11,3.06,49.4979827751539,49.4979827751539,49.4979827751539,49.4979827751539
whitebit,2026-03-04,48.768016348152486,9887456800.607718,86220974.70493826,64.11,3.06,48.768016348152486,48.768016348152486,48.768016348152486,48.768016348152486
whitebit,2026-03-05,51.69225926598141,10480331551.102093,131845654.35239713,64.11,3.06,51.69225926598141,51.69225926598141,51.69225926598141,51.69225926598141
whitebit,2026-03-06,53.28645553823914,10803546394.640327,91764174.79467408,64.11,3.06,53.28645553823914,53.28645553823914,53.28645553823914,53.28645553823914
whitebit,2026-03-07,53.359525543931326,10818360950.95822,81740511.5982147,64.11,3.06,53.359525543931326,53.359525543931326,53.359525543931326,53.359525543931326
whitebit,2026-03-08,53.8748117269904,10919364355.967009,25674358.50077801,64.11,3.06,53.8748117269904,53.8748117269904,53.8748117269904,53.8748117269904
whitebit,2026-03-09,53.18893544868057,10780350728.8952,49325676.060015924,64.11,3.06,53.18893544868057,53.18893544868057,53.18893544868057,53.18893544868057
whitebit,2026-03-10,53.28969384199446,10800772472.809437,85817861.16114457,64.11,3.06,53.28969384199446,53.28969384199446,53.28969384199446,53.28969384199446
whitebit,2026-03-11,54.20048167461032,10985371246.82857,94715534.04636842,64.11,3.06,54.20048167461032,54.20048167461032,54.20048167461032,54.20048167461032
whitebit,2026-03-12,55.41761048711203,17729106296.24118,57275441.97431998,64.11,3.06,55.41761048711203,55.41761048711203,55.41761048711203,55.41761048711203
whitebit,2026-03-13,53.596196200781755,10859568772.964405,61488833.864691146,64.11,3.06,53.596196200781755,53.596196200781755,53.596196200781755,53.596196200781755
whitebit,2026-03-14,53.913107767172164,11489868479.14665,78601118.157776,64.11,3.06,53.913107767172164,53.913107767172164,53.913107767172164,53.913107767172164
whitebit,2026-03-15,55.43826865378243,11814908135.038292,22463851.641870074,64.11,3.06,55.43826865378243,55.43826865378243,55.43826865378243,55.43826865378243
whitebit,2026-03-16,54.194463943479356,11549830621.850908,44745398.932464674,64.11,3.06,54.194463943479356,54.194463943479356,54.194463943479356,54.194463943479356
whitebit,2026-03-17,56.85876138423271,12117641094.135035,94378730.27957441,64.11,3.06,56.85876138423271,56.85876138423271,56.85876138423271,56.85876138423271
whitebit,2026-03-18,56.20853572588182,11979066124.046455,76405644.75475255,64.11,3.06,56.20853572588182,56.20853572588182,56.20853572588182,56.20853572588182
whitebit,2026-03-19,55.42065828678925,11811155044.018293,82513026.55380668,64.11,3.06,55.42065828678925,55.42065828678925,55.42065828678925,55.42065828678925
whitebit,2026-03-20,53.62892525690749,11429303993.02732,78170963.42910074,64.11,3.06,53.62892525690749,53.62892525690749,53.62892525690749,53.62892525690749
whitebit,2026-03-21,55.05906432333372,11730506215.148703,60196930.680359505,64.11,3.06,55.05906432333372,55.05906432333372,55.05906432333372,55.05906432333372
whitebit,2026-03-22,53.72889718914753,11447109938.322674,26072188.630159616,64.11,3.06,53.72889718914753,53.72889718914753,53.72889718914753,53.72889718914753
whitebit,2026-03-23,51.78329634040969,11032593579.775593,53604130.33886449,64.11,3.06,51.78329634040969,51.78329634040969,51.78329634040969,51.78329634040969
whitebit,2026-03-24,54.171969181218344,11541507814.868904,138883890.27712902,64.11,3.06,54.171969181218344,54.171969181218344,54.171969181218344,54.171969181218344
whitebit,2026-03-25,53.42310340157109,11381959613.48871,81616613.3986402,64.11,3.06,53.42310340157109,53.42310340157109,53.42310340157109,53.42310340157109
whitebit,2026-03-26,53.09756356126598,11312602330.234638,56021304.09330375,64.11,3.06,53.09756356126598,53.09756356126598,53.09756356126598,53.09756356126598
whitebit,2026-03-27,51.2925722382712,10924833844.295055,56019619.75222641,64.11,3.06,51.2925722382712,51.2925722382712,51.2925722382712,51.2925722382712
whitebit,2026-03-28,51.33420195040265,10933700580.123964,59370457.44866028,64.11,3.06,51.33420195040265,51.33420195040265,51.33420195040265,51.33420195040265
whitebit,2026-03-29,51.31210376600401,10928993875.38523,23880473.52265353,64.11,3.06,51.31210376600401,51.31210376600401,51.31210376600401,51.31210376600401
whitebit,2026-03-30,50.999021408355894,10862310287.73053,37274372.390082724,64.11,3.06,50.999021408355894,50.999021408355894,50.999021408355894,50.999021408355894
whitebit,2026-03-31,51.35037479303771,10937145242.983864,60761510.8826763,64.11,3.06,51.35037479303771,51.35037479303771,51.35037479303771,51.35037479303771
whitebit,2026-04-01,52.27490138849393,11130758477.637838,83417963.0316203,64.11,3.06,52.27490138849393,52.27490138849393,52.27490138849393,52.27490138849393
whitebit,2026-04-02,52.10565644104353,11094721592.180498,49155103.676505774,64.11,3.06,52.10565644104353,52.10565644104353,52.10565644104353,52.10565644104353
whitebit,2026-04-03,51.23110856928493,10908506393.698654,74919195.59594847,64.11,3.06,51.23110856928493,51.23110856928493,51.23110856928493,51.23110856928493
whitebit,2026-04-04,51.163253348441124,10894058158.415606,40567197.8912306,64.11,3.06,51.163253348441124,51.163253348441124,51.163253348441124,51.163253348441124
whitebit,2026-04-05,51.36889065318634,10937843973.64079,15888816.303765977,64.11,3.06,51.36889065318634,51.36889065318634,51.36889065318634,51.36889065318634
whitebit,2026-04-06,52.48451327024434,11175390589.183449,22939925.497274693,64.11,3.06,52.48451327024434,52.48451327024434,52.48451327024434,52.48451327024434
whitebit,2026-04-07,52.009573143678324,11074262826.151289,68364953.0780544,64.11,3.06,52.009573143678324,52.009573143678324,52.009573143678324,52.009573143678324
whitebit,2026-04-08,53.61537633223052,11416182312.93447,105372717.68133344,64.11,3.06,53.61537633223052,53.61537633223052,53.61537633223052,53.61537633223052
whitebit,2026-04-09,52.6761480429067,11213071502.233263,67184195.82028475,64.11,3.06,52.6761480429067,52.6761480429067,52.6761480429067,52.6761480429067
whitebit,2026-04-10,52.617456512049095,11200577947.625856,62491985.128647484,64.11,3.06,52.617456512049095,52.617456512049095,52.617456512049095,52.617456512049095
whitebit,2026-04-11,53.08549493506095,11300208397.041967,51189047.22298709,64.11,3.06,53.08549493506095,53.08549493506095,53.08549493506095,53.08549493506095
whitebit,2026-04-12,53.1748754377997,11319234654.757296,22116726.03624275,64.11,3.06,53.1748754377997,53.1748754377997,53.1748754377997,53.1748754377997
whitebit,2026-04-13,51.83409803568236,11033825917.84141,46458267.668619245,64.11,3.06,51.83409803568236,51.83409803568236,51.83409803568236,51.83409803568236
whitebit,2026-04-14,54.73008739899782,11650289668.647804,74147060.53379999,64.11,3.06,54.73008739899782,54.73008739899782,54.73008739899782,54.73008739899782
whitebit,2026-04-15,54.4639485987327,11590297533.272318,51505885.847919926,64.11,3.06,54.4639485987327,54.4639485987327,54.4639485987327,54.4639485987327
whitebit,2026-04-16,54.540526776096556,11606593888.623672,52371183.70634135,64.11,3.06,54.540526776096556,54.540526776096556,54.540526776096556,54.540526776096556
whitebit,2026-04-17,54.705444072025045,11641689407.354357,61361034.38474323,64.11,3.06,54.705444072025045,54.705444072025045,54.705444072025045,54.705444072025045
whitebit,2026-04-18,56.01615834376199,11920618291.1645,61697287.44702744,64.11,3.06,56.01615834376199,56.01615834376199,56.01615834376199,56.01615834376199
whitebit,2026-04-19,54.90349259661467,11683835476.177444,31019587.65989936,64.11,3.06,54.90349259661467,54.90349259661467,54.90349259661467,54.90349259661467
whitebit,2026-04-20,53.5168898663163,11388757013.853474,52729490.51551648,64.11,3.06,53.5168898663163,53.5168898663163,53.5168898663163,53.5168898663163
whitebit,2026-04-21,54.774689159528734,11656425231.464325,83268426.50164396,64.11,3.06,54.774689159528734,54.774689159528734,54.774689159528734,54.774689159528734
whitebit,2026-04-22,55.076965017537134,12315582799.744122,78316040.36996202,64.11,3.06,55.076965017537134,55.076965017537134,55.076965017537134,55.076965017537134
whitebit,2026-04-23,55.59440378187097,11827257205.725452,90458276.16629615,64.11,3.06,55.59440378187097,55.59440378187097,55.59440378187097,55.59440378187097
whitebit,2026-04-24,55.29626044013882,11763829634.837633,89009094.29018955,64.11,3.06,55.29626044013882,55.29626044013882,55.29626044013882,55.29626044013882
whitebit,2026-04-25,54.74453442357771,11646454412.494003,80467138.56703039,64.11,3.06,54.74453442357771,54.74453442357771,54.74453442357771,54.74453442357771
whitebit,2026-04-26,54.79540575016551,11657276873.44369,23113553.147708666,64.11,3.06,54.79540575016551,54.79540575016551,54.79540575016551,54.79540575016551
whitebit,2026-04-27,55.44399226949693,11795258379.898848,40855693.02823218,64.11,3.06,55.44399226949693,55.44399226949693,55.44399226949693,55.44399226949693
whitebit,2026-04-28,54.616882487140785,11619297501.324093,70135396.15529394,64.11,3.06,54.616882487140785,54.616882487140785,54.616882487140785,54.616882487140785
whitebit,2026-04-29,53.901225599768274,11463701940.044462,45912964.67861948,64.11,3.06,53.901225599768274,53.901225599768274,53.901225599768274,53.901225599768274
whitebit,2026-04-30,53.85291440993714,11453427125.79988,46858118.660541,64.11,3.06,53.85291440993714,53.85291440993714,53.85291440993714,53.85291440993714
whitebit,2026-05-01,57.17627970868855,12160239796.548069,93149624.78963137,64.11,3.06,57.17627970868855,57.17627970868855,57.17627970868855,57.17627970868855
whitebit,2026-05-02,58.33977542240092,12407691833.530605,61412689.34724197,64.11,3.06,58.33977542240092,58.33977542240092,58.33977542240092,58.33977542240092
whitebit,2026-05-03,58.63445449387162,12470364119.84173,29712080.410925858,64.11,3.06,58.63445449387162,58.63445449387162,58.63445449387162,58.63445449387162
whitebit,2026-05-04,58.61228144872585,12465648361.010166,34511437.2782979,64.11,3.06,58.61228144872585,58.61228144872585,58.61228144872585,58.61228144872585
whitebit,2026-05-05,59.38131397957424,12629206046.7167,134448914.60106567,64.11,3.06,59.38131397957424,59.38131397957424,59.38131397957424,59.38131397957424
whitebit,2026-05-06,59.78408541616193,12711178777.456125,68721601.37773599,64.11,3.06,59.78408541616193,59.78408541616193,59.78408541616193,59.78408541616193
whitebit,2026-05-07,59.55871704099144,12663261381.252176,89772004.56249641,64.11,3.06,59.55871704099144,59.55871704099144,59.55871704099144,59.55871704099144
whitebit,2026-05-08,58.91760164932487,12526948643.443705,128097835.15710089,64.11,3.06,58.91760164932487,58.91760164932487,58.91760164932487,58.91760164932487
whitebit,2026-05-09,59.11409207334281,12568726064.480825,83681575.48290855,64.11,3.06,59.11409207334281,59.11409207334281,59.11409207334281,59.11409207334281
whitebit,2026-05-10,59.51648814663295,12654282753.879549,39553957.17997141,64.11,3.06,59.51648814663295,59.51648814663295,59.51648814663295,59.51648814663295
whitebit,2026-05-11,60.457090334066464,12854271805.81044,66808710.19215109,64.11,3.06,60.457090334066464,60.457090334066464,60.457090334066464,60.457090334066464
whitebit,2026-05-12,60.049192095699766,12767545256.515654,102875009.7317526,64.11,3.06,60.049192095699766,60.049192095699766,60.049192095699766,60.049192095699766
whitebit,2026-05-13,58.97888739193057,12536466791.020853,96867266.70577055,64.11,3.06,58.97888739193057,58.97888739193057,58.97888739193057,58.97888739193057
whitebit,2026-05-14,58.29536353149387,12391177950.2821,65778171.304014444,64.11,3.06,58.29536353149387,58.29536353149387,58.29536353149387,58.29536353149387
whitebit,2026-05-15,59.456153160624325,12637913710.830652,122399406.46708727,64.11,3.06,59.456153160624325,59.456153160624325,59.456153160624325,59.456153160624325
whitebit,2026-05-16,58.3393790895924,12400533833.493725,135214800.21607223,64.11,3.06,58.3393790895924,58.3393790895924,58.3393790895924,58.3393790895924
whitebit,2026-05-17,57.509549461755505,12224146450.963924,41761452.62429486,64.11,3.06,57.509549461755505,57.509549461755505,57.509549461755505,57.509549461755505
whitebit,2026-05-18,57.04227172022236,12124822571.725826,85178681.49606773,64.11,3.06,57.04227172022236,57.04227172022236,57.04227172022236,57.04227172022236
whitebit,2026-05-19,56.75160274972752,12063038396.796013,114282172.39396545,64.11,3.06,56.75160274972752,56.75160274972752,56.75160274972752,56.75160274972752
whitebit,2026-05-20,56.559944642534894,12022299827.414677,108188726.3499662,64.11,3.06,56.559944642534894,56.559944642534894,56.559944642534894,56.559944642534894
whitebit,2026-05-21,57.08427119805824,12133749919.839922,107188798.140921,64.11,3.06,57.08427119805824,57.08427119805824,57.08427119805824,57.08427119805824
whitebit,2026-05-22,57.12940034121529,12143342505.077007,107877782.14685681,64.11,3.06,57.12940034121529,57.12940034121529,57.12940034121529,57.12940034121529
whitebit,2026-05-23,55.55039593026437,647637130.0311837,96329354.34250037,64.11,3.06,55.55039593026437,55.55039593026437,55.55039593026437,55.55039593026437
whitebit,2026-05-24,56.587203117357355,659724799.6112088,126545950.90165965,64.11,3.06,56.587203117357355,56.587203117357355,56.587203117357355,56.587203117357355
whitebit,2026-05-25,56.674499041563415,657609350.6000849,89809946.06238846,64.11,3.06,56.674499041563415,56.674499041563415,56.674499041563415,56.674499041563415
whitebit,2026-05-26,56.79535746969222,659011703.223935,77381484.16968074,64.11,3.06,56.79535746969222,56.79535746969222,56.79535746969222,56.79535746969222
whitebit,2026-05-27,55.776813924333844,647193270.4058555,104863007.01581392,64.11,3.06,55.776813924333844,55.776813924333844,55.776813924333844,55.776813924333844
whitebit,2026-05-28,54.57863601186342,633290492.0443708,128042313.90475844,64.11,3.06,54.57863601186342,54.57863601186342,54.57863601186342,54.57863601186342
whitebit,2026-05-29,53.81385767021934,6368627570.027797,53722307.10460009,64.11,3.06,53.81385767021934,53.81385767021934,53.81385767021934,53.81385767021934
whitebit,2026-05-30,53.820989861930705,6369471632.7791815,52520264.22687824,64.11,3.06,53.820989861930705,53.820989861930705,53.820989861930705,53.820989861930705
whitebit,2026-05-31,53.88498867100785,6377045603.454827,24781596.75346391,64.11,3.06,53.88498867100785,53.88498867100785,53.88498867100785,53.88498867100785
whitebit,2026-06-01,53.8554239761611,6373546755.038229,25463022.05651903,64.11,3.06,53.8554239761611,53.8554239761611,53.8554239761611,53.8554239761611
whitebit,2026-06-02,52.29845463475898,6189286449.187141,41505961.00989381,64.11,3.06,52.29845463475898,52.29845463475898,52.29845463475898,52.29845463475898
whitebit,2026-06-03,48.58067345249023,5746579200.097733,71303548.1497136,64.11,3.06,48.58067345249023,48.58067345249023,48.58067345249023,48.58067345249023
whitebit,2026-06-04,46.99356770752367,5558841397.918027,84285436.7698061,64.11,3.06,46.99356770752367,46.99356770752367,46.99356770752367,46.99356770752367
whitebit,2026-06-05,45.72525946471369,5408813964.177897,13772281.613472383,64.11,3.06,45.72525946471369,45.72525946471369,45.72525946471369,45.72525946471369
whitebit,2026-06-06,43.28112836793899,5119699138.777766,93247945.41992697,64.11,3.06,43.28112836793899,43.28112836793899,43.28112836793899,43.28112836793899
whitebit,2026-06-07,43.09246960964069,5097382805.5673275,23106369.223659597,64.11,3.06,43.09246960964069,43.09246960964069,43.09246960964069,43.09246960964069
whitebit,2026-06-08,44.82090601706647,5301838528.424243,20494891.43469502,64.11,3.06,44.82090601706647,44.82090601706647,44.82090601706647,44.82090601706647
whitebit,2026-06-09,44.79935269721747,5299288998.935763,35641273.582264796,64.11,3.06,44.79935269721747,44.79935269721747,44.79935269721747,44.79935269721747
whitebit,2026-06-10,50.96369027536066,6028464854.09515,55844087.06613226,64.11,3.06,50.96369027536066,50.96369027536066,50.96369027536066,50.96369027536066
whitebit,2026-06-11,50.457722879557366,5968614269.366342,50859496.518590346,64.11,3.06,50.457722879557366,50.457722879557366,50.457722879557366,50.457722879557366
whitebit,2026-06-12,51.783985440623354,6125497085.219927,32271497.0450519,64.11,3.06,51.783985440623354,51.783985440623354,51.783985440623354,51.783985440623354
whitebit,2026-06-13,51.819378273414664,6129683682.529039,35475506.58839217,64.11,3.06,51.819378273414664,51.819378273414664,51.819378273414664,51.819378273414664
whitebit,2026-06-14,52.41689747046316,6200363875.81158,23234713.2273677,64.11,3.06,52.41689747046316,52.41689747046316,52.41689747046316,52.41689747046316
whitebit,2026-06-15,53.17287771115021,6286953314.133183,10806308.03694984,64.11,3.06,53.17287771115021,53.17287771115021,53.17287771115021,53.17287771115021
whitebit,2026-06-16,54.26028804297058,6415524463.255457,48999636.82063079,64.11,3.06,54.26028804297058,54.26028804297058,54.26028804297058,54.26028804297058
whitebit,2026-06-17,53.84871311156263,6366861451.389039,41696187.73372458,64.11,3.06,53.84871311156263,53.84871311156263,53.84871311156263,53.84871311156263
whitebit,2026-06-18,53.15398064427533,6284718998.776738,37858888.75680131,64.11,3.06,53.15398064427533,53.15398064427533,53.15398064427533,53.15398064427533
whitebit,2026-06-19,51.93066338865769,6140078745.973026,34726196.61432615,64.11,3.06,51.93066338865769,51.93066338865769,51.93066338865769,51.93066338865769
whitebit,2026-06-20,52.09813183100099,6159879560.296494,25749653.922571488,64.11,3.06,52.09813183100099,52.09813183100099,52.09813183100099,52.09813183100099
whitebit,2026-06-21,52.7229204923064,6233752130.559945,19959556.36897616,64.11,3.06,52.7229204923064,52.7229204923064,52.7229204923064,52.7229204923064
whitebit,2026-06-22,51.87814992110281,6133869758.739454,18596996.464346614,64.11,3.06,51.87814992110281,51.87814992110281,51.87814992110281,51.87814992110281
whitebit,2026-06-23,52.17833226004862,6166501259.904523,28822235.67222005,64.11,3.06,52.17833226004862,52.17833226004862,52.17833226004862,52.17833226004862
whitebit,2026-06-24,50.904667457654384,6015977943.645262,31071103.36756993,64.11,3.06,50.904667457654384,50.904667457654384,50.904667457654384,50.904667457654384
whitebit,2026-06-25,49.377527908024085,5835498661.365562,41580775.98598559,64.11,3.06,49.377527908024085,49.377527908024085,49.377527908024085,49.377527908024085
whitebit,2026-06-26,48.35313103104478,5714434143.606496,43576211.38191535,64.11,3.06,48.35313103104478,48.35313103104478,48.35313103104478,48.35313103104478
whitebit,2026-06-27,48.43771752918935,14244625147.821243,209091056.24294874,64.11,3.06,48.43771752918935,48.43771752918935,48.43771752918935,48.43771752918935
whitebit,2026-06-28,47.840782014234044,14069077597.653631,60814949.58312238,64.11,3.06,47.840782014234044,47.840782014234044,47.840782014234044,47.840782014234044
whitebit,2026-06-29,47.505383946317224,13970443310.232893,77441848.39508174,64.11,3.06,47.505383946317224,47.505383946317224,47.505383946317224,47.505383946317224
whitebit,2026-06-30,47.856243570284924,5655711355.428145,132249491.97544892,64.11,3.06,47.856243570284924,47.856243570284924,47.856243570284924,47.856243570284924
whitebit,2026-07-01,53.91984664954487,6372315631.729378,175820982.9651662,64.11,3.06,53.91984664954487,53.91984664954487,53.91984664954487,53.91984664954487
whitebit,2026-07-02,54.61428488079825,6454385219.668827,127432574.80991252,64.11,3.06,54.61428488079825,54.61428488079825,54.61428488079825,54.61428488079825
whitebit,2026-07-03,55.299408848452714,6535354036.162926,15678441.32764267,64.11,3.06,55.299408848452714,55.299408848452714,55.299408848452714,55.299408848452714
whitebit,2026-07-04,56.55187829680792,6683372458.6909275,21994659.891801707,64.11,3.06,56.55187829680792,56.55187829680792,56.55187829680792,56.55187829680792
whitebit,2026-07-05,56.91593758340789,6726397445.35225,18888663.68504166,64.11,3.06,56.91593758340789,56.91593758340789,56.91593758340789,56.91593758340789
whitebit,2026-07-06,57.13981421310396,6752855468.429791,13746476.641788173,64.11,3.06,57.13981421310396,57.13981421310396,57.13981421310396,57.13981421310396
whitebit,2026-07-07,57.380336461955046,6781280691.819136,24029266.463898927,64.11,3.06,57.380336461955046,57.380336461955046,57.380336461955046,57.380336461955046
whitebit,2026-07-08,56.246772321770024,6647314648.906996,22067283.961762466,64.11,3.06,56.246772321770024,56.246772321770024,56.246772321770024,56.246772321770024
whitebit,2026-07-09,55.0610074520986,6507179457.802432,21937285.129440818,64.11,3.06,55.0610074520986,55.0610074520986,55.0610074520986,55.0610074520986
whitebit,2026-07-10,55.71064438601978,16377587714.330423,18570763.06746064,64.11,3.06,55.71064438601978,55.71064438601978,55.71064438601978,55.71064438601978
whitebit,2026-07-11,55.96041355909365,16451013835.773376,10979964.29027046,64.11,3.06,55.96041355909365,55.96041355909365,55.96041355909365,55.96041355909365
whitebit,2026-07-12,55.88702891026871,16429440516.414726,10511423.952303587,64.11,3.06,55.88702891026871,55.88702891026871,55.88702891026871,55.88702891026871
whitebit,2026-07-13,55.86259004379676,16422256078.257631,12915616.049590515,64.11,3.06,55.86259004379676,55.86259004379676,55.86259004379676,55.86259004379676
whitebit,2026-07-14,54.586604249408,16047146985.549208,20729238.896867145,64.11,3.06,54.586604249408,54.586604249408,54.586604249408,54.586604249408
whitebit,2026-07-15,56.63195422778912,16648430618.98438,13307993.859261062,64.11,3.06,56.63195422778912,56.63195422778912,56.63195422778912,56.63195422778912
whitebit,2026-07-16,56.75623148755559,16684965140.262197,16853188.14938129,64.11,3.06,56.75623148755559,56.75623148755559,56.75623148755559,56.75623148755559
whitebit,2026-07-17,55.75445891539222,16390468130.736794,16176361.694426902,64.11,3.06,55.75445891539222,55.75445891539222,55.75445891539222,55.75445891539222
whitebit,2026-07-18,55.6828239413238,16369409173.617393,17665853.508773036,64.11,3.06,55.6828239413238,55.6828239413238,55.6828239413238,55.6828239413238
whitebit,2026-07-19,56.28632463964614,16546823844.213345,5217405.85095809,64.11,3.06,56.28632463964614,56.28632463964614,56.28632463964614,56.28632463964614
whitebit,2026-07-20,56.26664753623865,16541039249.714901,7961648.909322428,64.11,3.06,56.26664753623865,56.26664753623865,56.26664753623865,56.26664753623865
whitebit,2026-07-21,56.692285123863975,16666166449.421085,25037510.487965293,64.11,3.06,56.692285123863975,56.692285123863975,56.692285123863975,56.692285123863975
whitebit,2026-07-22,57.694880643380436,16960905385.648434,6302980.25358216,64.11,3.06,57.694880643380436,57.694880643380436,57.694880643380436,57.694880643380436
whitebit,2026-07-23,57.369156870373686,16865150441.115797,6857965.24301026,64.11,3.06,57.369156870373686,57.369156870373686,57.369156870373686,57.369156870373686
whitebit,2026-07-24,56.59029219374459,16636182984.363714,16229749.465445846,64.11,3.06,56.59029219374459,56.59029219374459,56.59029219374459,56.59029219374459
whitebit,2026-07-25,55.87916288546752,16427128094.568518,62877424.34846914,64.11,3.06,55.87916288546752,55.87916288546752,55.87916288546752,55.87916288546752
whitebit,2026-07-26,56.111045406101695,16495295970.976337,23426953.44086192,64.11,3.06,56.111045406101695,56.111045406101695,56.111045406101695,56.111045406101695
